request_symbol,name,start_date,asset_class_refined,management_style,primary_strategy,sector_theme,cagr,spy_cagr,excess_cagr,sortino,spy_sortino,excess_sortino,calmar,spy_calmar,excess_calmar,martin,spy_martin,excess_martin,direction,spy_direction,breadth,spy_breadth,dbf_signed,spy_dbf_signed,excess_dbf_signed,dbf,spy_dbf,beat_spy_dbf_signed,relative_cash_return,relative_cash_cagr,relative_cash_ulcer_index,rwm_score,spy_relative_cash_return,spy_relative_cash_cagr,spy_relative_cash_ulcer_index,spy_rwm_score,beat_spy_rwm_score,excess_rwm_score,beat_spy_cagr_and_rwm,beat_spy_cagr_and_martin,beat_spy_all_four,joint_excess_score
CLSE,Convergence Long/Short Equity ETF,2022-02-22,alternatives,active_identified,long_short_market_neutral,not_sector_specific,0.20313448314621674,0.1529112180369483,0.050223265109268445,2.026854843484932,1.33210886697911,0.6947459765058219,1.2352219433074485,0.6920673003434886,0.5431546429639599,4.044982449202576,2.0757504771351747,1.969231972067401,0.11106043908024178,0.07393784262315792,0.5789471972658564,0.4937884386342834,0.06429812993262136,0.036509651864876515,0.02778847806774485,0.06429812993262136,0.036509651864876515,True,0.9156655179402011,0.15426419575517225,0.05855166502851986,2.634667958290031,0.5790971517288075,0.10608095645680748,0.08231878721724098,1.2886603416162783,True,1.346007616673753,True,True,True,0.9860349127182044
PVAL,Putnam Focused Large Cap Value ETF,2021-05-26,equity,active_identified,factor_or_style,not_sector_specific,0.16841682067070596,0.13744698244648923,0.030969838224216728,1.6187031660519071,1.236308979727142,0.3823941863247651,1.0118430530306954,0.5610907956074926,0.4507522574232028,3.7763025457770376,1.6706192280550123,2.1056833177220255,0.08920150439285018,0.0683283774932142,0.5356036033065317,0.49959518317190643,0.047776647173173974,0.03413652826956152,0.013640118903612455,0.047776647173173974,0.03413652826956152,True,0.8826485217941258,0.1274040982518292,0.049526883673239666,2.5724230721317944,0.6338669512917436,0.09752133559514675,0.09172196614237546,1.0632277053870522,True,1.5091953667447422,True,True,True,0.9812967581047382
FFLC,Fidelity Fundamental Large Cap Core ETF,2020-06-05,equity,active_identified,factor_or_style,not_sector_specific,0.1961065603354446,0.1674215958262646,0.02868496450918001,1.6289106588529214,1.4456746714852196,0.18323598736770186,0.9946344519238719,0.6834541925327974,0.3111802593910745,4.456336131159404,2.1906218064844034,2.2657143246750002,0.08851989001794582,0.08108174618724771,0.5329344763124748,0.5094905278366169,0.04717530122995182,0.04131038166285544,0.00586491956709638,0.04717530122995182,0.04131038166285544,True,1.533218580251313,0.16040421035490993,0.04689084618677431,3.4208000793159576,1.176738854161735,0.13257545772186807,0.08502335022036757,1.5592829190834363,True,1.8615171602325213,True,True,True,0.9802992518703242
CGDV,Capital Group Dividend Value ETF,2022-02-24,equity,active_identified,dividend_or_income,not_sector_specific,0.1874250926213139,0.15386435574419122,0.03356073687712269,1.771931898274405,1.3416499164910365,0.4302819817833685,0.8592000758968855,0.6963811463017875,0.16281892959509803,3.3130111148375074,2.086909200273513,1.2261019145639946,0.09900765873946028,0.07455812358152718,0.5098996352374474,0.492919186858662,0.05048396907696447,0.036751129649514006,0.013732839427450468,0.05048396907696447,0.036751129649514006,True,0.8032211957463515,0.13913687169574196,0.06179355872720101,2.2516403742012523,0.5837865850639701,0.10694092682682066,0.08238942870838711,1.2979933045212904,True,0.9536470696799619,True,True,True,0.9798004987531173
PWRD,TCW Transform Systems ETF,2022-02-03,equity,active_identified,other_equity,not_sector_specific,0.19332230575648235,0.14132799363845439,0.05199431211802796,1.2404511059943235,1.2415008614992853,-0.0010497555049617802,0.7473019875925602,0.6396422988187378,0.10765968877382237,2.6885429380589683,1.916814872251803,0.7717280658071652,0.06539099099647241,0.06847468219978953,0.5304018687171979,0.4960105749150257,0.034683503821798425,0.03396416648504128,0.0007193373367571435,0.034683503821798425,0.03396416648504128,True,0.8628562460334606,0.14537898489449685,0.08114962153836876,1.7914930733935646,0.5188180747771463,0.09547361385872977,0.0822923626146323,1.1601758756863512,True,0.6313171977072134,True,True,False,0.9785536159600998
DARP,Grizzle Growth ETF,2021-12-17,equity,active_identified,factor_or_style,not_sector_specific,0.20413568579185615,0.1300899124877115,0.07404577330414464,1.1843358283824161,1.154367362882395,0.02996846550002119,0.6744221799317258,0.5310575117693579,0.14336466816236793,1.9994890284898637,1.4966161829766147,0.502872845513249,0.058405122444403046,0.0631015970870655,0.5661011749459238,0.49919037780426584,0.03306320843863711,0.03149971008994479,0.0015634983486923215,0.03306320843863711,0.03149971008994479,True,0.9892592530866327,0.15705375454926385,0.11058463315392955,1.4202131893917944,0.47483510982422406,0.08590318487428283,0.09694457145031517,0.8861061902605746,True,0.5341069991312198,True,True,True,0.9770573566084788
DFIV,Dimensional International Value ETF,2021-09-13,equity,active_identified,factor_or_style,not_sector_specific,0.16357206189695894,0.1310492324462229,0.032522829450736035,1.460369987822868,1.1660837274835976,0.2942862603392704,0.6435423529737133,0.5349736806745055,0.10856867229920786,2.4181632870455108,1.5486486973642548,0.869514589681256,0.07916673192829993,0.06368842798956811,0.5404255636319905,0.5036454913223002,0.04278372572325418,0.032076389606350966,0.010707336116903214,0.04278372572325418,0.032076389606350966,True,0.7601466736767863,0.12036302311958935,0.07401920817230324,1.6261052514829144,0.5286234600515769,0.08904792307806231,0.09435781576194255,0.943725989829219,True,0.6823792616536954,True,True,True,0.9758104738154614
AVLV,Avantis U.S. Large Cap Value ETF,2021-09-23,equity,active_identified,factor_or_style,not_sector_specific,0.14952350172879703,0.13283738584820748,0.016686115880589547,1.313010137977837,1.1802280035377184,0.13278213444011855,0.7666984624728469,0.5422733419484689,0.22442512052437802,2.719537926039077,1.5652495390513184,1.1542883869877585,0.07147732888237887,0.06458447950935821,0.5224339576135906,0.5025628020954634,0.0373421838076694,0.032457756994100105,0.0048844268135692925,0.0373421838076694,0.032457756994100105,True,0.6506595097294257,0.10660935682546402,0.06277061186170145,1.6983960115021617,0.5354657306711432,0.09054616896130607,0.09463671437402413,0.9567763373889825,True,0.7416196741131792,True,True,True,0.9655860349127182
AVIV,Avantis International Large Cap Value ETF,2021-09-30,equity,active_identified,factor_or_style,not_sector_specific,0.1441371385088639,0.1408148894912824,0.003322249017581491,1.3031812796488698,1.2423267727357832,0.06085450691308658,0.5205316904787368,0.5748393814960975,-0.05430769101736066,1.8954150434351524,1.6564644093915788,0.23895063404357364,0.069170493982397,0.06823133237023804,0.5416845964092505,0.5024899349609341,0.03746859111628321,0.03428555776501879,0.003183033351264415,0.03746859111628321,0.03428555776501879,True,0.608613455362885,0.1012644754190064,0.08519523572857572,1.1886166468466126,0.5857248110249005,0.09806671642804621,0.09480203460424645,1.0344368328952882,True,0.1541798139513244,True,True,False,0.9306733167082295
TSPA,T. Rowe Price U.S. Equity Research ETF,2021-06-14,equity,active_identified,other_equity,not_sector_specific,0.1413669929112671,0.1357143538448895,0.005652639066377585,1.2587880475163629,1.2178418496122623,0.04094619790410059,0.5719441749630387,0.5540177995819717,0.017926375381067006,1.700706957523021,1.642080639902858,0.058626317620162904,0.06879187685496015,0.06704796304640402,0.5158167456747237,0.5017025352040297,0.03548400204818189,0.033638133040647,0.0018458690075348894,0.03548400204818189,0.033638133040647,True,0.6524400642775974,0.10091839108248069,0.0916607138062558,1.100999401944359,0.6101336079770927,0.09546607439120058,0.09213974848443454,1.0361008789526702,True,0.06489852299168875,True,True,True,0.9209476309226933
CGUS,Capital Group Core Equity ETF,2022-02-24,equity,active_identified,other_equity,not_sector_specific,0.15463865699063994,0.15386435574419122,0.0007743012464487276,1.41216792197118,1.3416499164910365,0.07051800548014353,0.698039674710692,0.6963811463017875,0.0016585284089044583,2.210077914661544,2.086909200273513,0.12316871438803112,0.07860633517802713,0.07455812358152718,0.5066597675849015,0.492919186858662,0.03982666751200009,0.036751129649514006,0.0030755378624860857,0.03982666751200009,0.036751129649514006,True,0.5886022599168252,0.10768374008309323,0.07725971242803698,1.3937890356943083,0.5837865850639701,0.10694092682682066,0.08238942870838711,1.2979933045212904,True,0.09579573117301798,True,True,True,0.9164588528678305
AVUS,Avantis U.S. Equity ETF,2019-09-26,equity,active_identified,other_equity,not_sector_specific,0.16356722883481734,0.16340263477337125,0.00016459406144608835,1.1856656829189391,1.2265110589316177,-0.04084537601267857,0.441553510773622,0.4846263214800502,-0.04307281070642821,2.0920876647306894,2.0033290496209246,0.0887586151097648,0.07009917493747043,0.07339223759204433,0.43555912621023074,0.4295767012608844,0.030532335383822728,0.031527595322945474,-0.0009952599391227467,0.030532335383822728,0.031527595322945474,False,1.3500261916610161,0.1310039223710009,0.08579395008264654,1.526959910865544,1.3477199247505425,0.13084393459850174,0.08897344940738186,1.4705952783667844,True,0.05636463249875967,True,True,False,0.9087281795511222
THRO,iShares U.S. Thematic Rotation Active ETF,2021-12-16,equity,active_identified,thematic_equity,not_sector_specific,0.13472374710942914,0.12744954381280138,0.007274203296627757,1.1266095627932906,1.133953828533991,-0.007344265740700351,0.5075105231358049,0.5202789080187868,-0.012768384882981931,1.4507446275298639,1.4668217707414066,-0.016077143211542744,0.05934363881652263,0.061858172001592916,0.5272208621976738,0.4995330365334949,0.03128720442279441,0.030900200494366925,0.00038700392842748454,0.03128720442279441,0.030900200494366925,True,0.504081783854551,0.09038056261095084,0.1028678815515451,0.8786081840876921,0.45913535423560803,0.08339062351491244,0.09690563984380172,0.8605342645621701,True,0.018073919525522064,True,False,False,0.9117206982543641
TEQI,T. Rowe Price Equity Income ETF,2020-08-05,equity,active_identified,dividend_or_income,not_sector_specific,0.15324914201339013,0.1640193400640073,-0.010770198050617186,1.5250526000192897,1.4434501087419584,0.08160249127733121,0.8599203794236434,0.6695653871292427,0.19035499229440067,3.10955958561102,2.1216349535262786,0.9879246320847415,0.08178616747297474,0.08025925619107911,0.5429661454708415,0.5097186045276314,0.04440712010563381,0.04090963606614251,0.003497484039491301,0.04440712010563381,0.04090963606614251,True,0.9696407593838388,0.11792281629256407,0.06175735512299992,1.9094537979759885,1.0841833494147606,0.12836310165514786,0.08603818207878544,1.491931820893256,True,0.41752197708273253,False,False,False,0.901995012468828
MBOX,Freedom Day Dividend ETF,2021-05-05,equity,active_identified,dividend_or_income,not_sector_specific,0.12643488011377202,0.13756405942580252,-0.011129179312030502,1.3235434747608534,1.2372158973173435,0.08632757744350994,0.7698454423518648,0.561568731276221,0.20827671107564383,2.683349812405257,1.6809654895402035,1.0023843228650535,0.07136794785625594,0.06828722171956059,0.5468593470321327,0.5013908041413235,0.03902822936369542,0.034238585010547336,0.004789644353148083,0.03902822936369542,0.034238585010547336,True,0.562727028617485,0.08730738862634002,0.05782794123219539,1.5097786081606535,0.646856319929844,0.09804998822880973,0.09122972816501707,1.07475918432483,True,0.43501942383582337,False,False,False,0.9007481296758104
DYNF,iShares U.S. Equity Factor Rotation Active ETF,2019-03-21,equity,active_identified,factor_or_style,not_sector_specific,0.16779864764942642,0.15925005542472848,0.008548592224697948,1.2535772380291634,1.2153444456110394,0.03823279241812405,0.4833187120084704,0.4723104291618025,0.011008282846667883,1.9124152877714307,2.016753122931714,-0.1043378351602835,0.0741740313101765,0.07290530134340416,0.4453414594001998,0.4306183794689065,0.03303277135327012,0.031394362719188995,0.0016384086340811219,0.03303277135327012,0.031394362719188995,True,1.5799319360368633,0.13550677671606692,0.09342664129968087,1.450408307855222,1.4423660628965314,0.12719456945151397,0.08611435775166121,1.4770425370682196,False,-0.02663422921299774,False,False,False,0.8970074812967581
DFAU,Dimensional US Core Equity Market ETF,2020-11-19,equity,active_identified,other_equity,not_sector_specific,0.15405955831958562,0.15713108592999125,-0.0030715276104056333,1.380212473931975,1.4088815640544854,-0.0286690901225104,0.6524221196619031,0.6414459193635073,0.010976200298395855,2.0320801481602078,1.9978801054361455,0.034200042724062296,0.07618756549199728,0.07837509626691515,0.5142415614131893,0.5037676101369255,0.0391788126388743,0.039482834940635314,-0.000304022301761013,0.0391788126388743,0.039482834940635314,False,0.8980110191859296,0.11701710117915498,0.08538306012918297,1.370495517519638,0.9274500280378619,0.11999004035099725,0.0876641551869834,1.368746896551553,True,0.001748620968085035,False,False,False,0.8895261845386534
JAVA,JPMorgan Active Value ETF,2021-10-05,equity,active_identified,factor_or_style,not_sector_specific,0.12402718172725069,0.13910259188035679,-0.015075410153106095,1.26563454360367,1.2291433715472948,0.0364911720563752,0.7498071442032568,0.5678493813394545,0.18195776286380227,2.520684945032076,1.6343539352911864,0.8863310097408894,0.06865938911598914,0.06751538725458602,0.540148424471697,0.5014267410103667,0.03708626085619071,0.03385402059911991,0.0032322402570707995,0.03708626085619071,0.03385402059911991,True,0.47166094626564004,0.08179542574991805,0.059586151250262044,1.3727254409565233,0.5712433078014048,0.09630442518521054,0.09491636923022866,1.0146239891626598,True,0.35810145179386343,False,False,False,0.8865336658354115
DUHP,Dimensional US High Profitability ETF,2022-02-24,equity,active_identified,other_equity,not_sector_specific,0.1388556954312652,0.15386435574419122,-0.015008660312926025,1.3018049775419125,1.3416499164910365,-0.039844938949124,0.692678348767228,0.6963811463017875,-0.0037027975345594877,2.3801895862814186,2.086909200273513,0.29328038600790585,0.07212195840671426,0.07455812358152718,0.5056234442172511,0.492919186858662,0.036466553013296196,0.036751129649514006,-0.00028457663621780926,0.036466553013296196,0.036751129649514006,False,0.49266695100672364,0.09254261365030869,0.06531109357230082,1.4169509127551505,0.5837865850639701,0.10694092682682066,0.08238942870838711,1.2979933045212904,True,0.11895760823386015,False,False,False,0.8753117206982544
DFUS,Dimensional U.S. Equity Market ETF,2021-06-14,equity,active_identified,other_equity,not_sector_specific,0.13313357152871497,0.1357143538448895,-0.0025807823161745347,1.1856545086802852,1.2178418496122623,-0.03218734093197706,0.5407278091071479,0.5540177995819717,-0.01328999047482382,1.5611155099316496,1.642080639902858,-0.08096512997120842,0.06447118565459038,0.06704796304640402,0.5149230637507346,0.5017025352040297,0.03319770044090409,0.033638133040647,-0.0004404325997429126,0.03319770044090409,0.033638133040647,False,0.5911115691612869,0.09297675173433118,0.09498416586247584,0.9788658024217307,0.6101336079770927,0.09546607439120058,0.09213974848443454,1.0361008789526702,False,-0.05723507653093951,False,False,False,0.871072319201995
DIVO,Amplify CWP Enhanced Dividend Income ETF,2016-12-15,equity,active_identified,dividend_or_income,not_sector_specific,0.12876690089312937,0.15230337853625953,-0.02353647764313016,1.2856112710562955,1.2341713236154255,0.05143994744086999,0.4286942743123518,0.45170768630127056,-0.023013411988918764,3.122578341315141,2.0982373632963967,1.0243409780187442,0.08164645902631278,0.07611909565567453,0.4036849468837765,0.4182641518124431,0.03295944647528551,0.031837888981150926,0.0011215574941345827,0.03295944647528551,0.031837888981150926,True,1.5440637268294704,0.10083652950248423,0.045255889801014214,2.2281415733035574,2.109140182807399,0.1237906171399541,0.07897074707688188,1.5675502856701846,True,0.6605912876333728,False,False,False,0.8613466334164589
FBCV,Fidelity Blue Chip Value ETF,2020-06-05,equity,active_identified,factor_or_style,semiconductors,0.14237449435708038,0.1674215958262646,-0.025047101469184208,1.4445791995481945,1.4456746714852196,-0.0010954719370250832,0.9156735829744446,0.6834541925327974,0.2322193904416472,3.099877616091762,2.1906218064844034,0.9092558096073584,0.07960122031641446,0.08108174618724771,0.5287977570074879,0.5094905278366169,0.042092946758378845,0.04131038166285544,0.0007825650955234076,0.042092946758378845,0.04131038166285544,True,0.9008853287751823,0.10827598226888102,0.05866331771093457,1.8457186960071794,1.176738854161735,0.13257545772186807,0.08502335022036757,1.5592829190834363,True,0.2864357769237431,False,False,False,0.854862842892768
RFDA,ALPS Dynamic US Dividend Advantage ETF,2016-09-28,equity,active_identified,dividend_or_income,not_sector_specific,0.1356470590244112,0.1541145921258542,-0.018467533101443,1.181837651991226,1.2553823642286057,-0.0735447122373798,0.3919761620974243,0.4570794587978239,-0.0651032967003996,2.2799874333079537,2.146228186208561,0.1337592470993929,0.07143232792526372,0.07761604594528998,0.44297320768194753,0.41765049312430325,0.03164260743324283,0.03241637986340894,-0.00077377243016611,0.03164260743324283,0.03241637986340894,False,1.7707393338834496,0.10804535712021823,0.0662459022268245,1.6309741959626927,2.252240850533009,0.12606404007977856,0.07811958739621333,1.6137315144842819,True,0.017242681478410793,False,False,False,0.8543640897755611
FLLV,Franklin Liberty U.S. Low Volatility ETF,2016-09-20,equity,active_identified,factor_or_style,not_sector_specific,0.13069923887724877,0.15358752353391347,-0.022888284656664704,1.2300906083151513,1.2481615433615871,-0.018070935046435865,0.38492917092757656,0.4555162568749531,-0.07058708594737656,2.4549506020696286,2.1264731525388414,0.32847744953078717,0.083017217238729,0.0771281166386718,0.35624749084886437,0.4175533478315403,0.029574675338552295,0.03220510331441894,-0.0026304279758666456,0.029574675338552295,0.03220510331441894,False,1.6295310469845967,0.10345255934797315,0.059439763783651046,1.7404604722946067,2.201502020341051,0.12578930055650184,0.07857052457523432,1.600973154201786,True,0.13948731809282067,False,False,False,0.8523690773067332
DFAC,Dimensional U.S. Core Equity 2 ETF,2021-06-14,equity,active_identified,other_equity,not_sector_specific,0.12198084633630502,0.1357143538448895,-0.013733507508584486,1.1127406884391586,1.2178418496122623,-0.10510116117310364,0.527736993779061,0.5540177995819717,-0.0262808058029107,1.5836389743303996,1.642080639902858,-0.058441665572458446,0.05950345626111197,0.06704796304640402,0.5225153899185504,0.5017025352040297,0.03109147164977633,0.033638133040647,-0.0025466613908706713,0.03109147164977633,0.033638133040647,False,0.5109858669241205,0.0822192650089657,0.08775881259393785,0.9368775918766841,0.6101336079770927,0.09546607439120058,0.09213974848443454,1.0361008789526702,False,-0.09922328707598616,False,False,False,0.8403990024937655
DIVY,Sound Equity Dividend Income ETF,2021-01-04,equity,active_identified,dividend_or_income,not_sector_specific,0.12408613323030782,0.1538302686470192,-0.029744135416711392,1.1334708362824153,1.3726458087991307,-0.23917497251671538,0.6808363468546116,0.6279712096063921,0.05286513724821951,2.3416338920995945,1.9364214749647939,0.4052124171348006,0.058950304090473735,0.0761921538687581,0.5608928257357372,0.5042420614788767,0.0330648026392868,0.03841928873529836,-0.005354486096011558,0.0330648026392868,0.03841928873529836,False,0.6060908328968377,0.0872384137806772,0.0759119289901458,1.1492055983981346,0.862178796279661,0.1160075317812792,0.08854748141310503,1.310116673336686,False,-0.1609110749385514,False,False,False,0.829426433915212
SECT,Main Sector Rotation ETF,2017-09-06,equity,active_identified,factor_style_or_income,not_sector_specific,0.13505026300948697,0.15267521630646264,-0.017624953296975665,1.0320893190834184,1.2041148937151014,-0.172025574631683,0.3545491605668835,0.45281049820519625,-0.09826133763831274,1.916240922399894,2.0250590976269085,-0.10881817522701454,0.06098575528357261,0.07295297629807787,0.4251816710029734,0.4280809201683174,0.025930025338847817,0.031229777222698624,-0.005299751883850807,0.025930025338847817,0.031229777222698624,False,1.4655554607432748,0.10554141777031356,0.0778311540202729,1.3560304880334024,1.83205410093684,0.12270816050504596,0.08202829295841867,1.4959248337308264,False,-0.13989434569742398,False,False,False,0.8179551122194514
TDVG,T. Rowe Price Dividend Growth ETF,2020-08-05,equity,active_identified,dividend_or_income,not_sector_specific,0.1313782448990095,0.1640193400640073,-0.0326410951649978,1.4114910804068102,1.4434501087419584,-0.0319590283351483,0.6841065504306129,0.6695653871292427,0.01454116330137012,2.334100999810784,2.1216349535262786,0.21246604628450516,0.07919792596771515,0.08025925619107911,0.5133906987682377,0.5097186045276314,0.04065947855356044,0.04090963606614251,-0.0002501575125820679,0.04065947855356044,0.04090963606614251,False,0.7531637601069376,0.09672186846071273,0.06623802092248374,1.4602167624226468,1.0841833494147606,0.12836310165514786,0.08603818207878544,1.491931820893256,False,-0.03171505847060918,False,False,False,0.8074812967581048
HTUS,Hull Tactical US ETF,2015-06-25,equity,active_identified,other_equity,not_sector_specific,0.12285083795350782,0.1415421289672616,-0.018691291013753775,1.028948679805027,1.177945598549667,-0.14899691874464005,0.25865115227914537,0.41979152533859476,-0.1611403730594494,1.894911808268761,2.039472256529531,-0.14456044826076986,0.07070612075984578,0.07190344595661129,0.26591146830207085,0.42530877598231026,0.018801568389194126,0.03058116658871654,-0.011779598199522415,0.018801568389194126,0.03058116658871654,False,1.85535952336613,0.09824964977434303,0.06961015088282722,1.4114270480425168,2.435023632891334,0.11653142248700243,0.07523673003480305,1.5488634664624215,False,-0.13743641841990462,False,False,False,0.8069825436408977
LEXI,Alexis Practical Tactical ETF,2021-07-02,equity,active_identified,other_equity,not_sector_specific,0.10948795816615742,0.13205653506447534,-0.022568576898317927,1.163669259842806,1.1877059531958145,-0.02403669335300851,0.4974148778706385,0.5390857260423462,-0.041670848171707686,1.4822080896720027,1.5893434618735642,-0.10713537220156155,0.0636846686730145,0.06517937976706047,0.5095096109904719,0.5021626700297651,0.03244795076164471,0.03273065137471114,-0.0002827006130664278,0.03244795076164471,0.03273065137471114,False,0.41792739259721046,0.06981118473515968,0.08638708188344545,0.8081206496747954,0.5736529623293234,0.09157267913594902,0.09263194948179844,0.9885647408720729,False,-0.18044409119727756,False,False,False,0.8049875311720698
DIVS,Guinness Atkinson Dividend Builder ETF,2021-04-01,equity,active_identified,dividend_or_income,not_sector_specific,0.10840996760302524,0.14283744734447912,-0.03442747974145388,0.8856345551739052,1.2848404836017357,-0.39920592842783054,0.36691473237931,0.5830959366769588,-0.2161812042976488,1.9608403925449167,1.7602470355814914,0.20059335696342528,0.06334197575878212,0.0711622368673385,0.170860274342479,0.5011442879461625,0.010822627355540166,0.035662548523538506,-0.02483992116799834,0.010822627355540166,0.035662548523538506,False,0.447612759461288,0.07054514787394939,0.06178678328610392,1.141751425175993,0.7089866320437439,0.10379653722264393,0.0904598226081699,1.1474324648218968,False,-0.005681039645903718,False,False,False,0.7987531172069826
DIVZ,Polen Dividend Income ETF,2021-01-28,equity,active_identified,dividend_or_income,not_sector_specific,0.11243426537525125,0.15089018395064668,-0.03845591857539543,1.316636963194053,1.3496222516744873,-0.03298528848043425,0.7288878541552368,0.6159690948121781,0.11291875934305873,2.354881375811847,1.8883561411377978,0.4665252346740494,0.07121696490513665,0.07479924050399285,0.5714775265247676,0.5035530117687116,0.04069889495058868,0.0376653828337978,0.0030335121167908777,0.04069889495058868,0.0376653828337978,True,0.5035579727616675,0.0755587559212405,0.06557090357135634,1.152321407909456,0.8186916367410155,0.11273991909478642,0.08906871000013547,1.2657634661444512,False,-0.11344205823499531,False,False,False,0.7962593516209476
AVDV,Avantis International Small Cap Value ETF,2019-09-26,equity,active_identified,factor_or_style,not_sector_specific,0.1596991947602966,0.16340263477337125,-0.0037034400130746548,1.192467484681765,1.2265110589316177,-0.034043574249852604,0.3713409108510089,0.4846263214800502,-0.1132854106290413,1.5901784001329946,2.0033290496209246,-0.41315064948793,0.06845987875245944,0.07339223759204433,0.47952681224913113,0.4295767012608844,0.0328283474251289,0.031527595322945474,0.0013007521021834237,0.0328283474251289,0.031527595322945474,True,1.2963375752905857,0.12724413814733526,0.10854534396913419,1.1722671235305886,1.3477199247505425,0.13084393459850174,0.08897344940738186,1.4705952783667844,False,-0.2983281548361958,False,False,False,0.7940149625935162
LCTU,iShares U.S. Carbon Transition Readiness Aware Active ETF,2021-04-08,equity,active_identified,thematic_equity,not_sector_specific,0.12851775644052532,0.1392515177864846,-0.01073376134595927,1.16403238164202,1.255120052409422,-0.09108767076740198,0.49570813932030255,0.568457331791829,-0.07274919247152645,1.388878693286562,1.7135380644754743,-0.3246593711889123,0.06344335666152714,0.06938309393803017,0.5116747917065959,0.5013248175217689,0.03246236630495418,0.034783466907578726,-0.002321100602624547,0.03246236630495418,0.034783466907578726,False,0.5922900862656588,0.08983450021467099,0.10299267668421735,0.8722416302482336,0.6759191316353217,0.10020033040665144,0.09059275266227405,1.106052387879128,False,-0.23381075763089432,False,False,False,0.7932668329177057
ITAN,Sparkline Intangible Value ETF,2021-06-29,equity,active_identified,factor_or_style,not_sector_specific,0.12993325716454618,0.1348904746445827,-0.004957217480036524,1.0825837315783162,1.209561296834526,-0.12697756525620973,0.4273278289332416,0.5506545315948802,-0.12332670266163859,1.2019733465254585,1.6253229819042674,-0.4233496353788089,0.05626557792000159,0.06650436844359005,0.5302673694651875,0.5021276501583053,0.02983579999507778,0.03339368225184202,-0.00355788225676424,0.02983579999507778,0.03339368225184202,False,0.5599918556688235,0.08958657817136806,0.11859509460993656,0.7553986820957601,0.5957901164634782,0.09436678761920603,0.0925252510979726,1.0199030696958982,False,-0.26450438760013806,False,False,False,0.7885286783042393
FLV,American Century Focused Large Cap Value ETF,2020-04-02,equity,active_identified,factor_or_style,not_sector_specific,0.1611952705336337,0.2062913880790911,-0.04509611754545739,1.690502661616017,1.7202873747509875,-0.029784713134970442,1.0703461369173148,0.84212979436878,0.22821634254853485,4.213194158783079,2.734805070789838,1.4783890879932406,0.09329046357466388,0.0958508537844222,0.5121046024002229,0.5058355611623996,0.04777447575663572,0.04848477041193831,-0.0007102946553025902,0.04777447575663572,0.04848477041193831,False,1.1608775680660712,0.12745100928804454,0.0457682074204582,2.7847061633240733,1.7600280231620316,0.1712366365049316,0.08390537262328757,2.0408304158750092,True,0.743875747449064,False,False,False,0.7845386533665836
VFMO,Vanguard U.S. Momentum Factor ETF,2018-02-16,equity,active_identified,factor_or_style,not_sector_specific,0.1461221202553349,0.1462835231706594,-0.00016140291532451556,0.9675465899593281,1.1517745670247932,-0.18422797706546512,0.3973491483688858,0.4338537492107276,-0.03650460084184182,1.386916592805731,1.9104269576091695,-0.5235103648034385,0.050724748542630246,0.06857591284970302,0.508904643662198,0.4344672827003595,0.025814060081941842,0.029793990514507138,-0.003979930432565296,0.025814060081941842,0.029793990514507138,False,1.5460785739222453,0.11553424194697381,0.11550032656136974,1.0002936388719736,1.5491450154848136,0.11569133731719017,0.08334295308158135,1.3881358056024746,False,-0.387842166730501,False,False,False,0.7807980049875312
AFLG,First Trust Active Factor Large Cap ETF,2019-12-04,equity,active_identified,factor_or_style,not_sector_specific,0.1404436849763846,0.16014244329397642,-0.019698758317591825,1.1058749283277367,1.1970380466436397,-0.09116311831590296,0.39190213457449646,0.47495711017160913,-0.08305497559711267,1.6618589902723786,1.9365139943598968,-0.2746550040875182,0.06650748627768467,0.07126472364397868,0.42973148563638225,0.43017851515443783,0.02858036088405074,0.030656553000058106,-0.0020761921160073644,0.02858036088405074,0.030656553000058106,False,1.0007626248432242,0.10818041615663043,0.09358079764101013,1.1560108364498731,1.246006347394848,0.1273218945809773,0.09020874758860212,1.4114140588851767,False,-0.25540322243530356,False,False,False,0.7760598503740649
CGGR,Capital Group Growth ETF,2022-02-24,equity,active_identified,factor_or_style,not_sector_specific,0.1584845653587461,0.15386435574419122,0.004620209614554893,1.1371938860782647,1.3416499164910365,-0.20445603041277183,0.5484618203247256,0.6963811463017875,-0.14791932597706192,1.4449129746510745,2.086909200273513,-0.6419962256224383,0.05962046823079775,0.07455812358152718,0.5171951576946437,0.492919186858662,0.03083541746845594,0.036751129649514006,-0.005915712181058064,0.03083541746845594,0.036751129649514006,False,0.6126907367070455,0.11137324947151406,0.11905014983256915,0.9355154078188747,0.5837865850639701,0.10694092682682066,0.08238942870838711,1.2979933045212904,False,-0.3624778967024157,False,False,False,0.7690773067331671
VFMF,Vanguard U.S. Multifactor ETF,2018-02-15,equity,active_identified,factor_or_style,not_sector_specific,0.12889039949257186,0.14627264693973774,-0.017382247447165877,0.9655311510818113,1.15176153009778,-0.18623037901596862,0.31178691101758066,0.43382149203329323,-0.12203458101571257,1.576544817857608,1.9107293240371992,-0.33418450617959117,0.054364006177496385,0.06859193113111715,0.4502409972536355,0.43427992803203536,0.024476904356058773,0.029788098915199884,-0.00531119455914111,0.024476904356058773,0.029788098915199884,False,1.2374957905032944,0.09876685254259354,0.09175977096005937,1.0763633290408297,1.5497905904510998,0.11568526847227445,0.08332356874521406,1.38838590586555,False,-0.31202257682472045,False,False,False,0.7680798004987531
DWUS,AdvisorShares Dorsey Wright FSM US Core ETF,2019-12-27,equity,active_identified,other_equity,not_sector_specific,0.1406351451276069,0.15469196459504486,-0.014056819467437975,0.9918335836139253,1.1594586770003275,-0.1676250933864022,0.46158304462564176,0.45879185404931905,0.0027911905763227107,1.4692526849056493,1.8617678446152905,-0.39251515970964124,0.05535750387666669,0.06860499712379971,0.45483391027530645,0.431667711381487,0.02517846995130475,0.02961456209776412,-0.0044360921464593715,0.02517846995130475,0.02961456209776412,False,0.9884713497212272,0.1082311465735235,0.10501413624511924,1.0306340693113474,1.1582373778021133,0.12188862961893077,0.09063691468121637,1.3448011778383164,False,-0.31416710852696905,False,False,False,0.7665835411471322
FTLS,First Trust Long/Short Equity,2014-09-09,alternatives,active_identified,long_short_market_neutral,not_sector_specific,0.09111519592266659,0.1383330645208276,-0.04721786859816102,0.8826494200173823,1.172600644005128,-0.28995122398774564,0.31145023555482093,0.41027394870817707,-0.09882371315335614,2.3120353679035417,2.055787185524878,0.25624818237866354,0.06633633269007644,0.07117464819525932,0.21291653710968564,0.4300729612147975,0.014124102240927113,0.030610291712756615,-0.016486189471829504,0.014124102240927113,0.030610291712756615,False,1.2173806405033574,0.06869147025690014,0.04469225305781169,1.5369883046183475,2.684494165162289,0.11493895503498064,0.07291142772405385,1.5764189321595428,False,-0.03943062754119531,False,False,False,0.7603491271820448
AVUV,Avantis U.S. Small Cap Value ETF,2019-09-26,equity,active_identified,factor_or_style,not_sector_specific,0.1605557047521211,0.16340263477337125,-0.002846930021250138,0.9713518667637039,1.2265110589316177,-0.25515919216791383,0.32485715833323436,0.4846263214800502,-0.15976916314681583,1.4220999850813418,2.0033290496209246,-0.5812290645395828,0.048699354811912295,0.07339223759204433,0.4766778542154026,0.4295767012608844,0.023213903953416895,0.031527595322945474,-0.00831369136952858,0.023213903953416895,0.031527595322945474,False,1.3081345952466488,0.12807667806105694,0.11864964527301378,1.0794526841302516,1.3477199247505425,0.13084393459850174,0.08897344940738186,1.4705952783667844,False,-0.39114259423653275,False,False,False,0.7588528678304239
LRGE,ClearBridge Large Cap Growth Select ETF,2017-05-31,equity,active_identified,factor_or_style,not_sector_specific,0.15415726726083046,0.15131997907458827,0.0028372881862421817,1.144671082484989,1.2064291371143099,-0.061758054629320824,0.416348860840386,0.4487910793302987,-0.03244221848991269,1.3268814666026432,2.036666682025698,-0.7097852154230548,0.06518301923782996,0.07358392578558805,0.4531321492061747,0.4240021955282302,0.02953652159898532,0.031199746088675685,-0.001663224489690366,0.02953652159898532,0.031199746088675685,False,1.9682725700427333,0.12463977269315518,0.12331015632825176,1.0107826995317724,1.9013679338978275,0.12187504796165194,0.08083546397863718,1.5076928115840407,False,-0.4969101120522683,False,False,False,0.7533665835411472
LSAT,LeaderShares AlphaFactor Tactical Focused ETF,2020-10-27,equity,active_identified,other_equity,not_sector_specific,0.13527421341298052,0.16646554507259292,-0.03119133165961241,1.2645072259865748,1.4733950930770265,-0.2088878670904517,0.6604766534350316,0.6795513692880049,-0.019074715852973267,1.9239708585051125,2.1283455438761965,-0.20437468537108394,0.06720538572818871,0.08203234558718198,0.5213396546274739,0.5056929753627347,0.03503683258464006,0.04148318091596616,-0.006446348331326096,0.03503683258464006,0.04148318091596616,False,0.7396863192011267,0.0992096878725266,0.08834941519859693,1.1229241036798865,1.0388019273824085,0.1294101570920445,0.08717450077687106,1.4844955341158583,False,-0.36157143043597184,False,False,False,0.7506234413965087
DFAT,Dimensional U.S. Targeted Value ETF,2021-06-14,equity,active_identified,factor_or_style,not_sector_specific,0.10630947118166434,0.1357143538448895,-0.029404882663225163,0.861907187169593,1.2178418496122623,-0.35593466244266925,0.4070519398088953,0.5540177995819717,-0.1469658597730764,1.3688012675033183,1.642080639902858,-0.2732793723995397,0.04060614078037856,0.06704796304640402,0.5553636192857992,0.5017025352040297,0.022551173309019724,0.033638133040647,-0.011086959731627277,0.022551173309019724,0.033638133040647,False,0.40393956676112097,0.06710326355767937,0.08677098841477361,0.7733375496072415,0.6101336079770927,0.09546607439120058,0.09213974848443454,1.0361008789526702,False,-0.2627633293454287,False,False,False,0.74214463840399
GHTA,Goose Hollow Tactical Allocation ETF,2021-11-17,multi_asset,active_identified,asset_allocation,not_sector_specific,0.07223290974443208,0.12436503640298202,-0.05213212665854994,0.9892778185609246,1.109468467472858,-0.12019064891193354,0.5188325845039296,0.5076872258601293,0.011145358643800285,1.5540317616720225,1.4427904949260135,0.11124126674600898,0.05452480578989224,0.06019489858286616,0.47730124470413765,0.5027286125898188,0.026024757670766938,0.030261697849549157,-0.00423694017878222,0.026024757670766938,0.030261697849549157,False,0.15769823835824925,0.03099803692807357,0.054461846927490586,0.5691697707083592,0.4537744136167632,0.08112531781769072,0.09612798091701466,0.8439303212633226,False,-0.2747605505549634,False,False,False,0.7361596009975062
DFAX,Dimensional World ex U.S. Core Equity 2 ETF,2021-09-13,equity,active_identified,other_equity,not_sector_specific,0.10517914938791462,0.1310492324462229,-0.02587008305830829,1.0217535112429679,1.1660837274835976,-0.1443302162406297,0.3736493248938958,0.5349736806745055,-0.16132435578060966,1.1611624688241067,1.5486486973642548,-0.38748622854014814,0.05330910490581899,0.06368842798956811,0.5427783592976436,0.5036454913223002,0.028935028496406397,0.032076389606350966,-0.0031413611099445696,0.028935028496406397,0.032076389606350966,False,0.36241635661576344,0.06413852089087912,0.10626884691730983,0.6035496079183653,0.5286234600515769,0.08904792307806231,0.09435781576194255,0.943725989829219,False,-0.34017638191085364,False,False,False,0.7296758104738155
XLSR,State Street US Sector Rotation ETF,2019-04-03,equity,active_identified,factor_style_or_income,not_sector_specific,0.1315502595510143,0.1591472866782102,-0.027597027127195917,1.019510410983152,1.2138727461715906,-0.19436233518843848,0.39940419858576925,0.47200563334466444,-0.07260143475889519,1.6589407169072743,2.010741179336265,-0.35180046242899055,0.05931996053477294,0.0727872145404143,0.4337859289472842,0.4304494908804058,0.025732164185692716,0.031331219441524207,-0.00559905525583149,0.025732164185692716,0.031331219441524207,False,1.032098367383964,0.1002419430282322,0.0880775230329823,1.1381103779530073,1.4300720922162378,0.12707540136730477,0.0863168023995338,1.472197739428669,False,-0.33408736147566165,False,False,False,0.7281795511221946
AESR,Anfield U.S. Equity Sector Rotation ETF,2019-12-17,equity,active_identified,factor_style_or_income,not_sector_specific,0.13405704530858942,0.1566206901893239,-0.02256364488073448,0.9469411763855751,1.1730551175291661,-0.22611394114359107,0.431640013781079,0.4645121485304714,-0.03287213474939238,1.4367202108200652,1.8889009501040586,-0.4521807392839934,0.055255451511713655,0.0696074766513269,0.44312737289516213,0.4307305715363762,0.024485203066521688,0.029982068201230998,-0.00549686513470931,0.024485203066521688,0.029982068201230998,False,0.9187888785938716,0.10189874260073584,0.10277181787381384,0.991504720932834,1.1902334082700317,0.12382255324626223,0.09044880517563163,1.3689794243917999,False,-0.37747470345896583,False,False,False,0.727930174563591
CGGO,Capital Group Global Growth Equity ETF,2022-02-24,equity,active_identified,factor_or_style,not_sector_specific,0.13095798417282212,0.15386435574419122,-0.0229063715713691,1.0880082003763258,1.3416499164910365,-0.25364171611471065,0.5259084005656334,0.6963811463017875,-0.17047274573615412,1.6316793299524646,2.086909200273513,-0.4552298703210482,0.05636593808770656,0.07455812358152718,0.5270332149078607,0.492919186858662,0.029706721561661424,0.036751129649514006,-0.007044408087852581,0.029706721561661424,0.036751129649514006,False,0.4463887715115953,0.08496607332586703,0.08918046888348892,0.9527430657139979,0.5837865850639701,0.10694092682682066,0.08238942870838711,1.2979933045212904,False,-0.34525023880729244,False,False,False,0.7244389027431422
PSET,Principal Quality ETF,2016-03-22,equity,active_identified,factor_or_style,not_sector_specific,0.12880961442187244,0.15334629091196628,-0.024536676490093834,1.113621809496635,1.263873931139842,-0.1502521216432069,0.3708068759902822,0.45480079914468197,-0.08399392315439974,1.7525321882806308,2.1886862412370283,-0.4361540529563974,0.07345163252212727,0.07844093582745706,0.34164085363995156,0.41697708487389584,0.02509407843610759,0.032708072756113385,-0.007613994320005795,0.02509407843610759,0.032708072756113385,False,1.7735980733369137,0.10251119549637355,0.08007617772706957,1.2801709373013677,2.472701158031237,0.1264762292673305,0.07621151979577644,1.6595421480407175,False,-0.3793712107393499,False,False,False,0.7236907730673316
DFAI,Dimensional International Core Equity Market ETF,2020-11-19,equity,active_identified,other_equity,not_sector_specific,0.1265830372800516,0.15713108592999125,-0.030548048649939652,1.2362431466011405,1.4088815640544854,-0.17263841745334485,0.4613258081170179,0.6414459193635073,-0.18012011124648936,1.6631560244082848,1.9978801054361455,-0.33472408102786066,0.0649918364733933,0.07837509626691515,0.5523144356176701,0.5037676101369255,0.03589592948155813,0.039482834940635314,-0.0035869054590771873,0.03589592948155813,0.039482834940635314,False,0.6508182046319981,0.09042250849906974,0.08687176011735893,1.0408734481368163,0.9274500280378619,0.11999004035099725,0.0876641551869834,1.368746896551553,False,-0.32787344841473676,False,False,False,0.7214463840399002
RFFC,ALPS Active Equity Opportunity ETF,2016-06-28,equity,active_identified,other_equity,not_sector_specific,0.1337475061155915,0.15785790636426222,-0.024110400248670727,1.1018805840527532,1.2903095731788952,-0.18842898912614192,0.3688625347434912,0.46818153565245735,-0.09931900090896617,1.775919692986499,2.2253495591296435,-0.4494298661431444,0.0669498311286816,0.08014585400194878,0.4357056378976195,0.41641017253393897,0.029170418879060116,0.033373548892831374,-0.004203130013771258,0.029170418879060116,0.033373548892831374,False,1.809748188398879,0.1067555823338382,0.08314437933619871,1.283978342085715,2.481347988686579,0.13029196933674725,0.07716901122950436,1.6883975479386752,False,-0.4044192058529603,False,False,False,0.7209476309226932
SAMT,Strategas Macro Thematic Opportunities ETF,2022-01-25,equity,active_identified,thematic_equity,not_sector_specific,0.13438313653265443,0.14735750542272696,-0.01297436889007253,1.1752439735558087,1.2840114093516624,-0.10876743579585368,0.6533473563688258,0.6669315192990988,-0.01358416293027298,1.3738099286649732,2.004397200198153,-0.63058727153318,0.06309710004420158,0.07086571413850702,0.5505543261860179,0.4970965124150133,0.034738381399127154,0.03522709934805114,-0.0004887179489239876,0.034738381399127154,0.03522709934805114,False,0.48148596820162815,0.0890418307407288,0.11995588777089332,0.742288122703839,0.5611906594160829,0.1014976139710213,0.08205192180696136,1.2369925254134653,False,-0.49470440270962623,False,False,False,0.7182044887780548
FBCG,Fidelity Blue Chip Growth ETF,2020-06-05,equity,active_identified,factor_or_style,semiconductors,0.19593193628047678,0.1674215958262646,0.02851034045421219,1.1861253592784906,1.4456746714852196,-0.25954931220672894,0.4498216176778507,0.6834541925327974,-0.23363257485494665,1.1580276862865067,2.1906218064844034,-1.0325941201978968,0.059989261477721684,0.08108174618724771,0.540913241103618,0.5094905278366169,0.032448985857326855,0.04131038166285544,-0.008861395805528582,0.032448985857326855,0.04131038166285544,False,1.5309087778565496,0.16023479861908863,0.1782699425248709,0.8988323906411415,1.176738854161735,0.13257545772186807,0.08502335022036757,1.5592829190834363,False,-0.6604505284422948,False,False,False,0.7179551122194514
AMOM,QRAFT AI-Enhanced U.S. Large Cap Momentum ETF,2019-05-21,equity,active_identified,factor_or_style,not_sector_specific,0.17019000382149918,0.1621869263571467,0.00800307746435247,1.0367702183359286,1.2285076050109613,-0.1917373866750327,0.4251100139425874,0.4810207229622272,-0.05591070901963979,1.0902812926412262,2.0335622573816385,-0.9432809647404123,0.054600741491045615,0.07359887722063613,0.5005596663657681,0.43100270461950907,0.027330928944081345,0.031721315139053345,-0.004390386194972,0.027330928944081345,0.031721315139053345,False,1.5621774598951514,0.13773888545412216,0.16626176545019367,0.8284459453510616,1.4371316218745966,0.12995774529332782,0.08698661238819523,1.493997084440595,False,-0.6655511390895333,False,False,False,0.7159600997506235
WLTG,WealthTrust DBS Long Term Growth ETF,2021-12-07,equity,active_identified,factor_or_style,not_sector_specific,0.105788559140783,0.12581693040859498,-0.020028371267811984,1.0635793427254192,1.122103452053348,-0.05852410932792873,0.42080927031590465,0.51361419746945,-0.09280492715354538,0.8837833243357199,1.45219703635454,-0.5684137120188201,0.05730359719825262,0.06103680693333783,0.5435015745068259,0.5009413342144545,0.031144595302155235,0.03057585950137632,0.0005687358007789162,0.031144595302155235,0.03057585950137632,True,0.33480770937049265,0.06279175507903134,0.13514647216000192,0.46462000876124426,0.45340370904954574,0.08204135544352797,0.0966262917873304,0.8490583041735356,False,-0.3844382954122913,False,False,False,0.7104738154613466
MSMR,McElhenny Sheffield Managed Risk ETF,2021-11-17,alternatives,active_identified,risk_managed_alternative,not_sector_specific,0.08525123562783032,0.12436503640298202,-0.0391138007751517,1.21946381025341,1.109468467472858,0.10999534278055201,0.5736037988517196,0.5076872258601293,0.06591657299159037,1.2005080276087863,1.4427904949260135,-0.24228246731722725,0.07044910744084901,0.06019489858286616,0.5062212616211735,0.5027286125898188,0.03566283604879219,0.030261697849549157,0.005401138199243032,0.03566283604879219,0.030261697849549157,True,0.22669393791587722,0.04351571690962963,0.07915358737238593,0.5497630411228945,0.4537744136167632,0.08112531781769072,0.09612798091701466,0.8439303212633226,False,-0.29416728014042803,False,False,False,0.7097256857855362
SIXH,ETC 6 Meridian Hedged Equity Index Option ETF,2020-05-11,alternatives,active_identified,long_short_market_neutral,not_sector_specific,0.11388691238545778,0.18177696407102095,-0.06789005168556317,1.6389072216842289,1.5514667137783358,0.08744050790589308,0.9749082621845215,0.7420561701558765,0.23285209202864499,4.162647175216504,2.3916384878263157,1.7710086873901885,0.0979647896074876,0.08693169307134392,0.47742495874931357,0.5112326444770172,0.04677083563723995,0.04444231933772755,0.0023285162995124037,0.04677083563723995,0.04444231933772755,True,0.6353968613458563,0.0809874640092525,0.03334845318749474,2.4285223531633484,1.3763923231750539,0.1468723343556222,0.08455191285734583,1.7370669614940828,True,0.6914553916692656,False,False,False,0.7077306733167082
ACGR,American Century Large Cap Growth ETF,2020-01-21,equity,active_identified,factor_or_style,not_sector_specific,0.13975579394999738,0.1519115753299083,-0.012155781379910913,1.0417291841812641,1.137525295588148,-0.09579611140688393,0.40466082371552253,0.45054566007751096,-0.045884836361988424,1.1181687456632363,1.8201580388396634,-0.7019892931764271,0.057169533878782174,0.0671018338570709,0.4555476152450632,0.43186457856419175,0.026043444823151067,0.028978905199568337,-0.0029354603764172697,0.026043444823151067,0.028978905199568337,False,0.9627139069944717,0.10722653651471536,0.1336404509766363,0.802350902972194,1.105516957815869,0.11903538520612122,0.09104254117592092,1.3074699329416772,False,-0.5051190299694832,False,False,False,0.7072319201995012
PGRO,Putnam Focused Large Cap Growth ETF,2021-05-26,equity,active_identified,factor_or_style,not_sector_specific,0.12771052763316448,0.13744698244648923,-0.009736454813324746,0.9558695373824084,1.236308979727142,-0.2804394423447336,0.3677463844717369,0.5610907956074926,-0.19334441113575573,0.892193958636716,1.6706192280550123,-0.7784252694182963,0.048249801530618024,0.0683283774932142,0.5282700143167274,0.49959518317190643,0.02548892334535884,0.03413652826956152,-0.00864760492420268,0.02548892334535884,0.03413652826956152,False,0.5614166009507358,0.08812664111215818,0.15327969576274855,0.5749400837053039,0.6338669512917436,0.09752133559514675,0.09172196614237546,1.0632277053870522,False,-0.48828762168174833,False,False,False,0.7007481296758105
DFSV,Dimensional US Small Cap Value ETF,2022-02-24,equity,active_identified,factor_or_style,not_sector_specific,0.1285047689666261,0.15386435574419122,-0.025359586777565113,0.9873871431945017,1.3416499164910365,-0.35426277329653477,0.458679022962175,0.6963811463017875,-0.2377021233396125,1.5503787268896259,2.086909200273513,-0.5365304733838869,0.04779028890704527,0.07455812358152718,0.5405935794688784,0.492919186858662,0.02583512334411144,0.036751129649514006,-0.010916006305402567,0.02583512334411144,0.036751129649514006,False,0.43224370790410305,0.08261262137934167,0.09388875845200967,0.8798989649178108,0.5837865850639701,0.10694092682682066,0.08238942870838711,1.2979933045212904,False,-0.4180943396034795,False,False,False,0.6992518703241895
SURE,AdvisorShares Insider Advantage ETF,2011-10-05,equity,active_identified,other_equity,not_sector_specific,0.13332150755827787,0.1562463170120294,-0.022924809453751527,1.198719944555072,1.3573319874015186,-0.1586120428464466,0.37367918947845397,0.46340181701088096,-0.08972262753242699,1.9115022595666182,2.5474271918355456,-0.6359249322689273,0.06810747431131277,0.0824745269670198,0.480404848370161,0.43920429995805665,0.03271916086940085,0.0362231668809218,-0.003504006011520955,0.03271916086940085,0.0362231668809218,False,4.025893043867557,0.11432132064692158,0.0773393552588835,1.4781778340955356,5.7755128242832585,0.13686179462162018,0.06630738884112049,2.064050432592897,False,-0.5858725984973614,False,False,False,0.6845386533665836
ACLC,American Century Large Cap Equity ETF,2020-07-17,equity,active_identified,other_equity,not_sector_specific,0.14198643075566686,0.1685612477809113,-0.026574817025244446,1.2563230294716554,1.4809700292882253,-0.22464699981656988,0.537016289583828,0.6881065189103327,-0.15109022932650473,1.6078982370721218,2.1895140123283703,-0.5816157752562485,0.06846756242424398,0.0823871282743737,0.5197886646327283,0.5111080672251547,0.03558866284315575,0.04210872589654603,-0.006520063053390285,0.03558866284315575,0.04210872589654603,False,0.8682996273922723,0.10728808999532724,0.09815572867939862,1.0930395142371896,1.1513823668130576,0.1330554525430474,0.08567857485375859,1.552960617869223,False,-0.4599211036320334,False,False,False,0.6815461346633417
LCR,Leuthold Core ETF,2020-01-06,equity,active_identified,other_equity,not_sector_specific,0.08612445621048304,0.15495634075778164,-0.0688318845472986,1.1026658550788422,1.1589097018394323,-0.05624384676059013,0.49384669628351874,0.45957595185417915,0.034270744429339584,2.0255170228976143,1.8621860008871673,0.1633310220104469,0.06808037884727096,0.0685731353979583,0.45810267878261435,0.4314984479733448,0.03118780392247006,0.02958920149688504,0.0015986024255850197,0.03118780392247006,0.02958920149688504,True,0.43045499959673306,0.055212242948528445,0.05129855023093974,1.0762924624569261,1.1539629249459238,0.12208510163817143,0.09077149728784095,1.344971772923757,False,-0.2686793104668308,False,False,False,0.6805486284289277
NUGO,Nuveen Growth Opportunities ETF,2021-09-28,equity,active_identified,factor_or_style,not_sector_specific,0.12652697199894725,0.13819636576536287,-0.011669393766415626,0.9089956932718471,1.221883116753347,-0.3128874234814999,0.33289552500629377,0.5641499539470766,-0.2312544289407828,0.7823502848684651,1.6269592299084956,-0.8446089450400305,0.04414162588525512,0.06701722902001883,0.5445524995837027,0.5026223669498456,0.02403743271150435,0.03368435827646175,-0.009646925564957397,0.02403743271150435,0.03368435827646175,False,0.49119470371403584,0.08435929855818114,0.17220306035063632,0.48988269073970275,0.568973683545499,0.09559188859257328,0.09472625331997897,1.0091382826012367,False,-0.519255591861534,False,False,False,0.6790523690773067
CWS,AdvisorShares Focused Equity ETF,2016-09-21,equity,active_identified,other_equity,not_sector_specific,0.11633081678329682,0.15423581489016702,-0.0379049981068702,1.0574849744211694,1.2568331938751514,-0.19934821945398196,0.3439939744198778,0.45743898630746316,-0.11344501188758538,1.7012934041088033,2.1498552629335457,-0.4485618588247424,0.05976887566219063,0.07769127075733362,0.47778188024719553,0.41797087905872055,0.028556485794142283,0.0324726887336318,-0.003916202939489518,0.028556485794142283,0.0324726887336318,False,1.3413774425031613,0.08924169045697772,0.07607946774108262,1.1730062407992838,2.2643439119605318,0.12622687763801976,0.07804823453456132,1.6172931827448829,False,-0.44428694194559903,False,False,False,0.6680798004987532
MRSK,Toews Agility Shares Managed Risk ETF,2020-06-25,alternatives,active_identified,risk_managed_alternative,not_sector_specific,0.1130344827421923,0.17543287846380728,-0.062398395721614985,1.3964100883943182,1.532409530190766,-0.13599944179644785,0.768920451039502,0.7161581258525803,0.0527623251869217,2.216099836190322,2.289713588736694,-0.07361375254637181,0.08243309089003503,0.08522588851966753,0.48716275122442854,0.5136018291778327,0.040158331349922846,0.043772172237007294,-0.0036138408870844477,0.040158331349922846,0.043772172237007294,False,0.6063060749636004,0.07953034762267541,0.061118456564481005,1.3012492803834068,1.251847940231129,0.14005045087993895,0.08526834610510817,1.6424670733885496,False,-0.34121779300514277,False,False,False,0.6663341645885287
AVSC,Avantis U.S Small Cap Equity ETF,2022-01-13,equity,active_identified,other_equity,not_sector_specific,0.0998939485174557,0.12983623413693524,-0.029942285619479536,0.8082551011697097,1.1498647587317554,-0.34160965756204575,0.35173917601014315,0.5799914231397593,-0.22825224712961611,1.1171941804604206,1.7264268015149575,-0.6092326210545369,0.03642492287317308,0.06284531334224018,0.5703413544234304,0.4985678404644234,0.020774639846254522,0.0313326521563507,-0.010558012310096176,0.020774639846254522,0.0313326521563507,False,0.2890135250890151,0.056230086797516954,0.10321669809393963,0.5447770354593285,0.4601261979533715,0.08498371616460987,0.08405784718077174,1.011014664482746,False,-0.4662376290234175,False,False,False,0.6630922693266833
VFQY,Vanguard U.S. Quality Factor ETF,2018-02-15,equity,active_identified,factor_or_style,not_sector_specific,0.11744341200809738,0.14627264693973774,-0.028829234931640357,0.9084229332743634,1.15176153009778,-0.24333859682341652,0.3139017423691325,0.43382149203329323,-0.11991974966416075,1.2574818296910029,1.9107293240371992,-0.6532474943461963,0.04942379433358976,0.06859193113111715,0.4699653661165291,0.43427992803203536,0.02322747159885355,0.029788098915199884,-0.006560627316346334,0.02322747159885355,0.029788098915199884,False,1.0507642245865418,0.08762531886043612,0.10269604102750349,0.8532492390526407,1.5497905904510998,0.11568526847227445,0.08332356874521406,1.38838590586555,False,-0.5351366668129094,False,False,False,0.6591022443890274
ARKQ,ARK Autonomous Technology & Robotics ETF,2014-09-30,equity,active_identified,sector_or_industry,technology,0.17183668426443055,0.13970731019045757,0.03212937407397298,1.000778129221994,1.181301466291271,-0.18052333706927715,0.28694041784788726,0.4143497435973254,-0.12740932574943814,0.7020538878222423,2.0729661659224163,-1.3709122781001741,0.04704614713233331,0.07174444033545122,0.5435075854892526,0.42993365944747086,0.0255699378344666,0.030845349778431275,-0.0052754119439646745,0.0255699378344666,0.030845349778431275,False,4.169448792597627,0.14764413828941092,0.2619494068444052,0.5636360855633079,2.710356786593618,0.11617807452981088,0.07303541584667017,1.590708742916094,False,-1.027072657352786,False,False,False,0.6586034912718204
SAGP,Strategas Global Policy Opportunities ETF,2022-01-25,equity,active_identified,other_equity,not_sector_specific,0.10659482079917404,0.14735750542272696,-0.040762684623552925,1.0790922988295777,1.2840114093516624,-0.20491911052208467,0.46550587069148586,0.6669315192990988,-0.20142564860761292,1.5479780994555437,2.004397200198153,-0.4564191007426095,0.055792144729269605,0.07086571413850702,0.5586346910107798,0.4970965124150133,0.03116742753166423,0.03522709934805114,-0.00405967181638691,0.03116742753166423,0.03522709934805114,False,0.321494276039753,0.06236421427677863,0.08405825100113104,0.7419166296469754,0.5611906594160829,0.1014976139710213,0.08205192180696136,1.2369925254134653,False,-0.4950758957664899,False,False,False,0.6566084788029924
ARKW,ARK Next Generation Internet ETF,2014-09-30,equity,active_identified,sector_or_industry,technology,0.21217876958163573,0.13970731019045757,0.07247145939117816,1.0236476667297851,1.181301466291271,-0.15765379956148595,0.26518425236469084,0.4143497435973254,-0.14916549123263456,0.6130738789647214,2.0729661659224163,-1.459892286957695,0.04736171327551765,0.07174444033545122,0.5085497375435026,0.42993365944747086,0.024085786855875126,0.030845349778431275,-0.00675956292255615,0.024085786855875126,0.030845349778431275,False,6.740989328835897,0.18715336202541621,0.3659495229334819,0.5114185162073154,2.710356786593618,0.11617807452981088,0.07303541584667017,1.590708742916094,False,-1.0792902267087787,False,False,False,0.6488778054862843
DUSA,Davis Select U.S. Equity ETF,2017-01-12,equity,active_identified,other_equity,not_sector_specific,0.12894801586801674,0.15304761705739867,-0.024099601189381925,1.0125532048147834,1.2353431607153005,-0.2227899559005171,0.35129040617920504,0.4539149798207641,-0.10262457364155908,1.2957928523191629,2.1007447438045492,-0.8049518914853864,0.05691631505911902,0.07609464201745801,0.46634715063149174,0.4191402076038746,0.026542761352264417,0.03189432405273987,-0.005351562700475453,0.026542761352264417,0.03189432405273987,False,1.5257176654505882,0.10085107819133365,0.1068785529008768,0.9436044506035438,2.0962931677707224,0.12435089534891453,0.0792620810563975,1.5688573109812105,False,-0.6252528603776667,False,False,False,0.6453865336658354
UMMA,Wahed Dow Jones Islamic World ETF,2022-01-07,equity,active_identified,other_equity,not_sector_specific,0.10261746323712528,0.12853717147949828,-0.025919708242372996,0.8345338180342345,1.1404606597281153,-0.30592684169388074,0.3003519172013592,0.5487414321321199,-0.24838951493076072,0.8090516163560171,1.5893878963274515,-0.7803362799714344,0.03936106747337122,0.06228763011404537,0.5470935363063258,0.4988185846888753,0.021534185596798556,0.031070227497112277,-0.009536041900313721,0.021534185596798556,0.031070227497112277,False,0.30596949881572644,0.05899375417142916,0.14834439863266222,0.39768103625882384,0.4552199632119407,0.08388798091261718,0.0904930703736257,0.9270099971883198,False,-0.529328960929496,False,False,False,0.6448877805486284
FFSM,Fidelity Fundamental Small-Mid Cap ETF,2021-02-04,equity,active_identified,factor_or_style,not_sector_specific,0.1154646721666428,0.14682966642658468,-0.03136499425994188,0.9264397611664021,1.319805643916722,-0.3933658827503199,0.4332098102402423,0.5993931106210293,-0.166183300380787,1.1211701658187794,1.8343164055524754,-0.7131462397336961,0.044973227878628015,0.07310532751148072,0.5638272053575007,0.5025675570449593,0.025357129390712874,0.036740365854416514,-0.01138323646370364,0.025357129390712874,0.036740365854416514,False,0.5234636537203898,0.07836668758236653,0.11715420235215873,0.6689191340042657,0.7784056714335756,0.10868854878522916,0.08922562379678958,1.2181315653535376,False,-0.5492124313492719,False,False,False,0.6396508728179551
TBUX,T. Rowe Price Ultra Short-Term Bond ETF,2021-09-29,fixed_income,active_identified,other_fixed_income,not_sector_specific,0.04037880465125432,0.13789002667461192,-0.0975112220233576,6.2001373578180665,1.219485390246107,4.980651967571959,2.257706841308653,0.5628994059823583,1.694807435326295,7.283121866787878,1.6226980489723832,5.660423817815495,0.3154645328329032,0.06685255142576366,0.5250216437648633,0.5028605865732046,0.16562570757744552,0.033617513223874844,0.13200819435357067,0.16562570757744552,0.033617513223874844,True,0.006996907696410926,0.001415030756073854,0.0121425140339239,0.11653523744098827,0.5663407926069646,0.09527430870850773,0.09476447250786371,1.005380035229993,False,-0.8888447977890048,False,False,False,0.6379052369077307
RHRX,RH Tactical Rotation ETF,2021-11-09,equity,active_identified,factor_style_or_income,not_sector_specific,0.08830183518470669,0.12414508972373994,-0.035843254539033254,0.773378007952592,1.1090996453466069,-0.33572163739401484,0.34861218433823943,0.5067893519668613,-0.15817716762862183,0.7717405919036414,1.443812494915699,-0.6720719030120575,0.04114809665486403,0.060222848694948636,0.4766247481168285,0.5021623750361887,0.01961220120361148,0.030241648732100442,-0.010629447528488961,0.01961220120361148,0.030241648732100442,False,0.24560714870443312,0.04663168910459592,0.13189077677375974,0.3535629271831956,0.45611245727493843,0.08110253609607176,0.09588991305357812,0.8457879824205914,False,-0.4922250552373958,False,False,False,0.6286783042394015
VFVA,Vanguard U.S. Value Factor ETF,2018-02-15,equity,active_identified,factor_or_style,not_sector_specific,0.11648923381245102,0.14627264693973774,-0.029783413127286718,0.8250743934692025,1.15176153009778,-0.3266871366285774,0.23982121470256879,0.43382149203329323,-0.19400027733072445,1.1235831547682409,1.9107293240371992,-0.7871461692689583,0.042699932038060745,0.06859193113111715,0.45501264304343464,0.43427992803203536,0.01942900893441305,0.029788098915199884,-0.010359089980786832,0.01942900893441305,0.029788098915199884,False,1.035839349782116,0.08669660215484076,0.11406154988615437,0.7600861310526926,1.5497905904510998,0.11568526847227445,0.08332356874521406,1.38838590586555,False,-0.6282997748128575,False,False,False,0.627930174563591
AVDE,Avantis International Equity ETF,2019-09-26,equity,active_identified,other_equity,not_sector_specific,0.12462021836514903,0.16340263477337125,-0.03878241640822222,1.0076712125408218,1.2265110589316177,-0.2188398463907959,0.336931927442997,0.4846263214800502,-0.1476943940370532,1.368390677990221,2.0033290496209246,-0.6349383716307035,0.05781111017892582,0.07339223759204433,0.46369116102939784,0.4295767012608844,0.02680650079926455,0.031527595322945474,-0.004721094523680924,0.02680650079926455,0.031527595322945474,False,0.8554612667826231,0.09314687336324434,0.10038470672148136,0.9278990436429876,1.3477199247505425,0.13084393459850174,0.08897344940738186,1.4705952783667844,False,-0.5426962347237968,False,False,False,0.6244389027431422
QPX,AdvisorShares Q Dynamic Growth ETF,2020-12-29,equity,active_identified,factor_or_style,not_sector_specific,0.12537992142537302,0.1518894493468228,-0.026509527921449783,1.0062268518060327,1.3585536955617101,-0.35232684375567747,0.360854079055392,0.6200483303558305,-0.2591942513004385,1.0219992013749417,1.9139771731384385,-0.8919779717634968,0.05188006941170725,0.0753709511657846,0.5227603016838519,0.5044047878823482,0.02712084073704326,0.038017468635268406,-0.010896627898225146,0.02712084073704326,0.038017468635268406,False,0.6197061948143447,0.08859182473289717,0.13199871198342547,0.6711567363174065,0.8487664306922684,0.1142347696827839,0.08845534313088312,1.2914400152600867,False,-0.6202832789426802,False,False,False,0.6192019950124688
AFMC,First Trust Active Factor Mid Cap ETF,2019-12-04,equity,active_identified,factor_or_style,not_sector_specific,0.12388284308256714,0.16014244329397642,-0.03625960021140928,0.8860114819191026,1.1970380466436397,-0.31102656472453705,0.29396339127585064,0.47495711017160913,-0.1809937188957585,1.1936123207703944,1.9365139943598968,-0.7429016735895024,0.047420287479337166,0.07126472364397868,0.46839888919519596,0.43017851515443783,0.022211609980638387,0.030656553000058106,-0.00844494301941972,0.022211609980638387,0.030656553000058106,False,0.8126062766449322,0.09208808217858344,0.11285048519830879,0.8160184869100013,1.246006347394848,0.1273218945809773,0.09020874758860212,1.4114140588851767,False,-0.5953955719751753,False,False,False,0.613216957605985
DFNL,Davis Select Financial ETF,2017-01-12,equity,active_identified,sector_or_industry,financials,0.12731394431082088,0.15304761705739867,-0.025733672746577785,0.9233441831239086,1.2353431607153005,-0.31199897759139184,0.2860531658630673,0.4539149798207641,-0.16786181395769684,1.1508570299331469,2.1007447438045492,-0.9498877138714024,0.0510188708927174,0.07609464201745801,0.43519444686871916,0.4191402076038746,0.022203129298022744,0.03189432405273987,-0.009691194754717126,0.022203129298022744,0.03189432405273987,False,1.4906848543871192,0.09925767494309135,0.11992173302544813,0.8276871292547803,2.0962931677707224,0.12435089534891453,0.0792620810563975,1.5688573109812105,False,-0.7411701817264302,False,False,False,0.6119700748129676
AVES,Avantis Emerging Markets Value ETF,2021-09-30,equity,active_identified,factor_or_style,not_sector_specific,0.09648547994819157,0.1408148894912824,-0.044329409543090836,0.8880658934531399,1.2423267727357832,-0.35426087928264327,0.35216061449751684,0.5748393814960975,-0.22267876699858064,0.9630050669439716,1.6564644093915788,-0.6934593424476072,0.04534463235010155,0.06823133237023804,0.5413546207834538,0.5024899349609341,0.024547526250454352,0.03428555776501879,-0.00973803151456444,0.024547526250454352,0.03428555776501879,False,0.3043724692919971,0.05539840132577578,0.11731322350561177,0.47222640100010344,0.5857248110249005,0.09806671642804621,0.09480203460424645,1.0344368328952882,False,-0.5622104318951848,False,False,False,0.5962593516209476
ICSH,iShares Ultra Short Duration Bond Active ETF,2013-12-16,fixed_income,active_identified,other_fixed_income,not_sector_specific,0.023014063519090966,0.14067896251494183,-0.11766489899585086,2.6715607652916833,1.2076226063197049,1.4639381589719784,0.5846028951315048,0.41723151042088635,0.1673713847106184,11.26528921052234,2.1501075220794372,9.115181688442902,0.2744314970601483,0.07376769111124742,0.19013447411489479,0.4297866584210675,0.05217888837409459,0.031704369462140516,0.020474518911954072,0.05217888837409459,0.031704369462140516,True,0.04064400061064988,0.0031375643994111524,0.004057384344542028,0.7732973100346747,3.1553969935719923,0.11851631079510794,0.07088066751110562,1.6720541010218157,False,-0.898756790987141,False,False,False,0.5925187032418953
PY,Principal Value ETF,2016-03-22,equity,active_identified,factor_or_style,not_sector_specific,0.11043996832010672,0.15334629091196628,-0.04290632259185956,0.8886666616002732,1.263873931139842,-0.37520726953956873,0.24306306160690638,0.45480079914468197,-0.21173773753777558,1.4395071001554496,2.1886862412370283,-0.7491791410815787,0.06042098407597078,0.07844093582745706,0.3018056164239135,0.41697708487389584,0.018235392343987824,0.032708072756113385,-0.014472680412125561,0.018235392343987824,0.032708072756113385,False,1.3364534465721656,0.08456951584929184,0.0855557989829652,0.9884720481206688,2.472701158031237,0.1264762292673305,0.07621151979577644,1.6595421480407175,False,-0.6710700999200487,False,False,False,0.5912718204488778
FDG,American Century Focused Dynamic Growth ETF,2020-04-02,equity,active_identified,factor_or_style,not_sector_specific,0.21401431427731854,0.2062913880790911,0.007722926198227453,1.3010128260660172,1.7202873747509875,-0.41927454868497027,0.4898071516161554,0.84212979436878,-0.3523226427526246,1.1326802120616994,2.734805070789838,-1.6021248587281387,0.06635790728146267,0.0958508537844222,0.5473467812679954,0.5058355611623996,0.03632078696218866,0.04848477041193831,-0.01216398344974965,0.03632078696218866,0.04848477041193831,False,1.875515485247223,0.17873513495545246,0.20194215456758857,0.8850808556448827,1.7600280231620316,0.1712366365049316,0.08390537262328757,2.0408304158750092,False,-1.1557495602301264,False,False,False,0.5855361596009976
JAAA,Janus Henderson AAA CLO ETF,2020-10-19,fixed_income,active_identified,loans_and_clo,not_sector_specific,0.04398444204223684,0.16358721001353427,-0.11960276797129743,3.7458952412805435,1.4506434403616355,2.295251800918908,1.6897565476719771,0.667801330985484,1.0219552166864931,7.605311706316774,2.094831398642578,5.510480307674197,0.27061874692100735,0.08074727377304541,0.3694731705814569,0.5057114871254367,0.09998636644368546,0.04083482390109157,0.05915154254259389,0.09998636644368546,0.04083482390109157,True,0.06600574354761313,0.010938154440763403,0.008081474873542898,1.3534849284222479,1.0161680960994244,0.12675501592807126,0.08702986151762575,1.4564542987627318,False,-0.10296937034048392,False,False,False,0.5847880299251871
ABEQ,Absolute Select Value ETF,2020-01-22,equity,active_identified,factor_or_style,not_sector_specific,0.08331276950319144,0.1519579040238801,-0.06864513452068866,0.9041546535036612,1.1377384749004522,-0.233583821396791,0.29942396365717316,0.4506830636424513,-0.15125909998527814,1.4324727651180127,1.820166620547023,-0.38769385542901036,0.05507312483453321,0.06709373970559165,0.44589234365627006,0.43211663753275126,0.02455668470494434,0.02899232120107791,-0.004435636496133568,0.02455668470494434,0.02899232120107791,False,0.40201036764058906,0.05238866637351536,0.06953333293505475,0.7534324066192428,1.105352726880501,0.1190742659574544,0.09106987717448779,1.3075044092714745,False,-0.5540720026522317,False,False,False,0.5785536159600998
NEAR,iShares Short Duration Bond Active ETF,2013-10-03,fixed_income,active_identified,other_fixed_income,not_sector_specific,0.02392981787134074,0.14423776350582718,-0.12030794563448644,1.2536109913476883,1.239549690954891,0.014061300392797182,0.24903835690368586,0.42778635022187456,-0.1787479933181887,4.896146625873202,2.2217678996433,2.674378726229902,0.21346246834650406,0.07583487044417096,0.09442491507805904,0.43033213387073804,0.02015617544597151,0.03263418162005106,-0.012478006174079546,0.02015617544597151,0.03263418162005106,False,0.057420892502742404,0.004330715225291382,0.007583037161807536,0.5711056312770446,3.4421800925544837,0.12233583918736346,0.07032866840534761,1.7394874943780587,False,-1.168381863101014,False,False,False,0.5778054862842893
MEAR,iShares Short Maturity Municipal Bond Active ETF,2015-03-05,fixed_income,active_identified,municipal_bonds,not_sector_specific,0.016338835267895924,0.13815859097632033,-0.1218197557084244,1.5565399035604568,1.161924101969375,0.3946158015910819,0.6086521310178578,0.40975648782275487,0.1988956431951029,5.267157768812844,2.0168531273905077,3.250304641422336,0.11201194704367277,0.07074254556855859,0.3665025863113073,0.4268632303886191,0.04105266828927126,0.030197391527309013,0.010855276761962247,0.04105266828927126,0.030197391527309013,True,-0.0601029547989993,-0.005374586838943096,0.02722720596205212,-0.19739766344126236,2.455930622053731,0.11384256855070873,0.0742553185302418,1.5331234287863749,False,-1.7305210922276373,False,False,False,0.5743142144638403
MINT,PIMCO Enhanced Short Maturity Active Exchange-Traded Fund,2009-11-17,fixed_income,active_identified,income_and_hybrid_securities,not_sector_specific,0.02082336955237518,0.14211624812411472,-0.12129287857173954,3.216875561731022,1.2232358698858243,1.9936396918451977,0.4508883402148645,0.4214942717812263,0.029394068433638232,4.163034740653184,2.2686132101484646,1.8944215305047192,0.2977706148443779,0.07377722645436864,0.26278701039110075,0.4425112870508451,0.078250249657274,0.032647255433364324,0.04560299422390967,0.078250249657274,0.032647255433364324,True,0.09550038755451973,0.005444960765039086,0.010302929861908875,0.5284866380746449,6.221579927474621,0.12491059720527553,0.06702329182292102,1.8636893803320753,False,-1.3352027422574304,False,False,False,0.5728179551122194
SMIG,Bahl & Gaynor Small/Mid Cap Income Growth ETF,2021-08-26,equity,active_identified,dividend_or_income,not_sector_specific,0.0735386114773755,0.129844953846606,-0.05630634236923049,0.7701320596604676,1.1615721404663242,-0.39144008080585657,0.37423782753449775,0.5300575331857441,-0.15581970565124637,0.9477091616995604,1.5399019431686132,-0.5921927814690527,0.03719572596525546,0.06351085158652751,0.5715542986197825,0.5024970940197342,0.021259377065725213,0.031914018360948704,-0.010654641295223491,0.021259377065725213,0.031914018360948704,False,0.18319031091466198,0.034048601825166225,0.09610919666228915,0.3542699659097874,0.5296591066347172,0.0882837210638363,0.09400712895823549,0.9391172993173538,False,-0.5848473334075663,False,False,False,0.5710723192019951
DWAW,AdvisorShares Dorsey Wright FSM All Cap World ETF,2019-12-27,equity,active_identified,other_equity,not_sector_specific,0.11995773690772138,0.15469196459504486,-0.03473422768732348,0.8745593136296166,1.1594586770003275,-0.28489936337071087,0.38015076843531115,0.45879185404931905,-0.0786410856140079,0.8617528344011677,1.8617678446152905,-1.0000150102141228,0.04629427926186371,0.06860499712379971,0.48043621622273136,0.431667711381487,0.022241448361328263,0.02961456209776412,-0.007373113736435857,0.022241448361328263,0.02961456209776412,False,0.7594494581954272,0.08814115730957806,0.16044694774464863,0.5493476725394286,1.1582373778021133,0.12188862961893077,0.09063691468121637,1.3448011778383164,False,-0.7954535052988878,False,False,False,0.5660847880299251
AVEM,Avantis Emerging Markets Equity ETF,2019-09-19,equity,active_identified,other_equity,not_sector_specific,0.12655516268922828,0.16140895245078357,-0.03485378976155529,0.9418587197994283,1.2151001117586764,-0.2732413919592481,0.35107039212727514,0.4787133756359667,-0.12764298350869158,0.9574685368359834,1.9813663242241206,-1.0238977873881372,0.050952705745026874,0.07265515831558933,0.48950841642012644,0.4294021637755517,0.024941778301568785,0.031198282190169326,-0.0062565038886005404,0.024941778301568785,0.031198282190169326,False,0.8813326039841269,0.0950553520331543,0.15341557829736654,0.6195938710272813,1.325744717225633,0.128934588737303,0.08886075047224705,1.4509734393653564,False,-0.8313795683380751,False,False,False,0.5605985037406485
EMNT,PIMCO Enhanced Short Maturity Active ESG Exchange-Traded Fund,2019-12-12,fixed_income,active_identified,income_and_hybrid_securities,not_sector_specific,0.03045084684541588,0.15759608216009213,-0.12714523531467625,5.215537995269126,1.1801124138873456,4.03542558138178,1.3369969126177221,0.46740500655231554,0.8695919060654066,6.617580031254583,1.9023527518208434,4.71522727943374,0.3741307861171982,0.07011516516001828,0.32774586770652736,0.43036056636337394,0.12261981913170632,0.030174802188926972,0.09244501694277935,0.12261981913170632,0.030174802188926972,True,0.008489926777165646,0.001257011094460081,0.012955882523507153,0.09702242145059281,1.2066098574365225,0.12480007836040619,0.09036853702921013,1.381012490221753,False,-1.2839900687711603,False,False,False,0.5600997506234414
HFGO,Hartford Large Cap Growth ETF,2021-11-10,equity,active_identified,factor_or_style,not_sector_specific,0.08993526874948077,0.12610698171643042,-0.036171712966949654,0.6572025983673173,1.1241196775176048,-0.46691707915028746,0.20144854974753562,0.5147982548869616,-0.313349705139426,0.43132742102531296,1.466033404902303,-1.0347059838769899,0.028985617538016647,0.06113821681616643,0.5289450903285189,0.5019381309360336,0.015331800086874117,0.030687602277468553,-0.015355802190594436,0.015331800086874117,0.030687602277468553,False,0.25434875065834084,0.048179798696637466,0.22143230198257088,0.21758252190518138,0.4679247576407428,0.08296577168355657,0.09592902465291044,0.8648662069039335,False,-0.6472836849987521,False,False,False,0.5546134663341646
CGXU,Capital Group International Focus Equity ETF,2022-02-24,equity,active_identified,other_equity,not_sector_specific,0.10608880240749219,0.15386435574419122,-0.04777555333669903,0.865990367587768,1.3416499164910365,-0.47565954890326845,0.41368955572968735,0.6963811463017875,-0.28269159057210014,1.2288868125062744,2.086909200273513,-0.8580223877672384,0.043150087181017524,0.07455812358152718,0.5317815803856499,0.492919186858662,0.022946421554900072,0.036751129649514006,-0.013804708094613934,0.022946421554900072,0.036751129649514006,False,0.30792291833043817,0.061108229918455326,0.10098203000003839,0.6051396463156078,0.5837865850639701,0.10694092682682066,0.08238942870838711,1.2979933045212904,False,-0.6928536582056826,False,False,False,0.5501246882793017
ARKK,ARK Innovation ETF,2014-10-31,equity,active_identified,thematic_equity,not_sector_specific,0.13933510472007327,0.1385360073933013,0.0007990973267719692,0.7643421258081885,1.1732778569739857,-0.4089357311657972,0.1722012500415849,0.4108758451090149,-0.23867459506743002,0.3323086870898571,2.0489485828789076,-1.7166398957890505,0.0297433703487658,0.0713813886223486,0.5218709128278923,0.4280612209708195,0.015522199834488474,0.0305556043682751,-0.015033404533786628,0.015522199834488474,0.0305556043682751,False,2.6555141659579578,0.11565398442356445,0.4376557967621149,0.2642578603532754,2.6252623840806764,0.11487149636288585,0.07327862255436265,1.5675990126270047,False,-1.3033411522737293,False,False,False,0.545137157107232
AFSM,First Trust Active Factor Small Cap ETF,2019-12-04,equity,active_identified,factor_or_style,not_sector_specific,0.11799745497709702,0.16014244329397642,-0.042144988316879406,0.8082322216412782,1.1970380466436397,-0.3888058250023615,0.2710362688162199,0.47495711017160913,-0.20392084135538924,0.9545065633056391,1.9365139943598968,-0.9820074310542577,0.040344040913770494,0.07126472364397868,0.4798093232765065,0.43017851515443783,0.01935744696907591,0.030656553000058106,-0.011299106030982196,0.01935744696907591,0.030656553000058106,False,0.7494765387436735,0.08636919230626305,0.13521611925447882,0.6387492318405833,1.246006347394848,0.1273218945809773,0.09020874758860212,1.4114140588851767,False,-0.7726648270445934,False,False,False,0.543640897755611
BEDZ,AdvisorShares Hotel ETF,2021-04-21,equity,active_identified,other_equity,not_sector_specific,0.08300310164006608,0.1366440012026331,-0.05364089956256701,0.6560306718309146,1.2476129923465111,-0.5915823205155966,0.279462230797196,0.5578128379764584,-0.2783506071792624,0.8155457118490788,1.6573171973915404,-0.8417714855424616,0.029786756182769714,0.06885348238839978,0.48083931114185097,0.5001876051620316,0.014322643324073259,0.034439658462919805,-0.020117015138846547,0.014322643324073259,0.034439658462919805,False,0.26989196202545984,0.045649677143539735,0.11334437092714203,0.40275204467704384,0.6449152205557493,0.09744047000862643,0.09190746035685256,1.060201964348603,False,-0.6574499196715591,False,False,False,0.5369077306733168
DFAS,Dimensional U.S. Small Cap ETF,2021-06-14,equity,active_identified,other_equity,not_sector_specific,0.08160847541145544,0.1357143538448895,-0.05410587843343406,0.7128455572690543,1.2178418496122623,-0.504996292343208,0.3123190114483942,0.5540177995819717,-0.24169878813357754,0.7945037403489598,1.642080639902858,-0.8475768995538983,0.03203696717942243,0.06704796304640402,0.5682439989089024,0.5017025352040297,0.01820481434294826,0.033638133040647,-0.01543331869769874,0.01820481434294826,0.033638133040647,False,0.2477274319940772,0.04327763981845534,0.12016980869369455,0.3601373780062127,0.6101336079770927,0.09546607439120058,0.09213974848443454,1.0361008789526702,False,-0.6759635009464575,False,False,False,0.5329177057356609
LCTD,iShares World ex U.S. Carbon Transition Readiness Aware Active ETF,2021-04-08,equity,active_identified,thematic_equity,not_sector_specific,0.08395841579789254,0.1392515177864846,-0.05529310198859205,0.8550427966289615,1.255120052409422,-0.4000772557804604,0.28156644871724984,0.568457331791829,-0.28689088307457916,0.8969270092480608,1.7135380644754743,-0.8166110552274135,0.04314717908994719,0.06938309393803017,0.5479273379977747,0.5013248175217689,0.023641518980868012,0.034783466907578726,-0.011141947926710714,0.023641518980868012,0.034783466907578726,False,0.28060774808920663,0.04680256167226826,0.11046665710630173,0.42368043804593725,0.6759191316353217,0.10020033040665144,0.09059275266227405,1.106052387879128,False,-0.6823719498331907,False,False,False,0.5329177057356609
DWMF,WisdomTree International Multifactor Fund,2018-08-10,equity,active_identified,factor_or_style,not_sector_specific,0.07548620557050278,0.14924208555353835,-0.07375587998303557,0.8061701586102946,1.158171294546301,-0.35200113593600635,0.25402170891896786,0.44262837641592834,-0.18860666749696048,1.298496361469448,1.9011033282859344,-0.6026069668164864,0.04999348706749374,0.0690382164378791,0.41965053459575935,0.43209944769260616,0.02097979357417993,0.02983137519249016,-0.00885158161831023,0.02097979357417993,0.02983137519249016,False,0.4394871763315362,0.046183361655250055,0.06392686974683762,0.7224405299077652,1.4583159567613668,0.11792967886771644,0.08547597657491161,1.3796821468820801,False,-0.6572416169743149,False,False,False,0.514214463840399
STNC,Hennessy Sustainable ETF,2021-03-16,equity,active_identified,other_equity,not_sector_specific,0.0795312573314435,0.14476581357797724,-0.06523455624653374,0.827701384566966,1.3011435772631876,-0.4734421926962217,0.35609533491499573,0.5909679795906497,-0.234872644675654,1.0162451891975732,1.7916885064011694,-0.7754433172035962,0.04212718720689563,0.07207333249206507,0.5546214404355418,0.50197703178775,0.023364641250186186,0.03617915751541843,-0.01281451626523224,0.023364641250186186,0.03617915751541843,False,0.2585737065959357,0.04293735510168517,0.09593357917230017,0.44757378461370795,0.7348850060202032,0.10596059328116425,0.09007070754651726,1.1764156868251603,False,-0.7288419022114523,False,False,False,0.5074812967581047
FTQI,First Trust Nasdaq BuyWrite Income ETF,2014-01-07,equity,active_identified,options_income_or_overlay,not_sector_specific,0.07118028357276396,0.13879004030320097,-0.06760975673043701,0.833211668997283,1.1916521894668086,-0.35844052046952557,0.3664840733027285,0.41162926646498205,-0.04514519316225357,1.3417796098455004,2.116649630602932,-0.7748700207574315,0.05176200201029822,0.0726970282718343,0.39678661814491445,0.4298999445518308,0.020538469726076494,0.03125244842314444,-0.010713978697067944,0.020538469726076494,0.03125244842314444,False,0.8605213452884379,0.05027402590225383,0.06367790868659277,0.7895049780873048,3.037203655887363,0.11656424098603857,0.07103452287331621,1.6409519804042407,False,-0.8514470023169359,False,False,False,0.5004987531172069
DFAE,Dimensional Emerging Core Equity Market ETF,2020-12-03,equity,active_identified,other_equity,not_sector_specific,0.10501585829060467,0.1533144472480985,-0.04829858895749384,0.916961589041444,1.3759249736281678,-0.4589633845867238,0.32599171326401316,0.6258655057636431,-0.2998737924996299,0.8139034070154519,1.9433176545034083,-1.1294142474879565,0.046577077956114585,0.07645434524379845,0.5361494020429882,0.5036952908820344,0.024972272495080484,0.03850969366677054,-0.013537421171690055,0.024972272495080484,0.03850969366677054,False,0.4704150840686736,0.06932108936980619,0.15720434564727168,0.44096166097943534,0.8806760664149522,0.11605951341282994,0.08793645907775234,1.3198110843900541,False,-0.8788494234106188,False,False,False,0.49750623441396513
LBAY,Leatherback Long/Short Alternative Yield ETF,2020-11-17,alternatives,active_identified,long_short_market_neutral,not_sector_specific,0.09175350771980484,0.15539438057980748,-0.06364087286000264,1.0298391284765203,1.3946467172940178,-0.36480758881749753,0.5738067707339094,0.634356281094804,-0.06054951036089462,1.1264531825840511,1.977107175143939,-0.8506539925598879,0.05230156423101908,0.07752458375760124,0.5723730523769309,0.5040768666625611,0.0299360059629965,0.03907834926985091,-0.00914234330685441,0.0299360059629965,0.03907834926985091,False,0.3769850200597138,0.0567426290457147,0.13542093119021223,0.4190092960298287,0.9122614131540852,0.11834263566378689,0.08760569611686579,1.3508554912447484,False,-0.9318461952149196,False,False,False,0.4952618453865337
MSTB,LHA Market State Tactical Beta ETF,2020-09-30,equity,active_identified,other_equity,not_sector_specific,0.11224107097216929,0.16617271189964256,-0.05393164092747327,1.2212905286361502,1.4709942474412254,-0.24970371880507525,0.43776724302582287,0.6783559556451121,-0.2405887126192892,1.0726622875656553,2.13529752608431,-1.0626352385186546,0.06546176100026968,0.08170122195415774,0.553143654560645,0.5078531450920785,0.03620975771366467,0.04149222252728498,-0.005282464813620311,0.03620975771366467,0.04149222252728498,False,0.5550650990546806,0.07732962996670634,0.12119634649347391,0.6380524842873075,1.058935690106484,0.12956844426719516,0.08671442378361609,1.4941971429172543,False,-0.8561446586299467,False,False,False,0.4900249376558603
CWC,Clockwise Capital Innovation ETF,2022-01-27,equity,active_identified,thematic_equity,not_sector_specific,0.10525287343878986,0.14507583699551385,-0.03982296355672399,0.7586578238650064,1.2583341237092498,-0.49967629984424344,0.24916234886349853,0.6566048203886313,-0.4074424715251328,0.5810948073546313,1.941991259641441,-1.3608964522868097,0.037582072068018356,0.06927658513204797,0.5172147262497632,0.4972750919094156,0.019438001116558985,0.03444952023870961,-0.015011519122150627,0.019438001116558985,0.03444952023870961,False,0.3023146328790953,0.06089764714610202,0.19410478603504078,0.3137359381499664,0.5254737863978083,0.09912246370619493,0.08337134037889815,1.1889273130995923,False,-0.8751913749496258,False,False,False,0.4827930174563591
DBMF,iMGP DBi Managed Futures Strategy ETF,2019-05-08,alternatives,active_identified,managed_futures,not_sector_specific,0.09311844304488659,0.16077548094842298,-0.06765703790353639,1.0786775970631803,1.2193192639142014,-0.14064166685102109,0.4566165672160081,0.4768345995417058,-0.020218032325697743,1.1121018719693496,2.0204505093128784,-0.9083486373435288,0.06305700987558832,0.07296987966033133,0.5202068446848861,0.4318835013002496,0.032802688142643505,0.03151448711716177,0.0012882010254817375,0.032802688142643505,0.03151448711716177,True,0.5626989599229559,0.06282484829859958,0.1261131404991305,0.4981625867847826,1.4263945918757308,0.1286069065043507,0.08678851210231943,1.4818425087496536,False,-0.9836799219648711,False,False,False,0.47206982543640896
QMOM,Alpha Architect U.S. Quantitative Momentum ETF,2015-12-02,equity,active_identified,factor_or_style,not_sector_specific,0.11104010693150079,0.14783775390495046,-0.03679764697344967,0.7350296960589172,1.2238983735589601,-0.4888686775000429,0.283800750533281,0.4384633512807027,-0.15466260074742166,0.648397787667113,2.1144770251861233,-1.4660792375190104,0.03619988666545179,0.07516629507759173,0.48396642389808237,0.42308847365294,0.01751952969499458,0.03180199305452478,-0.0142824633595302,0.01751952969499458,0.03180199305452478,False,1.4236200768928158,0.08577561570164072,0.185856682359432,0.46151483289558304,2.441024043642667,0.12173650275666792,0.07592343338311876,1.6034114545685905,False,-1.1418966216730073,False,False,False,0.47206982543640896
TCHP,T. Rowe Price Blue Chip Growth ETF,2020-08-05,equity,active_identified,factor_or_style,semiconductors,0.12228038615040915,0.1640193400640073,-0.041738953913598165,0.8805526734066804,1.4434501087419584,-0.562897435335278,0.288811507039631,0.6695653871292427,-0.38075388008961175,0.7334301569284677,2.1216349535262786,-1.3882047965978108,0.04354281326247218,0.08025925619107911,0.5257222745346277,0.5097186045276314,0.02289142682798343,0.04090963606614251,-0.018018209238159076,0.02289142682798343,0.04090963606614251,False,0.6691683424849355,0.08790269530554262,0.17692587204010898,0.49683347207476325,1.0841833494147606,0.12836310165514786,0.08603818207878544,1.491931820893256,False,-0.9950983488184927,False,False,False,0.47132169576059846
QVAL,Alpha Architect U.S. Quantitative Value ETF,2014-10-22,equity,active_identified,factor_or_style,not_sector_specific,0.09754446027260077,0.14260127863778327,-0.045056818365182494,0.7540930736981423,1.2030891108226134,-0.4489960371244711,0.18944568620352134,0.4229327954254182,-0.23348710922189683,0.785538135505753,2.111550960205414,-1.326012824699661,0.038425650190360074,0.07332029537110574,0.4811631114391791,0.42850861079250113,0.01848900540466714,0.03141837791236837,-0.012929372507701233,0.01848900540466714,0.03141837791236837,False,1.353485205344482,0.07477683978559546,0.13566100242072524,0.5512036506533409,2.7939407422651743,0.11889899301599538,0.07319266040649776,1.6244660647072202,False,-1.0732624140538793,False,False,False,0.47082294264339153
PSR,Invesco Active U.S. Real Estate Fund,2008-11-21,real_estate,active_identified,real_estate,real_estate,0.12044805250011015,0.1570367406274571,-0.03658868812734695,0.8635894064366091,1.2793137205968514,-0.41572431416024236,0.2846696267053524,0.4657460882014094,-0.181076461496057,0.966134868589478,2.4614726169373973,-1.4953377483479193,0.04911986599466776,0.0769620552142901,0.3701577187528733,0.4356841215404479,0.01818209754203305,0.03353114541798543,-0.015349047875952378,0.01818209754203305,0.03353114541798543,False,4.847475144699124,0.10439231511022484,0.15072033030696028,0.6926226534775847,9.355517101670173,0.14045669658479842,0.06788026283371353,2.069183157538379,False,-1.3765605040607944,False,False,False,0.46683291770573565
DWLD,Davis Select Worldwide ETF,2017-01-12,equity,active_identified,other_equity,not_sector_specific,0.10707738362067043,0.15304761705739867,-0.045970233436728236,0.8310016323670932,1.2353431607153005,-0.40434152834820725,0.2726980017800265,0.4539149798207641,-0.1812169780407376,0.7160778965540614,2.1007447438045492,-1.3846668472504877,0.04276096793154456,0.07609464201745801,0.5064650098751831,0.4191402076038746,0.021656934045722102,0.03189432405273987,-0.010237390007017767,0.021656934045722102,0.03189432405273987,False,1.0915053500405167,0.07952475602963016,0.16494631180862782,0.48212509366014494,2.0962931677707224,0.12435089534891453,0.0792620810563975,1.5688573109812105,False,-1.0867322173210656,False,False,False,0.45860349127182043
FFLG,Fidelity Fundamental Large Cap Growth ETF,2021-02-04,equity,active_identified,factor_or_style,not_sector_specific,0.09565238827516542,0.14682966642658468,-0.05117727815141926,0.6899679497467422,1.319805643916722,-0.6298376941699798,0.2134219993871505,0.5993931106210293,-0.3859711112338788,0.4807699088607049,1.8343164055524754,-1.3535464966917705,0.030971075500608153,0.07310532751148072,0.5381401894522151,0.5025675570449593,0.016666780437436128,0.036740365854416514,-0.020073585416980386,0.016666780437436128,0.036740365854416514,False,0.3784909503802263,0.059213318151136285,0.2101632443764992,0.2817491627844208,0.7784056714335756,0.10868854878522916,0.08922562379678958,1.2181315653535376,False,-0.9363824025691168,False,False,False,0.44837905236907727
EMMF,WisdomTree Emerging Markets Multifactor Fund,2018-08-10,equity,active_identified,factor_or_style,not_sector_specific,0.08306010623616533,0.14924208555353835,-0.06618197931737302,0.7594552147978793,1.158171294546301,-0.3987160797484217,0.2550294836234906,0.44262837641592834,-0.18759889279243774,0.8491893939736519,1.9011033282859344,-1.0519139343122825,0.0433242924989603,0.0690382164378791,0.4591193786832741,0.43209944769260616,0.019891022254015085,0.02983137519249016,-0.009940352938475075,0.019891022254015085,0.02983137519249016,False,0.5233462518254768,0.05355090278985952,0.11179131731699954,0.47902559943907475,1.4583159567613668,0.11792967886771644,0.08547597657491161,1.3796821468820801,False,-0.9006565474430054,False,False,False,0.4463840399002494
DSTX,Distillate International Fundamental Stability & Value ETF,2020-12-15,equity,active_identified,factor_or_style,not_sector_specific,0.09104622232514537,0.15267125458938025,-0.06162503226423488,0.8876087479592448,1.368363334921518,-0.48075458696227324,0.2676824000091631,0.6232398425865734,-0.3555574425774103,0.7689017098110554,1.9298547661651206,-1.160953056354065,0.04435624434297507,0.07601776330818372,0.5496917558166994,0.5037215675972025,0.024382261834324504,0.038291786898831406,-0.013909525064506902,0.024382261834324504,0.038291786898831406,False,0.36278039572955345,0.055609116826483396,0.1445571723330235,0.38468597530653076,0.8659761281386784,0.1152325723242893,0.08817890391815002,1.306804317178304,False,-0.9221183418717731,False,False,False,0.44214463840399004
RHTX,RH Tactical Outlook ETF,2021-11-09,equity,active_identified,other_equity,not_sector_specific,0.0523207743186358,0.12414508972373994,-0.07182431540510414,0.5187382244263807,1.1090996453466069,-0.5903614209202261,0.2120221811175456,0.5067893519668613,-0.2947671708493157,0.4448338540262479,1.443812494915699,-0.998978640889451,0.026047911716862573,0.060222848694948636,0.47992310039867414,0.5021623750361887,0.012500994550067637,0.030241648732100442,-0.017740654182032807,0.012500994550067637,0.030241648732100442,False,0.05930730476741197,0.01202831227243295,0.1458878896644688,0.08244901136137596,0.45611245727493843,0.08110253609607176,0.09588991305357812,0.8457879824205914,False,-0.7633389710592154,False,False,False,0.44164588528678306
DFSD,Dimensional Short-Duration Fixed Income ETF,2021-11-16,fixed_income,active_identified,aggregate_bonds,not_sector_specific,0.02438639968819034,0.12372026516927637,-0.09933386548108603,1.306086948415765,1.1047141143633303,0.20137283405243456,0.28859678967449226,0.5050551185699921,-0.21645832889549982,0.7934065893616075,1.4359058012496873,-0.6424992118880798,0.07858193207339713,0.059918917985641654,0.5000223968783386,0.5025520745144991,0.039292726026670825,0.030112376536348347,0.009180349490322478,0.039292726026670825,0.030112376536348347,True,-0.0699106757085407,-0.014986860139658886,0.06714474633700956,-0.22320227504379248,0.45023965167940094,0.08052901430163795,0.09608811103857307,0.8380746944781841,False,-1.0612769695219766,False,False,False,0.4413965087281796
ADIV,Guinness Atkinson Asia Pacific Dividend Builder ETF,2021-03-29,equity,active_identified,dividend_or_income,not_sector_specific,0.07491466012877068,0.14515990966274983,-0.07024524953397915,0.7703651465815428,1.3029246677923594,-0.5325595212108166,0.23743776870386976,0.5925767721724509,-0.35513900346858107,0.701895434021201,1.7908331810510887,-1.0889377470298878,0.03809838972477574,0.0722298851124789,0.5446471028591988,0.5013000576479667,0.020750177587199777,0.03620884557079168,-0.015458667983591905,0.020750177587199777,0.03620884557079168,False,0.2262848315877095,0.03824756478012081,0.1272696794940998,0.30052377700765687,0.7298330489095408,0.10609663407952818,0.09036053566074975,1.1741479098558927,False,-0.8736241328482358,False,False,False,0.4261845386533666
OSCV,Opus Small Cap Value ETF,2018-07-18,equity,active_identified,factor_or_style,not_sector_specific,0.07965779024109176,0.14905622704273136,-0.0693984368016396,0.6629570603431615,1.159688509234428,-0.4967314488912665,0.187857934338023,0.4420771495245561,-0.2542192151865331,0.8009974943860909,1.9066022896293844,-1.1056047952432935,0.035425281359240855,0.06921323063399298,0.43157717068660495,0.4315269961286228,0.015288742699798095,0.029867377507844566,-0.01457863480804647,0.015288742699798095,0.029867377507844566,False,0.4905258972752977,0.05030835971898018,0.11263433519382032,0.44665207667280077,1.4736645775358626,0.11782026856920469,0.08512297421630602,1.3841183259152996,False,-0.9374662492424988,False,False,False,0.4261845386533666
TGRW,T. Rowe Price Growth Stock ETF,2020-08-05,equity,active_identified,factor_or_style,not_sector_specific,0.11106693684388125,0.1640193400640073,-0.052952403220126065,0.8204157740515101,1.4434501087419584,-0.6230343346904483,0.2563489481203434,0.6695653871292427,-0.4132164390088993,0.6263145528357132,2.1216349535262786,-1.4953204006905654,0.04021733206284265,0.08025925619107911,0.5221869839120781,0.5097186045276314,0.021000967330886317,0.04090963606614251,-0.01990866873525619,0.021000967330886317,0.04090963606614251,False,0.5702921742088762,0.07703273635875174,0.18892342807424778,0.40774581079736455,1.0841833494147606,0.12836310165514786,0.08603818207878544,1.491931820893256,False,-1.0841860100958913,False,False,False,0.4159600997506234
YLD,Principal Active High Yield ETF,2015-07-13,fixed_income,active_identified,high_yield_bonds,not_sector_specific,0.05212946894617665,0.14225445517973534,-0.09012498623355869,0.9111527792635689,1.1825910630336143,-0.2714382837700454,0.18395031574833456,0.4219041720075041,-0.2379538562591695,1.1472161134207566,2.0459339763222593,-0.8987178629015027,0.06431043704018312,0.0722175578166761,0.36471301967972347,0.4248717127963143,0.023454853689847923,0.03068319748353803,-0.007228343793690108,0.023454853689847923,0.03068319748353803,False,0.37499582313915614,0.0289828603894966,0.05157963267638559,0.5619051335890118,2.436717088070223,0.11712511746367338,0.07537765296922548,1.5538440486000828,False,-0.991938915011071,False,False,False,0.4159600997506234
NTRL,First Trust Equity Market Neutral ETF,2020-02-05,fixed_income,active_identified,long_short_market_neutral,not_sector_specific,0.02524882613525259,0.15210593051216215,-0.12685710437690956,0.5982779526668048,1.138480422502443,-0.5402024698356381,0.21059910909848714,0.4511220867499871,-0.24052297765149996,1.365201691353555,1.8166782428667347,-0.4514765515131798,0.04909239380681252,0.06721401231771795,0.28190919818499366,0.43088023006412546,0.013839597375060466,0.028961189090991275,-0.01512159171593081,0.013839597375060466,0.028961189090991275,False,-0.026625466334973313,-0.0040933719263451795,0.0519325779805241,-0.0788208882655563,1.0970190454012614,0.11913313450471819,0.09133511487123976,1.3043519425433128,False,-1.383172830808869,False,False,False,0.4139650872817955
ARKX,ARK Space & Defense Innovation ETF,2021-03-30,equity,active_identified,sector_or_industry,defense_aerospace,0.08876635855196091,0.14579837217126146,-0.05703201361930055,0.6585410720893814,1.3077209960221674,-0.649179923932786,0.20354464089965454,0.5951831257677782,-0.3916384848681237,0.373743627577722,1.7980525527355204,-1.4243089251577985,0.025315815877431508,0.07250925373211205,0.5861917920652361,0.501429292161789,0.014839923476785132,0.0363582637740725,-0.021518340297287372,0.014839923476785132,0.0363582637740725,False,0.3143532558663462,0.05160873914761943,0.2642511330966118,0.1953018650964534,0.7344379407711481,0.10669435367102276,0.09039357593314845,1.180331152624493,False,-0.9850292875280396,False,False,False,0.41122194513715715
GLRY,Inspire Growth ETF,2020-12-09,equity,active_identified,factor_or_style,not_sector_specific,0.09769344606969477,0.1536979534552647,-0.056004507385569946,0.7753319883294136,1.377820185506848,-0.6024881971774343,0.24064220800125596,0.62743106798312,-0.386788859981864,0.5038268248774374,1.9455308696107512,-1.4417040447333138,0.03712895153794594,0.07657473310217427,0.546700700008143,0.5035051054618196,0.02029842379636346,0.038555769066320945,-0.018257345269957485,0.02029842379636346,0.038555769066320945,False,0.41309682896715794,0.062138098710922574,0.218869190682012,0.2839051879220453,0.8798841124227832,0.11632856619229104,0.08805658351550733,1.3210660866919148,False,-1.0371608987698695,False,False,False,0.4112219451371571
PHYL,PGIM Active High Yield Bond ETF,2018-09-27,fixed_income,active_identified,high_yield_bonds,not_sector_specific,0.051937232823162205,0.14743635896357166,-0.09549912614040945,0.9686581350445894,1.1398486911074432,-0.17119055606285383,0.23534629731295395,0.43727287749078564,-0.2019265801778317,0.992468269273691,1.8649687849368062,-0.8725005156631152,0.07481070153492332,0.06760728406108422,0.3191505387539018,0.434095195514218,0.023875875699428128,0.02934799719268163,-0.005472121493253504,0.023875875699428128,0.02934799719268163,False,0.199091267618152,0.023138731580680583,0.0672806382935091,0.3439136751310056,1.3899686310317145,0.11602341304036545,0.08605402170886314,1.3482625301684839,False,-1.0043488550374782,False,False,False,0.40648379052369077
LDUR,PIMCO Enhanced Low Duration Active Exchange-Traded Fund,2014-01-23,fixed_income,active_identified,other_fixed_income,not_sector_specific,0.02433138611126151,0.1396445164987543,-0.1153131303874928,1.143856621778917,1.1968753348519439,-0.05301871307302686,0.2803857053257735,0.4141635074582048,-0.1337778021324313,1.408086386087889,2.1266642500691897,-0.7185778639813007,0.09115065283171335,0.07302666551351386,0.2681172927595674,0.42995922125582003,0.024439066270506182,0.03139848823509967,-0.006959421964593489,0.024439066270506182,0.03139848823509967,False,0.055258177535161934,0.004273209738333117,0.04149235780455305,0.102987874501174,3.0525685143469854,0.11732831002073674,0.0711385217372823,1.6492936197639214,False,-1.5463057452627473,False,False,False,0.39276807980049877
SXQG,ETC 6 Meridian Quality Growth ETF,2021-05-12,equity,active_identified,factor_or_style,not_sector_specific,0.0681715566999499,0.14349935668119262,-0.07532779998124273,0.6571558483676183,1.2855046282572564,-0.6283487798896381,0.20068863038937873,0.5857980057202076,-0.38510937533082884,0.49860975716691325,1.7507141317111312,-1.252104374544218,0.03197471708391161,0.07118219633850184,0.5381068090886298,0.5002337038961864,0.017205812981535375,0.035607733725874335,-0.01840192074433896,0.017205812981535375,0.035607733725874335,False,0.17577165567753883,0.03093869464270349,0.1516322931922708,0.20403763599006583,0.6888791672242953,0.10364082127757634,0.09137948330211308,1.1341804257628116,False,-0.9301427897727458,False,False,False,0.38603491271820445
COMB,GraniteShares Bloomberg Commodity Broad Strategy No K-1 ETF,2017-07-14,commodity,active_identified,broad_commodities,not_sector_specific,0.08390006864087263,0.15071436353564782,-0.0668142948947752,0.842732813643082,1.1972785353304296,-0.35454572168734766,0.25043343681488767,0.44699491960940463,-0.19656148279451696,0.569754104445076,2.015098142782569,-1.445344038337493,0.04600149293624831,0.07279949464245444,0.5240906000602049,0.4254055473453192,0.024108950036623656,0.030969308864835968,-0.006860358828212312,0.024108950036623656,0.030969308864835968,False,0.6452100604656996,0.055970438982154036,0.1862743601256806,0.3004731243977453,1.8425724879447407,0.12106308206943428,0.08137414399883552,1.4877340162394421,False,-1.1872608918416967,False,False,False,0.37605985037406486
GMOM,Cambria Global Momentum ETF,2018-12-19,equity,active_identified,factor_or_style,not_sector_specific,0.0891818437062113,0.1740865866458685,-0.08490474293965722,0.9700396255082209,1.3181116807673796,-0.34807205525915874,0.44737256543340337,0.5163132297237232,-0.06894066429031981,1.0587849575053336,2.2399738498409776,-1.181188892335644,0.0545958860975707,0.0794315572416478,0.5309703931554429,0.4304628764239198,0.028988799105896895,0.03419233660907095,-0.005203537503174056,0.028988799105896895,0.03419233660907095,False,0.5579452709475199,0.05919157863961555,0.1185428452084932,0.49932645479792037,1.779037357705683,0.14175849731155754,0.08475195719319759,1.6726280077333182,False,-1.1733015529353978,False,False,False,0.3738154613466334
REIT,ALPS Active REIT ETF,2021-02-26,real_estate,active_identified,real_estate,real_estate,0.07294488984452574,0.1517151847981355,-0.07877029495360977,0.6796981969941867,1.3565714409024947,-0.676873243908308,0.24893970588732267,0.6193369416259455,-0.3703972357386229,0.5767204888938069,1.8856284637844862,-1.3089079748906793,0.03287944255208466,0.07510117926936997,0.5509206885243062,0.5036931368734309,0.018113965129089853,0.03782794856908284,-0.019713983439992984,0.018113965129089853,0.03782794856908284,False,0.22132510063779476,0.03688689681363733,0.1698832904405609,0.2171308120885696,0.8057481774172697,0.11300999266749656,0.08968964287315412,1.260011625058245,False,-1.0428808129696754,False,False,False,0.36783042394014964
STOT,State Street DoubleLine Short Duration Total Return Tactical ETF,2016-04-14,fixed_income,active_identified,other_fixed_income,not_sector_specific,0.023960694219475887,0.15248738999179312,-0.12852669577231723,1.5808602830162286,1.2558154091606926,0.32504487385553604,0.3947188634929408,0.45225343511939176,-0.05753457162645098,1.5314822904123302,2.1698719788301557,-0.6383896884178255,0.10307738870969557,0.07793450261805182,0.4416399555791498,0.4164995338257531,0.04552309337096471,0.03245968400936052,0.013063409361604189,0.04552309337096471,0.03245968400936052,True,-0.00016054288058242605,-1.5452262812298834e-05,0.03373008553632379,-0.00045811513865443227,2.4159004048385264,0.12550177751914227,0.07644214360813434,1.6417877834837091,False,-1.6422458986223636,False,False,False,0.36783042394014964
GGRW,Gabelli Growth Innovators ETF,2021-02-19,equity,active_identified,factor_or_style,not_sector_specific,0.07893683181833877,0.14594641793808294,-0.06700958611974417,0.6051868638381424,1.309086535971257,-0.7038996721331146,0.1569793724509636,0.5957874832852276,-0.43880811083426396,0.3361998267893362,1.8169005363069461,-1.48070070951761,0.026583253656564488,0.07233830189494662,0.5107118993778288,0.5040535487304587,0.013576383966586662,0.036462377779283114,-0.022885993812696452,0.013576383966586662,0.036462377779283114,False,0.2612684259472111,0.04279824757295225,0.25013142804506805,0.17110303933994642,0.7609543296829184,0.10756337275502004,0.08954019431375076,1.2012858982427006,False,-1.0301828589027542,False,False,False,0.3675810473815461
ARKF,ARK Blockchain & Fintech Innovation ETF,2019-02-04,equity,active_identified,sector_or_industry,technology,0.11919700051872084,0.164165051341288,-0.04496805082256716,0.6887859018806548,1.253249255519709,-0.5644633536390542,0.15158826832202893,0.4868875282057398,-0.33529925988371084,0.2738706993893086,2.09652993178268,-1.8226592323933717,0.0247901413532848,0.07553230091555198,0.5242446057144462,0.42963346844971045,0.012996097879358176,0.03245120442233584,-0.019455106542977663,0.012996097879358176,0.03245120442233584,False,0.8995219023344043,0.08831428852505696,0.46188644139051105,0.1912034660709815,1.5606176194840051,0.1320415074281085,0.0853936379157668,1.5462686758743742,False,-1.3550652098033926,False,False,False,0.36458852867830427
TMFG,Motley Fool Global Opportunities ETF,2021-12-13,equity,active_identified,other_equity,not_sector_specific,0.03769777913410444,0.12715308552972404,-0.0894553063956196,0.4192595456578723,1.1313346291266342,-0.7120750834687619,0.11198151689713869,0.5190686958267433,-0.4070871789296046,0.27447507440482183,1.4651825070270685,-1.1907074326222467,0.01771824633516226,0.061619435129305095,0.5201187382826743,0.500386175626841,0.009215591928426211,0.03083351348863919,-0.02161792156021298,0.009215591928426211,0.03083351348863919,False,-0.01309792317498737,-0.002786102430947235,0.15481642702221438,-0.017996168007077578,0.4587500288743247,0.08317926874238868,0.09678736206322408,0.859402167486017,False,-0.8773983354930946,False,False,False,0.3633416458852868
JEMA,JPMorgan ActiveBuilders Emerging Markets Equity ETF,2021-03-18,equity,active_identified,other_equity,not_sector_specific,0.07560276913231712,0.147280775925132,-0.07167800679281489,0.6746465241715943,1.3218100631504088,-0.6471635389788145,0.19138189790330282,0.6012346453200144,-0.4098527474167115,0.38077495462216987,1.8216150939853253,-1.4408401393631554,0.032137246486837225,0.07329888789134532,0.5292701982555934,0.5016847529899929,0.01700928681947721,0.036772934466210765,-0.019763647646733554,0.01700928681947721,0.036772934466210765,False,0.23323483077785712,0.039106867211337715,0.23508970276058241,0.16634870329120505,0.7545236643772855,0.10835279258815533,0.09013123572345826,1.2021669482109918,False,-1.0358182449197868,False,False,False,0.36234413965087287
AFGR,First Trust Multi-Manager Large Growth ETF,2020-07-22,equity,active_identified,factor_or_style,not_sector_specific,0.10782490653236487,0.16594454460081365,-0.058119638068448776,0.7725878014641403,1.4597651270648175,-0.6871773256006772,0.23455282047331,0.677424523256035,-0.442871702782725,0.5441281032501526,2.1534267029599,-1.6092985997097475,0.03651893118535209,0.08113112449594684,0.53253585743252,0.5110098568798374,0.01944764033131067,0.04145880431717406,-0.02201116398586339,0.01944764033131067,0.04145880431717406,False,0.548643359853509,0.07409268335302688,0.21310671888453084,0.3476787768159157,1.1175787629606058,0.13044263327773842,0.08576204158066598,1.5209833030274449,False,-1.1733045262115291,False,False,False,0.3623441396508728
GCC,WisdomTree EnhancedContinuous Commodity Index Fund,2008-01-24,commodity,active_identified,broad_commodities,not_sector_specific,0.01608222828141037,0.11828179601829958,-0.10219956773688921,0.24552004667691912,0.9429745167984167,-0.6974544701214975,0.025452287780239807,0.22975618449487484,-0.20430389671463503,0.0429102989854366,1.0545987081811308,-1.0116884091956941,0.009018936326989562,0.05590717741757442,0.4950345347051916,0.4075612718052235,0.0044646849481670275,0.0227856003313469,-0.018320915383179873,0.0044646849481670275,0.0227856003313469,False,0.023952599956415188,0.0012725619381770414,0.406693733087009,0.0031290424086883742,5.094921351403654,0.10198254403280371,0.11638231062220437,0.8762718620001917,False,-0.8731428195915033,False,False,False,0.3618453865336658
VEGA,AdvisorShares STAR Global Buy-Write ETF,2012-09-18,equity,active_identified,other_equity,not_sector_specific,0.062348014404073115,0.1459308299387867,-0.08358281553471358,0.7957512173180221,1.2737850975424845,-0.47803388022446236,0.2197440428113115,0.43280771697379067,-0.21306367416247918,1.0587539761624218,2.325899036532078,-1.2671450603696561,0.0490908944820323,0.07793121465078531,0.42549512747677465,0.4340858420914719,0.020887936405581228,0.033828836936897394,-0.012940900531316166,0.020887936405581228,0.033828836936897394,False,0.8099901201399613,0.043415787612688606,0.0673210825755685,0.6449062604415787,4.210293412526066,0.1255090641280694,0.0679251603651037,1.8477551389418465,False,-1.2028488785002678,False,False,False,0.3605985037406484
SMMU,Short Term Municipal Bond Active Exchange-Traded Fund,2010-02-03,fixed_income,active_identified,target_maturity,not_sector_specific,0.014918065211252829,0.14464407541596036,-0.12972601020470753,0.8534028029815195,1.2399696535900662,-0.3865668506085467,0.2931968905492252,0.4289914069619599,-0.1357945164127347,1.53031987078006,2.2997105629990413,-0.7693906922189813,0.05852755044449104,0.07495893286444978,0.40339514625772205,0.4408856803608522,0.023609729771661668,0.033048320115066386,-0.009438590343404718,0.023609729771661668,0.033048320115066386,False,-0.00911040829965648,-0.000551731259737509,0.03487859257580307,-0.015818621652763338,6.283478747683692,0.12719694201142873,0.06731119321985822,1.8896848492340046,False,-1.905503470886768,False,False,False,0.341645885286783
DFNM,Dimensional National Municipal Bond ETF,2021-11-16,fixed_income,active_identified,municipal_bonds,not_sector_specific,0.010632752055396377,0.12372026516927637,-0.11308751311387999,0.5906944160506369,1.1047141143633303,-0.5140196983126935,0.15221562515814016,0.5050551185699921,-0.35283949341185195,0.4024441570800691,1.4359058012496873,-1.033461644169618,0.038396055836740293,0.059918917985641654,0.4818126571208067,0.5025520745144991,0.018499705685658698,0.030112376536348347,-0.01161267085068965,0.018499705685658698,0.030112376536348347,False,-0.12833580789140298,-0.028211873321632885,0.08882174891624738,-0.31762348372845806,0.45023965167940094,0.08052901430163795,0.09608811103857307,0.8380746944781841,False,-1.155698178206642,False,False,False,0.3329177057356608
IVAL,Alpha Architect International Quantitative Value ETF,2014-12-17,equity,active_identified,factor_or_style,not_sector_specific,0.06827834258732346,0.14009699956736021,-0.07181865698003675,0.6205201887886653,1.1811507239678414,-0.560630535179176,0.1481461187284671,0.415505500537904,-0.2673593818094369,0.4632303106332156,2.0614185008351513,-1.5981881902019357,0.03192728343675832,0.07183323426468527,0.4844959511869504,0.428536402526119,0.015468639557507588,0.03078315579360417,-0.015314516236096583,0.015468639557507588,0.03078315579360417,False,0.6907069844973179,0.04584475900359908,0.18123986563843342,0.2529507448160308,2.62341254189602,0.11615524177472136,0.07365890680811905,1.576934098103098,False,-1.323983353287067,False,False,False,0.32418952618453867
AADR,AdvisorShares Dorsey Wright ADR ETF,2010-07-21,equity,active_identified,other_equity,not_sector_specific,0.08861773462609435,0.15024723344232527,-0.06162949881623092,0.7123421058758487,1.2906615260187835,-0.5783194201429348,0.19689123117187868,0.4456094857754062,-0.24871825460352753,0.6661706813890184,2.4276278263668054,-1.7614571449777872,0.037783561319168255,0.07834406832769238,0.4654792443821946,0.43988332780241485,0.017587463572914755,0.03446224948956509,-0.016874785916650335,0.017587463572914755,0.03446224948956509,False,2.049962811556929,0.07160936479355384,0.14621699725833262,0.4897471985902991,6.4114237088642225,0.13227597528349766,0.06647944448436113,1.9897274459718859,False,-1.4999802473815869,False,False,False,0.31596009975062345
HYLS,First Trust Tactical High Yield ETF,2013-02-27,fixed_income,active_identified,high_yield_bonds,not_sector_specific,0.043098457801375556,0.14699803713030568,-0.10389957932893013,0.9785332346725168,1.2720024926035978,-0.2934692579310809,0.18744573476899035,0.4359728843910739,-0.24852714962208355,1.0610827070274527,2.311938811906105,-1.2508561048786524,0.06886483069942934,0.07786727154374151,0.36055822880054716,0.43336477762916187,0.02482978138363579,0.0337449328171431,-0.008915151433507313,0.02482978138363579,0.0337449328171431,False,0.37714367987484554,0.02395713460058957,0.055683098918554316,0.430240684621932,3.9703473023780473,0.1259501101823024,0.06885893473706685,1.8291033787152577,False,-1.3988626940933258,False,False,False,0.31371571072319204
MFMS,MFAM Small-Cap Growth ETF,2018-10-29,equity,active_identified,factor_or_style,not_sector_specific,0.09000383541797508,0.16116858117493638,-0.0711647457569613,0.6562653454990265,1.2266444478120315,-0.570379102313005,0.18447291380628558,0.47800047252173705,-0.29352755871545144,0.38056115887632697,2.048117677568634,-1.6675565186923071,0.02954747036597608,0.07323929465283963,0.5195802084207392,0.43340354197091774,0.015352280811059466,0.03174216971399239,-0.01638988890293292,0.015352280811059466,0.03174216971399239,False,0.5706426551416022,0.06026321945558988,0.2742327542624898,0.21975208474880867,1.5585788878115374,0.12948624417924215,0.08571400487200194,1.5106777984835265,False,-1.2909257137347179,False,False,False,0.3117206982543641
ARKG,ARK Genomic Revolution ETF,2014-10-31,equity,active_identified,sector_or_industry,healthcare_biotech,0.0816207416247472,0.1385360073933013,-0.0569152657685541,0.576326204278726,1.1732778569739857,-0.5969516526952596,0.0976434430538587,0.4108758451090149,-0.31323240205515623,0.17159113032790432,2.0489485828789076,-1.8773574525510033,0.016706460889448205,0.0713813886223486,0.5589329874575075,0.4280612209708195,0.009337792094781293,0.0305556043682751,-0.021217812273493807,0.009337792094781293,0.0305556043682751,False,0.9749156176840854,0.05913921639876207,0.4888541255098025,0.12097518116900133,2.6252623840806764,0.11487149636288585,0.07327862255436265,1.5675990126270047,False,-1.4466238314580033,False,False,False,0.30897755610972566
WBIL,WBI BullBear Quality 3000 ETF,2014-08-27,equity,active_identified,factor_or_style,not_sector_specific,0.046894547410221366,0.13745602691055292,-0.09056147950033155,0.5927592274505538,1.1677768921984375,-0.5750176647478837,0.18534859227270872,0.40767279413403845,-0.22232420186132973,0.5611526205983666,2.045439765731861,-1.4842871451334945,0.03278783293374298,0.0708985797554686,0.519876248819659,0.4296029880265034,0.017045615592519978,0.03045824170978467,-0.013412626117264691,0.017045615592519978,0.03045824170978467,False,0.3525864994330872,0.025440066560961094,0.09900576776404339,0.25695539901868564,2.667273313045466,0.11414562892768365,0.07281556248480518,1.5675993569575601,False,-1.3106439579388744,False,False,False,0.3064837905236908
TESL,Simplify Volt TSLA Revolution ETF,2020-12-29,equity,active_identified,thematic_equity,not_sector_specific,0.08209961580703573,0.1518894493468228,-0.06978983353978707,0.6348869883083836,1.3585536955617101,-0.7236667072533265,0.11879017829091594,0.6200483303558305,-0.5012581520649145,0.20343933396793773,1.9139771731384385,-1.7105378391705008,0.014535792883565088,0.0753709511657846,0.485321745614846,0.5044047878823482,0.007054536376147664,0.038017468635268406,-0.03096293225912074,0.007054536376147664,0.038017468635268406,False,0.29620960014401176,0.046726330270912,0.4194949590970065,0.11138710789634715,0.8487664306922684,0.1142347696827839,0.08845534313088312,1.2914400152600867,False,-1.1800529073637396,False,False,False,0.3047381546134663
MID,American Century Mid Cap Growth Impact ETF,2020-07-27,equity,active_identified,factor_or_style,not_sector_specific,0.09206419933430388,0.1684873562126903,-0.07642315687838641,0.6998879668804822,1.478672266920608,-0.7787843000401259,0.2292950507098947,0.6878048762109886,-0.4585098255010939,0.5258497068572796,2.1844068215038064,-1.6585571146465268,0.031548302419160304,0.08228108245572216,0.5546556019199416,0.5104496508054723,0.017498442667851707,0.04200034980741965,-0.024501907139567944,0.017498442667851707,0.04200034980741965,False,0.41694737579690844,0.05874068312171965,0.19923234316461846,0.2948350764172078,1.1414548175003327,0.13283184494999256,0.08584210866405896,1.5473972741026996,False,-1.2525621976854917,False,False,False,0.29975062344139647
DINT,Davis Select International ETF,2018-03-05,equity,active_identified,other_equity,not_sector_specific,0.06457046947400413,0.14759602363482238,-0.08302555416081825,0.5555772741939676,1.1589417967159907,-0.6033645225220231,0.14311535845872386,0.437746417604786,-0.29463105914606214,0.34644607309699194,1.9234254974649334,-1.5769794243679414,0.023911741329048983,0.06915596924761246,0.5235378800645117,0.43320631827907385,0.012518702364061276,0.029958802824779047,-0.01744010046071777,0.012518702364061276,0.029958802824779047,False,0.35171993403203095,0.03608708837790209,0.20730677594215507,0.1740757783429688,1.5594707190359065,0.1168912315868964,0.08352457740345744,1.399483064993727,False,-1.2254072866507584,False,False,False,0.29875311720698255
TMFS,Motley Fool Small-Cap Growth ETF,2018-11-05,equity,active_identified,factor_or_style,not_sector_specific,0.08109846733145232,0.15863371449981667,-0.07753524716836435,0.6141033461124469,1.2150511490467668,-0.6009478029343199,0.16621859123017843,0.47048245964569363,-0.3042638684155152,0.34411125124342545,2.0312831106313287,-1.6871718593879033,0.02688638832374907,0.07257248463299644,0.5229495899412168,0.43279583892527557,0.014060225748904894,0.03140906936962937,-0.017348843620724475,0.014060225748904894,0.03140906936962937,False,0.480890889170557,0.05142189644584261,0.27515459219847305,0.18688365705614404,1.5472351634223696,0.12682877110397195,0.08506994639724255,1.4908763491131454,False,-1.3039926920570013,False,False,False,0.2920199501246883
OBND,State Street Loomis Sayles Opportunistic Bond ETF,2021-09-28,fixed_income,active_identified,other_fixed_income,not_sector_specific,0.02164246505609957,0.13819636576536287,-0.1165539007092633,0.7030102143559601,1.221883116753347,-0.5188729023973869,0.13655311756476587,0.5641499539470766,-0.4275968363823107,0.35785925266670177,1.6269592299084956,-1.269099977241794,0.03942533904700606,0.06701722902001883,0.5513532143303591,0.5026223669498456,0.02173728740963101,0.03368435827646175,-0.011947070866830736,0.02173728740963101,0.03368435827646175,False,-0.07926499882865023,-0.016599216599566424,0.09927509808459858,-0.16720423268100107,0.568973683545499,0.09559188859257328,0.09472625331997897,1.0091382826012367,False,-1.1763425152822378,False,False,False,0.2817955112219451
BITS,Global X Blockchain & Bitcoin Strategy ETF,2021-11-16,crypto,active_identified,crypto,not_sector_specific,0.01631942358547689,0.12372026516927637,-0.10740084158379948,0.48478283247627924,1.1047141143633303,-0.619931281887051,0.019636459383085968,0.5050551185699921,-0.48541865918690613,0.033729452327930544,1.4359058012496873,-1.4021763489217567,0.0022004871703123615,0.059918917985641654,0.5952011319219375,0.5025520745144991,0.0013097324545496187,0.030112376536348347,-0.02880264408179873,0.0013097324545496187,0.030112376536348347,False,-0.10454240131593762,-0.022743774388550464,0.5000583511496307,-0.04548224089501292,0.45023965167940094,0.08052901430163795,0.09608811103857307,0.8380746944781841,False,-0.883556935373197,False,False,False,0.27855361596009975
GK,AdvisorShares Gerber Kawasaki ETF,2021-07-02,equity,active_identified,other_equity,not_sector_specific,0.030122473535838745,0.13205653506447534,-0.1019340615286366,0.3425552678427157,1.1877059531958145,-0.8451506853530988,0.06312891146946334,0.5390857260423462,-0.47595681457288286,0.11143150476399433,1.5893434618735642,-1.47791195710957,0.010694200617416948,0.06517937976706047,0.540736414669207,0.5021626700297651,0.00578274369961526,0.03273065137471114,-0.026947907675095875,0.00578274369961526,0.03273065137471114,False,-0.034269601017849594,-0.006716084005801037,0.3121156860226109,-0.021517931672663505,0.5736529623293234,0.09157267913594902,0.09263194948179844,0.9885647408720729,False,-1.0100826725447365,False,False,False,0.2770573566084788
GVAL,Cambria Global Value ETF,2014-03-12,equity,active_identified,factor_or_style,not_sector_specific,0.0638953275740306,0.13899751841580632,-0.07510219084177572,0.577802337888078,1.1904401062990382,-0.6126377684109602,0.13370098959134188,0.4122446136693832,-0.27854362407804134,0.343452480986557,2.1066523398807093,-1.7631998588941524,0.03005833046692447,0.07258766966074645,0.46959530957351486,0.42949302098512304,0.014115251000878409,0.031175897528864155,-0.017060646527985744,0.014115251000878409,0.031175897528864155,False,0.6883506760985938,0.04285296832571128,0.208091825133492,0.20593297357174353,2.955773138689773,0.11646974303765778,0.07148591609507078,1.6292683845970717,False,-1.4233354110253282,False,False,False,0.2765586034912718
PREF,Principal Spectrum Preferred Securities Active ETF,2017-07-11,fixed_income,active_identified,income_and_hybrid_securities,not_sector_specific,0.04041432555326696,0.15230830511633697,-0.11189397956307001,0.8326985476039805,1.2079968095462381,-0.37529826194225757,0.17581050677640936,0.4517222977571,-0.27591179098069063,0.672150374851212,2.037737877624461,-1.365587502773249,0.07895386557552121,0.0735257372785681,0.2521722422916715,0.42540948442647986,0.0199099733197744,0.03127854598775247,-0.011368572667978069,0.0199099733197744,0.03127854598775247,False,0.13175267681271952,0.0136182690163551,0.08113279940418923,0.1678515855038022,1.881847422403312,0.12263039917686336,0.0813211027260622,1.5079775736681218,False,-1.3401259881643197,False,False,False,0.2750623441396509
FSMB,First Trust Short Duration Managed Municipal ETF,2018-11-27,fixed_income,active_identified,municipal_bonds,not_sector_specific,0.02120157132353806,0.1627101197055798,-0.14150854838204174,1.0356096110272577,1.2409674344528991,-0.20535782342564146,0.33526166399022433,0.48257243152693685,-0.14731076753671252,1.1080907598994612,2.0806560663111693,-0.9725653064117081,0.09051950466455229,0.07441071661308352,0.2566476481385705,0.4312170851738295,0.023231617982825706,0.03208717232358972,-0.008855554340764016,0.023231617982825706,0.03208717232358972,False,-0.05218123973246647,-0.006873403731198824,0.06437933471989843,-0.10676413108497665,1.598079757591945,0.1307447775799142,0.08517802890797134,1.534958947232442,False,-1.6417230783174188,False,False,False,0.272069825436409
IMOM,Alpha Architect International Quantitative Momentum ETF,2015-12-23,equity,active_identified,factor_or_style,not_sector_specific,0.06841063971214112,0.14935173731950124,-0.08094109760736012,0.5978951872855413,1.235635882556317,-0.6377406952707757,0.14956217941267588,0.4429535861780359,-0.29339140676536,0.3921217894391292,2.133507909048944,-1.7413861196098148,0.029516651347200985,0.07613166972976654,0.4781170743146763,0.4210459383585249,0.014112414985690084,0.03205493032017086,-0.017942515334480776,0.014112414985690084,0.03205493032017086,False,0.585201373867531,0.043998642001175314,0.19860968340125693,0.22153321654656474,2.462773321805834,0.12309032533272246,0.07603048273847242,1.6189601972688403,False,-1.3974269807222757,False,False,False,0.270573566084788
WBIF,WBI BullBear Value 3000 ETF,2014-08-27,equity,active_identified,factor_or_style,not_sector_specific,0.04170716571790445,0.13745602691055292,-0.09574886119264847,0.5428786520378581,1.1677768921984375,-0.6248982401605794,0.2055802514400044,0.40767279413403845,-0.20209254269403404,0.4554705639482512,2.045439765731861,-1.5899692017836098,0.029390567205710108,0.0708985797554686,0.52826156703056,0.4296029880265034,0.01552590708800541,0.03045824170978467,-0.014932334621779259,0.01552590708800541,0.03045824170978467,False,0.2741772015964865,0.020358992214929428,0.12471165857366388,0.16324850818100464,2.667273313045466,0.11414562892768365,0.07281556248480518,1.5675993569575601,False,-1.4043508487765555,False,False,False,0.26583541147132167
MUNI,PIMCO Intermediate Municipal Bond Active Exchange-Traded Fund,2009-12-15,fixed_income,active_identified,municipal_bonds,not_sector_specific,0.025574807916859177,0.14280616795469725,-0.11723136003783807,1.0171023951437803,1.2273149684666746,-0.21021257332289434,0.22924792109404946,0.42354046467202683,-0.19429254357797737,0.9082720342587309,2.2746099575877143,-1.3663379233289834,0.07308838338374972,0.07406501652404136,0.3817812664037809,0.442059236223944,0.027903775567653024,0.03274112463553152,-0.004837349067878496,0.027903775567653024,0.03274112463553152,False,0.18219023764333975,0.01006012668365841,0.057348769824422254,0.17542009557412086,6.221601988652982,0.12551803522143845,0.06717152505126518,1.8686197034479017,False,-1.693199607873781,False,False,False,0.2633416458852868
KDRN,Kingsbarn Tactical Bond ETF,2021-12-21,fixed_income,active_identified,other_fixed_income,not_sector_specific,0.0076634599073446275,0.1287515982644083,-0.12108813835706367,0.20978172136255455,1.1435934907231442,-0.9338117693605896,0.050121212877829585,0.5255941994509635,-0.47547298657313397,0.12758648869284187,1.4799763234219836,-1.3523898347291416,0.011244287020336143,0.06253868285922373,0.44417920608259137,0.4984386726126854,0.004994478481657695,0.031171698071297178,-0.026177219589639485,0.004994478481657695,0.031171698071297178,False,-0.14112096180365685,-0.03182445357951513,0.11570015207000392,-0.27505973855816435,0.4646876635472721,0.0845185311404717,0.09702612961373101,0.8710904111804408,False,-1.146150149738605,False,False,False,0.25486284289276806
ABLG,Abacus FCF International Leaders ETF,2017-07-10,equity,active_identified,other_equity,not_sector_specific,0.052581031269135936,0.15216592885762825,-0.09958489758849232,0.5054818230873971,1.207116344997001,-0.701634521909604,0.1538734124325015,0.4513000323351269,-0.2974266199026254,0.4361900988692233,2.036275117147285,-1.6000850182780617,0.026246137339754068,0.07348053933231251,0.4147023984120881,0.4252597546967781,0.010884336103849073,0.031248316131446175,-0.020363980027597102,0.010884336103849073,0.031248316131446175,False,0.2589231670874894,0.025476012953807414,0.156164628448361,0.16313561660495723,1.8796147244445152,0.12249649944911134,0.08130344694017876,1.5066581314718612,False,-1.3435225148669039,False,False,False,0.2523690773067332
FMB,First Trust Managed Municipal ETF,2014-05-15,fixed_income,active_identified,municipal_bonds,not_sector_specific,0.02686013065244719,0.1406424824419632,-0.11378235178951601,0.8398627357743484,1.1991618327707698,-0.3592990969964214,0.18972654843668868,0.4171233163051704,-0.22739676786848173,0.6438964849237946,2.116859678310703,-1.4729631933869083,0.0644348777743005,0.07320824013461694,0.33992812597141825,0.4282638554908225,0.021903227249015358,0.03135244317374902,-0.009449215924733665,0.021903227249015358,0.03135244317374902,False,0.0800455972757419,0.006276537152806183,0.08151055682605193,0.07700275151107927,2.9364714906955593,0.11777810151396984,0.07198610490230858,1.636122716652123,False,-1.559119965141044,False,False,False,0.2506234413965087
PHDG,Invesco S&P 500 Downside Hedged ETF,2012-12-06,equity,active_identified,broad_equity,not_sector_specific,0.05611310878954345,0.15063421640340557,-0.09452110761386212,0.7950584513488578,1.3052561877552995,-0.5101977364064417,0.31334283609409347,0.4467572159155225,-0.133414379821429,0.7042974737571598,2.3878065784518605,-1.6835091046947008,0.04649896476919048,0.07998555370934313,0.4337754538214462,0.4338319975921538,0.02017010954498304,0.034700292544238835,-0.014530182999255795,0.02017010954498304,0.034700292544238835,False,0.6481926783995935,0.03702434436496982,0.09704690019172899,0.3815098090904844,4.353831986888655,0.129837025919753,0.06831863953267356,1.9004626966796976,False,-1.5189528875892133,False,False,False,0.2483790523690773
MINO,PIMCO Municipal Income Opportunities Active Exchange-Traded Fund,2021-09-10,fixed_income,active_identified,municipal_bonds,not_sector_specific,0.00881100460553319,0.13139981998819272,-0.12258881538265953,0.30019269788797925,1.1699646200209772,-0.869771922132998,0.05782722827878162,0.5364048611875477,-0.4785776329087661,0.1537663204959675,1.5534121933439828,-1.3996458728480152,0.017754007709033483,0.06393714214722795,0.48514682157829925,0.5034879805540521,0.008613300410314217,0.03219158258210517,-0.023578282171790955,0.008613300410314217,0.03219158258210517,False,-0.13458724016554902,-0.02859171838403507,0.1072197499019151,-0.26666466215590734,0.532525105455733,0.08945198846744828,0.09432012540063688,0.9483870816274835,False,-1.2150517437833908,False,False,False,0.24064837905236908
VICE,AdvisorShares Vice ETF,2017-12-13,equity,active_identified,other_equity,not_sector_specific,0.0438943383971071,0.14705919748821383,-0.10316485909110673,0.44610495216426194,1.1622695577028792,-0.7161646055386173,0.1147096187395163,0.43615427632098086,-0.32144465758146457,0.2905926335954511,1.9076101748566352,-1.617017541261184,0.020644031548107525,0.06950509059818251,0.4783135383769691,0.4335357111026568,0.00987431977614109,0.03013293887773764,-0.02025861910159655,0.00987431977614109,0.03013293887773764,False,0.15136770540546385,0.01632078682309057,0.18741552825686308,0.08708342886466726,1.6155722095968335,0.11676063682262328,0.08387118391703616,1.3921424662148654,False,-1.305059037350198,False,False,False,0.23940149625935164
JIG,JPMorgan International Growth ETF,2020-06-01,equity,active_identified,factor_or_style,not_sector_specific,0.09113959578689212,0.17536597624404937,-0.08422638045715725,0.7955717666925148,1.5047362980797014,-0.7091645313871866,0.20831374605718353,0.715885015311747,-0.5075712692545634,0.44347458124723893,2.2974882018822593,-1.8540136206350204,0.038604962299279046,0.08443277079749573,0.5452408621479692,0.5098626250408284,0.021049002927248754,0.04304911415828177,-0.022000111231033015,0.021049002927248754,0.04304911415828177,False,0.42842811339323306,0.05862534091258875,0.24208054107119303,0.24217287623852315,1.2749630575663735,0.14034190684931414,0.08491534124614801,1.6527273492607018,False,-1.4105544730221786,False,False,False,0.23541147132169576
DFCF,Dimensional Core Fixed Income ETF,2021-11-16,fixed_income,active_identified,aggregate_bonds,not_sector_specific,0.0009330200169759273,0.12372026516927637,-0.12278724515230044,0.06598345790299882,1.1047141143633303,-1.0387306564603316,0.004769192372640895,0.5050551185699921,-0.5002859261973512,0.010072131846398071,1.4359058012496873,-1.4258336694032892,0.001226631905583147,0.059918917985641654,0.5730019359163037,0.5025520745144991,0.0007028624565558479,0.030112376536348347,-0.0294095140797925,0.0007028624565558479,0.030112376536348347,False,-0.1677630446351358,-0.037538786988074335,0.1547595810053265,-0.24256195800105151,0.45023965167940094,0.08052901430163795,0.09608811103857307,0.8380746944781841,False,-1.0806366524792357,False,False,False,0.23416458852867827
VMOT,Alpha Architect Value Momentum Trend ETF,2017-05-02,equity,active_identified,factor_or_style,not_sector_specific,0.048966590833375845,0.14923181253375017,-0.10026522170037433,0.5447725558686849,1.191074088489759,-0.6463015326210741,0.14105808974154688,0.44259790826712914,-0.30153981852558226,0.3140367930827816,2.0022374487307086,-1.688200655647927,0.028021997099032397,0.07273767086487877,0.5224560502665065,0.4222754634639978,0.01464026192493997,0.030715333675758412,-0.016075071750818442,0.01464026192493997,0.030715333675758412,False,0.22680974485029592,0.02244923002576993,0.2037651486967682,0.11017207883364591,1.8432878453566435,0.12017979611030505,0.08108609175097446,1.4821258925561764,False,-1.3719538137225304,False,False,False,0.23216957605985036
DFIP,Dimensional Inflation-Protected Securities ETF,2021-11-16,fixed_income,active_identified,inflation_linked,not_sector_specific,0.0003725161364616092,0.12372026516927637,-0.12334774903281476,0.055400101549932426,1.1047141143633303,-1.049314012813398,0.0024894238399520824,0.5050551185699921,-0.50256569473004,0.004666166436106165,1.4359058012496873,-1.4312396348135812,0.0004908447300018805,0.059918917985641654,0.5178804833614209,0.5025520745144991,0.00025419890602878,0.030112376536348347,-0.029858177630319567,0.00025419890602878,0.030112376536348347,False,-0.16999743571784642,-0.03807774737198544,0.14691844309273852,-0.2591760882461151,0.45023965167940094,0.08052901430163795,0.09608811103857307,0.8380746944781841,False,-1.0972507827242992,False,False,False,0.2314214463840399
ESGB,IQ MacKay ESG Core Plus Bond ETF,2021-06-28,fixed_income,active_identified,other_fixed_income,not_sector_specific,0.008519579714757919,0.13076777695890374,-0.12224819724414582,0.27810622265460333,1.1712654888440717,-0.8931592661894683,0.04494540300534946,0.533824713410932,-0.4888793104055825,0.09608480543382716,1.5550502147599625,-1.4589654093261353,0.014068887052378234,0.06420670462637344,0.5783145921290743,0.5016900014146698,0.008136242677406133,0.032211861734836575,-0.024075619057430442,0.008136242677406133,0.032211861734836575,False,-0.1312138316194208,-0.027461083696967203,0.14250687631617145,-0.1927000605643825,0.5485109342289596,0.09042569972219772,0.09374592093769789,0.9645827660308895,False,-1.1572828265952722,False,False,False,0.23142144638403989
AAVM,Alpha Architect Global Factor Equity ETF,2017-05-04,equity,active_identified,factor_or_style,not_sector_specific,0.05247441329078528,0.1514119193520469,-0.09893750606126162,0.5649912558423548,1.2099278372710356,-0.6449365814286808,0.15116860501045307,0.4490637596241165,-0.29789515461366345,0.33881432528879324,2.0457077240449575,-1.7068933987561643,0.02935607281583609,0.07395865835614,0.5025380271829524,0.4229934435166213,0.014752542918709366,0.031284027575933,-0.016531484657223636,0.014752542918709366,0.031284027575933,False,0.26724826134697044,0.025693111180474792,0.20238456375907674,0.12695193103294414,1.9319392973200076,0.1221130498724905,0.08052680745767908,1.5164273082186586,False,-1.3894753771857145,False,False,False,0.23092269326683293
USDU,WisdomTree Bloomberg U.S. Dollar Bullish Fund,2013-12-18,currency,active_identified,currency,not_sector_specific,0.031184099541199828,0.13951102745083444,-0.10832692790963461,0.6691462498629427,1.1990150022601258,-0.5298687523971831,0.21442076035292595,0.4137676000951382,-0.19934683974221223,0.519918851626621,2.1315911936378162,-1.6116723420111954,0.03864299562857573,0.07322695242285449,0.47335966932599544,0.429633844599703,0.018292035632508495,0.03146077709775051,-0.013168741465242016,0.018292035632508495,0.03146077709775051,False,0.15123907449209728,0.011140713759517418,0.0736327665095215,0.15130103468374784,3.0986993915537386,0.11736206381200365,0.07090281269797206,1.6552525823190707,False,-1.503951547635323,False,False,False,0.22743142144638404
AVRE,Avantis Real Estate ETF,2021-09-30,real_estate,active_identified,real_estate,real_estate,0.019680209442322294,0.1408148894912824,-0.12113468004896011,0.2850708181035596,1.2423267727357832,-0.9572559546322236,0.059112297256950996,0.5748393814960975,-0.5157270842391465,0.11556751279650931,1.6564644093915788,-1.5408968965950696,0.010132268164219188,0.06823133237023804,0.5502583085169708,0.5024899349609341,0.005575364741483603,0.03428555776501879,-0.02871019302353519,0.005575364741483603,0.03428555776501879,False,-0.08805086711703014,-0.018528851873343966,0.22802913616305287,-0.08125651039652608,0.5857248110249005,0.09806671642804621,0.09480203460424645,1.0344368328952882,False,-1.1156933432918144,False,False,False,0.21446384039900251
INMU,iShares Intermediate Muni Income Active ETF,2021-03-19,fixed_income,active_identified,municipal_bonds,not_sector_specific,0.016098431290828996,0.14774891172531346,-0.13165048043448446,0.650544159596845,1.3252815569777676,-0.6747373973809226,0.15102199210591155,0.6031456853727009,-0.4521236932667893,0.4078982345102278,1.8267403777877689,-1.418842143277541,0.042344926499670685,0.0734929854615561,0.45973068571425785,0.5018801797119152,0.019467262096213453,0.03688467275101095,-0.017417410654797495,0.019467262096213453,0.03688467275101095,False,-0.09643919474432794,-0.018395085221326046,0.08853755126677113,-0.2077659135376367,0.7577797063628453,0.10878625336542314,0.09016403862761077,1.206537052036062,False,-1.4143029655736987,False,False,False,0.21321695760598502
FAAR,First Trust Alternative Absolute Return Strategy ETF,2016-05-23,alternatives,active_identified,absolute_return,not_sector_specific,0.04309782365651138,0.15570905109258337,-0.11261122743607199,0.605535233937885,1.2744298102693508,-0.6688945763314658,0.2389688828190069,0.46180837143052744,-0.22283948861152053,0.471640027157628,2.204911779912965,-1.733271752755337,0.03596590810691174,0.07917692363303983,0.41746891452503276,0.41647859276336596,0.01501464861729952,0.03297549373402092,-0.0179608451167214,0.01501464861729952,0.03297549373402092,False,0.20698475875479327,0.018462115251805633,0.12996459599382285,0.1420549582032566,2.4638768918937024,0.12841370971837707,0.07681990325196873,1.6716202999785228,False,-1.5295653417752662,False,False,False,0.19326683291770574
VAMO,Cambria Value and Momentum ETF,2015-09-09,equity,active_identified,factor_or_style,not_sector_specific,0.0470441007072695,0.1521957757079362,-0.10515167500066669,0.5059442513598055,1.2595412970900233,-0.7535970457302178,0.1124567087649151,0.45138855336352146,-0.33893184459860637,0.34937938985621586,2.1942554788385156,-1.8448760889822997,0.02392313783365572,0.07735483709720287,0.48282724126592835,0.4247397003135858,0.01155074264264855,0.03285567032647219,-0.021304927683823645,0.01155074264264855,0.03285567032647219,False,0.29351830455145045,0.023700609594013544,0.14877947439652703,0.1593002643015574,2.70182435147175,0.12650796386428875,0.0752915689664203,1.6802407706593383,False,-1.520940506357781,False,False,False,0.18403990024937655
TOTL,State Street DoubleLine Total Return Tactical ETF,2015-02-24,equity,active_identified,other_equity,not_sector_specific,0.0157815019187848,0.1372127447254241,-0.1214312428066393,0.5094679634484326,1.155946197408303,-0.6464782339598704,0.09579091245809543,0.40695125772415053,-0.31116034526605507,0.31249016985860073,2.005155002522398,-1.6926648326637974,0.03248108482849581,0.07036786432063707,0.44489169329565276,0.42658382301184206,0.014450564829429236,0.030017792579075962,-0.015567227749646726,0.014450564829429236,0.030017792579075962,False,-0.06567607011557863,-0.005876178741636706,0.08971313947621576,-0.06549964448847057,2.4338215482027876,0.11296600423871461,0.07417560553056515,1.522953583333611,False,-1.5884532278220815,False,False,False,0.17830423940149626
SHYM,iShares Short Duration High Yield Muni Active ETF,2021-03-19,fixed_income,active_identified,municipal_bonds,not_sector_specific,0.015846667761184152,0.14774891172531346,-0.1319022439641293,0.361371211521278,1.3252815569777676,-0.9639103454564897,0.07028626355330997,0.6031456853727009,-0.5328594218193909,0.174675941458507,1.8267403777877689,-1.6520644363292618,0.023415963851816293,0.0734929854615561,0.38660906159211866,0.5018801797119152,0.00905282381102567,0.03688467275101095,-0.027831848939985276,0.00905282381102567,0.03688467275101095,False,-0.09766137690042331,-0.018638302128714868,0.14217540069941173,-0.131093719708377,0.7577797063628453,0.10878625336542314,0.09016403862761077,1.206537052036062,False,-1.3376307717444391,False,False,False,0.1596009975062344
FTGC,First Trust Global Tactical Commodity Strategy Fund,2013-10-23,commodity,active_identified,broad_commodities,not_sector_specific,0.038346100667807415,0.14128450678238558,-0.10293840611457816,0.46768677673877784,1.2166143239501455,-0.7489275472113677,0.0644810052419529,0.4190274587618148,-0.3545464535198619,0.12084494791061241,2.171659440682167,-2.0508144927715546,0.02365760973720926,0.07440733117747741,0.5018692289800795,0.4295655703555393,0.011873026358324832,0.03196282765588659,-0.020089801297561757,0.011873026358324832,0.03196282765588659,False,0.2642293666095761,0.018391326477441128,0.34670106626067543,0.053046639503592334,3.2655451240994227,0.11935147828142711,0.07047857460499769,1.6934434180932456,False,-1.6403967785896534,False,False,False,0.15735660847880298
BOND,PIMCO Active Bond Exchange-Traded Fund Exchange-Traded Fund,2012-03-01,fixed_income,active_identified,other_fixed_income,not_sector_specific,0.02855131506013331,0.1457039479265263,-0.11715263286639299,0.8545587662420483,1.2804604514421196,-0.4259016852000713,0.14482571435312702,0.4321348208778113,-0.2873091065246843,0.49389685942047284,2.3498709616182856,-1.8559741021978127,0.054510216268326625,0.07796866920218741,0.4751454001729785,0.437370699873118,0.025900278522329657,0.034101211417136325,-0.008200932894806667,0.025900278522329657,0.034101211417136325,False,0.16958579712416455,0.010853784425529867,0.09290240370972676,0.1168299634037724,4.595211541018008,0.12599065757364736,0.06705839777494021,1.8788199801088923,False,-1.76199001670512,False,False,False,0.15685785536159602
IG,Principal Investment Grade Corporate Active ETF,2018-04-19,fixed_income,active_identified,corporate_bonds,not_sector_specific,0.0230816781806511,0.15104788851825424,-0.12796621033760314,0.4868523183481442,1.1831089170456999,-0.6962565986975557,0.09962429700232187,0.4479841018564746,-0.34835980485415274,0.24890599462246513,1.9605011020345502,-1.711595107412085,0.029897313696437163,0.07090483396817197,0.4385275464112015,0.4309338801848977,0.013110795619584599,0.030555295225770284,-0.017444499606185687,0.013110795619584599,0.030555295225770284,False,-0.03669315755093949,-0.0044521397363471715,0.1402484707424329,-0.03174465798292768,1.5856890761698161,0.12007016342345422,0.08388622231655819,1.4313454594528061,False,-1.4630901174357338,False,False,False,0.15586034912718205
AVSF,Avantis Short-Term Fixed Income ETF,2020-10-15,fixed_income,active_identified,aggregate_bonds,not_sector_specific,0.01594829975849943,0.1601166122427915,-0.14416831248429207,0.9530339808785083,1.423928212736387,-0.4708942318578787,0.1802421033193577,0.6536335374860684,-0.47339143416671076,0.49187672210917294,2.0513806289903735,-1.5595039068812007,0.05543061938720431,0.07918841333040755,0.5175556890632383,0.5057570568817905,0.028688432412146626,0.040050098865125665,-0.011361666452979039,0.028688432412146626,0.040050098865125665,False,-0.09141144344018792,-0.01615332798862379,0.07418779210073585,-0.21773566150465837,0.9842961248339204,0.1234595976699786,0.0869845539408418,1.4193278240403864,False,-1.6370634855450448,False,False,False,0.1543640897755611
BMED,iShares Health Innovation Active ETF,2020-10-02,equity,active_identified,thematic_equity,not_sector_specific,0.05209690745039852,0.166957174891448,-0.11486026744104949,0.5339441237140339,1.4774010867413108,-0.9434569630272769,0.14296621347614477,0.6815583174311783,-0.5385921039550335,0.2503046842602583,2.1439481471400037,-1.8936434628797454,0.023554710086821622,0.08210013797568146,0.5778477771997358,0.5074908270312899,0.01361103686625407,0.04166506692066159,-0.02805403005440752,0.01361103686625407,0.04166506692066159,False,0.11820026861304167,0.0190441041903342,0.2572996847831508,0.07401526436530363,1.065422397608534,0.13029590762465304,0.08677233076593795,1.5015835863175875,False,-1.427568321952284,False,False,False,0.15311720698254366
TAGG,T. Rowe Price QM U.S. Bond ETF,2021-09-29,fixed_income,active_identified,other_fixed_income,not_sector_specific,0.0007568795437740139,0.13789002667461192,-0.1371331471308379,0.06258702488285162,1.219485390246107,-1.1568983653632552,0.00438628738346208,0.5628994059823583,-0.5585131185988963,0.00930338953537438,1.6226980489723832,-1.6133946594370088,0.000990673628409059,0.06685255142576366,0.5652769821410124,0.5028605865732046,0.0005600049989537596,0.033617513223874844,-0.03305750822492108,0.0005600049989537596,0.033617513223874844,False,-0.16847058453227037,-0.036722992791438314,0.1461811026106779,-0.2512157326466619,0.5663407926069646,0.09527430870850773,0.09476447250786371,1.005380035229993,False,-1.256595767876655,False,False,False,0.15311720698254364
TMFM,Motley Fool Mid-Cap Growth ETF,2021-12-13,equity,active_identified,factor_or_style,not_sector_specific,-0.017567117755767803,0.12715308552972404,-0.14472020328549184,0.02389835927705396,1.1313346291266342,-1.1074362698495803,-0.055323355425161716,0.5190686958267433,-0.5743920512519051,-0.09637146180812223,1.4651825070270685,-1.5615539688351907,-0.007266993914652641,0.061619435129305095,0.560055838361962,0.500386175626841,-0.0040699223692420615,0.03083351348863919,-0.034903435857881256,0.0040699223692420615,0.03083351348863919,False,-0.2379993155843133,-0.055894940412934635,0.2101762649261126,-0.26594316171992344,0.4587500288743247,0.08317926874238868,0.09678736206322408,0.859402167486017,False,-1.1253453292059405,False,False,False,0.15286783042394017
PAB,PGIM Active Aggregate Bond ETF,2021-04-15,fixed_income,active_identified,aggregate_bonds,not_sector_specific,2.2213276535287818e-05,0.1360141692017789,-0.1359919559252436,0.04350735725797154,1.228667418539395,-1.1851600612814235,0.00011529137510128128,0.5552417161361086,-0.5551264247610074,0.00024026299528058523,1.6706229658236345,-1.6703827028283538,2.9925980782331942e-05,0.06779271262755963,0.5941817918270438,0.5013547326597618,1.7781472883427672e-05,0.03398819731567022,-0.03397041584278679,1.7781472883427672e-05,0.03398819731567022,False,-0.17177574474354063,-0.034373846885485504,0.15383471140471539,-0.22344662379255367,0.64632181218392,0.09694062544443915,0.09075969657797422,1.0681021323286897,False,-1.2915487561212433,False,False,False,0.14389027431421447
TOTR,T. Rowe Price Total Return ETF,2021-09-29,equity,active_identified,other_equity,not_sector_specific,-0.0037199152617612974,0.13789002667461192,-0.14160994193637322,-0.043190240604880206,1.219485390246107,-1.2626756308509872,-0.01895482308634861,0.5628994059823583,-0.581854229068707,-0.03623199473305464,1.6226980489723832,-1.658930043705438,-0.005027631526327787,0.06685255142576366,0.5868886043879049,0.5028605865732046,-0.0029506596498631472,0.033617513223874844,-0.036568172873737995,0.0029506596498631472,0.033617513223874844,False,-0.18665209844323172,-0.04103212479973284,0.16828992958561587,-0.24381806386613375,0.5663407926069646,0.09527430870850773,0.09476447250786371,1.005380035229993,False,-1.249198099096127,False,False,False,0.13491271820448877
DFAR,Dimensional US Real Estate ETF,2022-02-24,real_estate,active_identified,real_estate,real_estate,0.03208809535970625,0.15386435574419122,-0.12177626038448497,0.3714649756836467,1.3416499164910365,-0.9701849408073897,0.09944780969413754,0.6963811463017875,-0.5969333366076499,0.20254522907654549,2.086909200273513,-1.8843639711969673,0.014256697716974355,0.07455812358152718,0.5493330642317807,0.492919186858662,0.007831675442691756,0.036751129649514006,-0.02891945420682225,0.007831675442691756,0.036751129649514006,False,-0.043955883007392615,-0.009883139940166541,0.21572728873719532,-0.045813118952264045,0.5837865850639701,0.10694092682682066,0.08238942870838711,1.2979933045212904,False,-1.3438064234735545,False,False,False,0.13466334164588528
JIGB,JPMorgan Corporate Bond Research Enhanced ETF,2018-12-12,fixed_income,active_identified,corporate_bonds,not_sector_specific,0.029513051346665042,0.16299784903601156,-0.1334847976893465,0.6034134467723947,1.2400897010490963,-0.6366762542767016,0.1312584344173819,0.4834257911265691,-0.3521673567091872,0.326856353770332,2.076396227023464,-1.749539873253132,0.036492270410540005,0.07427824592004993,0.4649995779658378,0.4307864899712296,0.01696889033991633,0.03199806484111811,-0.01502917450120178,0.01696889033991633,0.03199806484111811,False,0.010203595690544631,0.0013375562551205533,0.13714307087088565,0.009752999160853015,1.5499951720152803,0.1311691702794593,0.08557475325081418,1.5328022027128816,False,-1.5230492035520287,False,False,False,0.1316708229426434
JOJO,ATAC Credit Rotation ETF,2021-07-16,fixed_income,active_identified,corporate_bonds,not_sector_specific,-0.01222563046001457,0.13431944453440647,-0.14654507499442104,-0.0768785774788754,1.2020689778327598,-1.2789475553116352,-0.04301363466945335,0.5483234528535962,-0.5913370875230495,-0.07076484568110769,1.6110689662065596,-1.6818338118876672,-0.00998384546094909,0.06603272970366256,0.49046731012128747,0.5021640895269529,-0.004896749827898325,0.03315926559061909,-0.038056015418517414,0.004896749827898325,0.03315926559061909,False,-0.2224325710569819,-0.04780136072639818,0.23219786720780516,-0.205864770857772,0.5823974459113936,0.09346573964078453,0.0929497966118159,1.005550770929853,False,-1.2114155417876251,False,False,False,0.12468827930174563
FMF,First Trust Managed Futures Strategy Fund,2013-08-02,alternatives,active_identified,managed_futures,not_sector_specific,0.019736393854118406,0.14094865932433653,-0.12121226547021813,0.31876124492801067,1.2196217215775589,-0.9008604766495483,0.08886485640112333,0.4180313884206084,-0.32916653201948504,0.18032247075465171,2.18322991549366,-2.0029074447390083,0.01629818587199003,0.07449706975691997,0.38182283210872886,0.4308678075244461,0.006223019487877705,0.03209838911315983,-0.02587536962528212,0.006223019487877705,0.03209838911315983,False,0.006006450689304499,0.0004575923900929091,0.14658352762925278,0.0031217176820186594,3.3762682315677797,0.11937825856554318,0.06992790987392385,1.707161829672524,False,-1.7040401119905053,False,False,False,0.11795511221945137
THY,Toews Agility Shares Dynamic Tactical Income ETF,2020-06-25,equity,active_identified,dividend_or_income,not_sector_specific,0.020395154845975316,0.17543287846380728,-0.15503772361783197,0.6858278549004919,1.532409530190766,-0.8465816752902742,0.2383460237846747,0.7161581258525803,-0.4778121020679056,0.5714373880513046,2.289713588736694,-1.7182762006853893,0.04432732409745728,0.08522588851966753,0.4248941600010172,0.5136018291778327,0.01883442113748196,0.043772172237007294,-0.024937751099525333,0.01883442113748196,0.043772172237007294,False,-0.06222737505692566,-0.010320386921456648,0.07757845930837648,-0.13303160456477783,1.251847940231129,0.14005045087993895,0.08526834610510817,1.6424670733885496,False,-1.7754986779533275,False,False,False,0.10798004987531172
FIXD,First Trust Smith Opportunistic Fixed Income ETF,2017-02-16,fixed_income,active_identified,aggregate_bonds,not_sector_specific,0.015778460985170994,0.1504093494411649,-0.1346308884559939,0.43038968303392783,1.2128870226066402,-0.7824973395727124,0.0775463634991221,0.4460902961385909,-0.36854393263946883,0.2013730906564292,2.0543198608617295,-1.8529467702053002,0.024979658145964645,0.07444979705048828,0.46926388171334443,0.4201757983143558,0.011722051345447734,0.031282002910030686,-0.019559951564582952,0.011722051345447734,0.031282002910030686,False,-0.0887388759276051,-0.009686206899502836,0.12673552648258948,-0.07642850563163515,1.9901646234957262,0.1215696042210006,0.07965622272954744,1.5261783706937682,False,-1.6026068763254033,False,False,False,0.10698254364089776
CGCP,Capital Group Core Plus Income ETF,2022-02-24,fixed_income,active_identified,income_and_hybrid_securities,not_sector_specific,0.013443218094205456,0.15386435574419122,-0.14042113764998576,0.35431005670052523,1.3416499164910365,-0.9873398597905112,0.08920052685553413,0.6963811463017875,-0.6071806194462533,0.2165663347480902,2.086909200273513,-1.8703428655254226,0.01786185477400956,0.07455812358152718,0.5738447558485361,0.492919186858662,0.010249931691793526,0.036751129649514006,-0.02650119795772048,0.010249931691793526,0.036751129649514006,False,-0.11966916388831339,-0.027769798469916007,0.1167750029174085,-0.23780601820713945,0.5837865850639701,0.10694092682682066,0.08238942870838711,1.2979933045212904,False,-1.53579932272843,False,False,False,0.09077306733167083
SPCK,SPAC and New Issue ETF,2020-12-16,equity,active_identified,other_equity,not_sector_specific,0.009171220920684009,0.15243346077153874,-0.14326223985085473,0.20249048490499627,1.3664304163032341,-1.163939931398238,0.03242554479418413,0.6222691124907331,-0.589843567696549,0.046348605301211564,1.9261783537652828,-1.8798297484640711,0.01115893974075726,0.0758821738449857,0.3048710844190621,0.5039325329078574,0.0034020380597316337,0.038239496068258015,-0.03483745800852638,0.0034020380597316337,0.038239496068258015,False,-0.1277326294705654,-0.023621603559482618,0.25727612715195414,-0.09181420686393911,0.8630563271620273,0.11498535739650007,0.08820960153576157,1.303546954011386,False,-1.3953611608753251,False,False,False,0.08354114713216958
AVMU,Avantis Core Municipal Fixed Income ETF,2020-12-10,fixed_income,active_identified,municipal_bonds,not_sector_specific,0.001961254787242961,0.1538425932568892,-0.15188133846964624,0.09375636311921601,1.378801381100502,-1.285045017981286,0.015806122586516487,0.6280215215523833,-0.6122153989658669,0.04041628447434678,1.9466864408849098,-1.906270156410563,0.0046091498218203426,0.07660763415048052,0.45173329065381895,0.5038245508529973,0.0020821064161273667,0.038596806867776584,-0.036514700451649215,0.0020821064161273667,0.038596806867776584,False,-0.16274926469147333,-0.030508056905330205,0.108962920096075,-0.27998567658090096,0.8805041660020516,0.11645145200704099,0.08808713446620178,1.3220029543783416,False,-1.6019886309592426,False,False,False,0.0713216957605985
FISR,State Street Fixed Income Sector Rotation ETF,2019-04-03,fixed_income,active_identified,aggregate_bonds,not_sector_specific,0.006769568949613003,0.1591472866782102,-0.1523777177285972,0.1928973503286826,1.2138727461715906,-1.020975395842908,0.03340197532164267,0.47200563334466444,-0.43860365802302176,0.06949627076380238,2.010741179336265,-1.9412449085724623,0.009538451001001574,0.0727872145404143,0.5023834025053097,0.4304494908804058,0.004791959468513347,0.031331219441524207,-0.02653925997301086,0.004791959468513347,0.031331219441524207,False,-0.1463087413477775,-0.021086251031981362,0.1535838061879772,-0.13729475493121376,1.4300720922162378,0.12707540136730477,0.0863168023995338,1.472197739428669,False,-1.6094924943598827,False,False,False,0.0628428927680798
AVIG,Avantis Core Fixed Income ETF,2020-10-15,fixed_income,active_identified,aggregate_bonds,not_sector_specific,-0.0028800365533369066,0.1601166122427915,-0.1629966487961284,-0.026991337411241316,1.423928212736387,-1.4509195501476284,-0.014666648145641045,0.6536335374860684,-0.6683001856317095,-0.031127045859692417,2.0513806289903735,-2.082507674850066,-0.004066479031237099,0.07918841333040755,0.5714352317072453,0.5057570568817905,-0.002323729387447626,0.040050098865125665,-0.04237382825257329,0.002323729387447626,0.040050098865125665,False,-0.1861503524138145,-0.034386732212356885,0.15152838962702572,-0.22693260515073715,0.9842961248339204,0.1234595976699786,0.0869845539408418,1.4193278240403864,False,-1.6462604291911236,False,False,False,0.041895261845386535
YOLO,AdvisorShares Pure Cannabis ETF,2019-04-18,equity,active_identified,other_equity,not_sector_specific,-0.23093515699050182,0.15813873375610288,-0.3890738907466047,-0.40717443566746336,1.2052539172517096,-1.612428352919173,-0.24391008551149723,0.46901442519592973,-0.7129245107074269,-0.3114697929860705,1.9921074481141663,-2.303577241100237,-0.04696417609534375,0.07209923033335537,0.4945178370120336,0.4314967711693766,-0.023224622779721645,0.03111058509264002,-0.054335207872361665,0.023224622779721645,0.03111058509264002,False,-0.8829864491604955,-0.25222896807929374,0.7488164822779755,-0.336836827245025,1.4023212896438948,0.12607227325491643,0.08657207329853658,1.456269538794187,False,-1.7931063660392121,False,False,False,0.010224438902743143
