request_symbol,name,current_listing,identity_count,asset_classes,start_date,end_date,extreme_return_days_gt_50pct,observations,return_observations,years,cumulative_return,cagr,annualized_volatility,sharpe,max_drawdown,ulcer_index,calmar,martin,spy_observations,spy_return_observations,spy_years,spy_cumulative_return,spy_cagr,spy_annualized_volatility,spy_sharpe,spy_max_drawdown,spy_ulcer_index,spy_calmar,spy_martin,beat_spy_cagr,excess_cagr,beat_spy_sharpe,excess_sharpe,beat_spy_calmar,excess_calmar,beat_spy_martin,excess_martin,beat_spy_all_four,economic_qc_pass,statistical_primary_sample,primary_sample,exploratory_sample,study_cutoff,selection_reason,taxonomy_version,normalized_name,asset_class_refined,exposure_type,primary_strategy,sector_theme,theme,geography,management_style,management_confidence,taxonomy_confidence,taxonomy_evidence,analysis_primary,canonical_symbol,alias_consolidation_reason,economic_name_key,sortino,spy_sortino,direction,breadth,dbf_signed,dbf,spy_direction,spy_breadth,spy_dbf_signed,spy_dbf,relative_cash_return,relative_cash_cagr,relative_cash_ulcer_index,rwm_score,spy_relative_cash_return,spy_relative_cash_cagr,spy_relative_cash_ulcer_index,spy_rwm_score,beat_spy_sortino,excess_sortino,beat_spy_dbf_signed,excess_dbf_signed,beat_spy_rwm_score,excess_rwm_score,beat_spy_cagr_and_martin,beat_spy_cagr_and_rwm,beats_count,evidence_bucket,intentional_management
AAA,Alternative Access First Priority CLO Bond ETF,True,2,fixed_income,2020-09-09,2026-08-28,0,1500,1499,5.965899368227958,0.2627078437597703,0.039873042198248276,0.02150170207280194,1.8346329491058617,-0.026344213229386737,0.006186984788311583,1.513540823977626,6.4446646569385795,1500,1499,5.965899368227958,1.4644840612314916,0.16321728857307427,0.1672768817832074,0.9901970921365163,-0.24496388734674457,0.07759713546971389,0.6662912249675456,2.103393219157914,False,-0.123344246374826,True,0.8444358569693454,True,0.8472495990100805,True,4.341271437780666,False,True,True,True,True,2022-03-01,first_usable_session_on_or_before_2022-03-01|at_least_1008_daily_returns|economic_qc_pass,etf_taxonomy_1.1,Alternative Access First Priority CLO Bond ETF,fixed_income,loans_and_clo,risk_managed_alternative,not_sector_specific,not_thematic,not_determined,not_determined,low,medium,asset:fixed_income|exposure:loans_and_clo|management:free_metadata_insufficient|geography:not_determined|theme:not_thematic,True,AAA,,alternativeaccessfirstpriorityclobondetf,2.7749618913503458,1.4432188510797284,0.18930960064077615,0.3635095284363158,0.0688158436573958,0.0688158436573958,0.07999179386958367,0.5096574552868367,0.0407684141074012,0.0407684141074012,0.0458944501594678,0.0075498474653143965,0.008891601578927977,0.8490987139152325,1.041319545836977,0.1270600872518628,0.08645539417717714,1.4696606089317288,True,1.3317430402706174,True,0.028047429549994604,False,-0.6205618950164963,False,False,3,intentional_management,True
AADR,AdvisorShares Dorsey Wright ADR ETF,True,1,equity,2010-07-21,2026-08-28,0,4052,4051,16.1043690151064,2.919461014238782,0.08851986942179924,0.20682863128554158,0.5149935768707685,-0.4500847198661396,0.13302864374110332,0.19667379387624193,0.6654196189060919,4052,4051,16.1043690151064,8.565922034030155,0.15053062846528897,0.1695183628107275,0.913871189726777,-0.33717243065613756,0.06192659621289434,0.4464499905059152,2.4307912540160816,False,-0.06201075904348974,False,-0.3988776128560084,False,-0.2497761966296733,False,-1.7653716351099897,False,True,True,True,True,2022-03-01,first_usable_session_on_or_before_2022-03-01|at_least_1008_daily_returns|economic_qc_pass,etf_taxonomy_1.1,AdvisorShares Dorsey Wright ADR ETF,equity,other_equity,other_equity,not_sector_specific,not_thematic,not_determined,active_identified,medium,medium,asset:equity|exposure:other_equity|management:active_sponsor_advisorshares|geography:not_determined|theme:not_thematic,True,AADR,,advisorsharesdorseywrightadretf,0.7115316272856694,1.2922840260968147,0.0377287064146898,0.4654802462995416,0.017561967554472903,0.017561967554472903,0.0784724469366233,0.4396796495448731,0.03450273796802318,0.03450273796802318,2.042744986721339,0.07153990917855224,0.14621313860233964,0.4892850934082027,6.426189776265806,0.1325833544845616,0.06651792931088997,1.993197260619713,False,-0.5807523988111453,False,-0.016940770413550278,False,-1.5039121672115103,False,False,0,intentional_management,True
AFLG,First Trust Active Factor Large Cap ETF,True,1,equity,2019-12-04,2026-08-28,0,1692,1691,6.73251333018474,1.430691234419756,0.14102085040827017,0.18981704929847446,0.7928279646872869,-0.3583641745888162,0.08463174258163066,0.39351269018471563,1.6662879211337283,1692,1691,6.73251333018474,1.7297165364588536,0.16085458778947603,0.2004512967122455,0.8472393812229031,-0.33717243065613767,0.08281452768684149,0.4770692178967686,1.9423474634515658,False,-0.019833737381205863,False,-0.05441141653561621,False,-0.08355652771205296,False,-0.2760595423178376,False,True,True,True,True,2022-03-01,first_usable_session_on_or_before_2022-03-01|at_least_1008_daily_returns|economic_qc_pass,etf_taxonomy_1.1,First Trust Active Factor Large Cap ETF,equity,factor_style_or_income,factor_or_style,not_sector_specific,not_thematic,not_determined,active_identified,high,high,asset:equity|exposure:factor_style_or_income|management:active_word|geography:not_determined|theme:not_thematic,True,AFLG,,firsttrustactivefactorlargecapetf,1.108687035845518,1.2003913881156376,0.06673464165831983,0.4292903412916302,0.02864853709347476,0.02864853709347476,0.07151230439551427,0.4298905406817773,0.03074246320198747,0.03074246320198747,1.00395342850068,0.10876691019023865,0.09371544650811427,1.160608141378499,1.2504811531019282,0.1280399950824349,0.09033749461339846,1.4173516282512066,False,-0.09170435227011953,False,-0.0020939261085127087,False,-0.25674348687270765,False,False,0,intentional_management,True
AFMC,First Trust Active Factor Mid Cap ETF,True,1,equity,2019-12-04,2026-08-28,0,1692,1691,6.73251333018474,1.2027163209776912,0.12445128408212058,0.22656963683905781,0.6334410812025036,-0.4214226898965029,0.10392940214247096,0.2953122531505946,1.1974598286586633,1692,1691,6.73251333018474,1.7297165364588536,0.16085458778947603,0.2004512967122455,0.8472393812229031,-0.33717243065613767,0.08281452768684149,0.4770692178967686,1.9423474634515658,False,-0.03640330370735545,False,-0.21379830002039946,False,-0.18175696474617398,False,-0.7448876347929025,False,True,True,True,True,2022-03-01,first_usable_session_on_or_before_2022-03-01|at_least_1008_daily_returns|economic_qc_pass,etf_taxonomy_1.1,First Trust Active Factor Mid Cap ETF,equity,factor_style_or_income,factor_or_style,not_sector_specific,not_thematic,not_determined,active_identified,high,high,asset:equity|exposure:factor_style_or_income|management:active_word|geography:not_determined|theme:not_thematic,True,AFMC,,firsttrustactivefactormidcapetf,0.8885995145536237,1.2003913881156376,0.047582341870749,0.4682653447300146,0.022281161719167688,0.022281161719167688,0.07151230439551427,0.4298905406817773,0.03074246320198747,0.03074246320198747,0.8160023210399132,0.09266572601637946,0.11300464533010104,0.8200169625389381,1.2504811531019282,0.1280399950824349,0.09033749461339846,1.4173516282512066,False,-0.3117918735620139,False,-0.008461301482819782,False,-0.5973346657122686,False,False,0,intentional_management,True
AFSM,First Trust Active Factor Small Cap ETF,True,1,equity,2019-12-04,2026-08-28,0,1692,1691,6.73251333018474,1.1476650726420732,0.12023198454675277,0.2513167587622254,0.5796713813416892,-0.43535669780455444,0.1237875437975936,0.27616890966204627,0.9712769222026526,1692,1691,6.73251333018474,1.7297165364588536,0.16085458778947603,0.2004512967122455,0.8472393812229031,-0.33717243065613767,0.08281452768684149,0.4770692178967686,1.9423474634515658,False,-0.040622603242723265,False,-0.26756799988121394,False,-0.20090030823472232,False,-0.9710705412489132,False,True,True,True,True,2022-03-01,first_usable_session_on_or_before_2022-03-01|at_least_1008_daily_returns|economic_qc_pass,etf_taxonomy_1.1,First Trust Active Factor Small Cap ETF,equity,factor_style_or_income,factor_or_style,not_sector_specific,not_thematic,not_determined,active_identified,high,high,asset:equity|exposure:factor_style_or_income|management:active_word|geography:not_determined|theme:not_thematic,True,AFSM,,firsttrustactivefactorsmallcapetf,0.8192667587178737,1.2003913881156376,0.04105250474610908,0.479339106761815,0.019678070955335098,0.019678070955335098,0.07151230439551427,0.4298905406817773,0.03074246320198747,0.03074246320198747,0.7706159978890261,0.08856569602365605,0.13539951527178212,0.6541064482090767,1.2504811531019282,0.1280399950824349,0.09033749461339846,1.4173516282512066,False,-0.3811246293977639,False,-0.011064392246652371,False,-0.7632451800421299,False,False,0,intentional_management,True
ARB,AltShares Merger Arbitrage ETF,True,1,alternatives,2020-05-11,2026-08-28,0,1584,1583,6.297186116073568,0.30417092916786315,0.043074303139335024,0.04417213562707301,0.9792255978174372,-0.055957919102489706,0.014485580192126674,0.7697624184423709,2.9735987491027207,1584,1583,6.297186116073568,1.875528763337285,0.18261905395869915,0.16966302376484216,1.0760946027793372,-0.24496388734674468,0.07612062704250705,0.745493778436832,2.3990744828825643,False,-0.13954475081936413,False,-0.09686900496189998,True,0.024268640005538966,True,0.5745242662201564,False,True,True,True,True,2022-03-01,first_usable_session_on_or_before_2022-03-01|at_least_1008_daily_returns|economic_qc_pass,etf_taxonomy_1.1,AltShares Merger Arbitrage ETF,alternatives,merger_arbitrage,merger_arbitrage,not_sector_specific,not_thematic,not_determined,active_identified,high,high,asset:alternatives|exposure:merger_arbitrage|management:discretionary_strategy|geography:not_determined|theme:not_thematic,True,ARB,,altsharesmergerarbitrageetf,1.4038356222336366,1.5562031122317503,0.09762151917510292,0.3803488284954094,0.037130230454192545,0.037130230454192545,0.0872587167540543,0.5108270826278617,0.04457411571332448,0.04457411571332448,0.0799392876005125,0.012287447638597238,0.03276394198783016,0.3750295871956215,1.3811269019273982,0.14771346591279944,0.08468019293437708,1.7443685564966769,False,-0.15236748999811378,False,-0.0074438852591319354,False,-1.3693389693010554,False,False,2,intentional_management,True
ARKF,ARK Blockchain & Fintech Innovation ETF,True,1,equity,2019-02-04,2026-08-28,0,1903,1902,7.562099153302258,1.3371887374054903,0.11880778955550042,0.39549190385267297,0.4822990457863808,-0.786320747892593,0.435574935485227,0.15109329096798665,0.2727608498022263,1903,1902,7.562099153302258,2.1697988101789196,0.16481146647351363,0.19332450798361966,0.8877824370063814,-0.33717243065613756,0.07840243801478133,0.48880469305509505,2.102121702420038,False,-0.046003676918013214,False,-0.4054833912200006,False,-0.33771140208710837,False,-1.8293608526178118,False,True,True,True,True,2022-03-01,first_usable_session_on_or_before_2022-03-01|at_least_1008_daily_returns|economic_qc_pass,etf_taxonomy_1.1,ARK Blockchain & Fintech Innovation ETF,equity,sector_or_industry,sector_or_industry,technology,digital_disruption,not_determined,active_identified,medium,medium,asset:equity|sector:technology|management:active_sponsor_ark|geography:not_determined|theme:digital_disruption,True,ARKF,,arkblockchainfintechinnovationetf,0.6872984933962695,1.2563811336153399,0.024738949491795115,0.5236476851899825,0.012954493635410406,0.012954493635410406,0.07576925450024495,0.4293369286779416,0.03253053901535247,0.03253053901535247,0.8917825591517983,0.08796020629179124,0.4620402016271044,0.1903734912720445,1.5657192374516513,0.13269547744125942,0.08550157456011384,1.551965307351911,False,-0.5690826402190704,False,-0.019576045379942068,False,-1.3615918160798666,False,False,0,intentional_management,True
ARKG,ARK Genomic Revolution ETF,True,1,unknown,2014-10-31,2026-08-28,0,2973,2972,11.825020363183365,1.6321376150201794,0.08528551272725049,0.3970405288704596,0.4050429356262878,-0.8359060175676761,0.4754734627952482,0.10202763341196507,0.17936965866794705,2973,2972,11.825020363183365,3.655212252682893,0.13889915736782799,0.17503566853641747,0.8329526232377621,-0.33717243065613767,0.06766739079300019,0.41195289038765764,2.0526749404706814,False,-0.053613644640577496,False,-0.4279096876114743,False,-0.30992525697569256,False,-1.8733052818027345,False,True,True,True,True,2022-03-01,first_usable_session_on_or_before_2022-03-01|at_least_1008_daily_returns|economic_qc_pass,etf_taxonomy_1.1,ARK Genomic Revolution ETF,equity,sector_or_industry,sector_or_industry,healthcare_biotech,other_thematic,not_determined,active_identified,medium,medium,asset:name_inferred_equity|sector:healthcare_biotech|management:active_sponsor_ark|geography:not_determined|theme:other_thematic,True,ARKG,,arkgenomicrevolutionetf,0.5890667712487232,1.175318729880747,0.017415336373688004,0.5593819628936704,0.009741825045167131,0.009741825045167131,0.07154327840154916,0.42779764849678403,0.03060604626593349,0.03060604626593349,1.0538699937448244,0.06275506861367552,0.48853187078074456,0.12845644750542856,2.6324851351760885,0.11525569809820979,0.07333710282202323,1.5715878274863941,False,-0.5862519586320238,False,-0.02086422122076636,False,-1.4431313799809655,False,False,0,intentional_management,True
ARKK,ARK Innovation ETF,True,1,equity,2014-10-31,2026-08-28,0,2973,2972,11.825020363183365,3.7144036452154054,0.14011671059925668,0.3829610814964724,0.5350017729437697,-0.809141075842511,0.41923991410834777,0.17316721988605185,0.33421605597182025,2973,2972,11.825020363183365,3.655212252682893,0.13889915736782799,0.17503566853641747,0.8329526232377621,-0.33717243065613767,0.06766739079300019,0.41195289038765764,2.0526749404706814,True,0.0012175532314286919,False,-0.2979508502939924,False,-0.2387856705016058,False,-1.7184588844988613,False,True,True,True,True,2022-03-01,first_usable_session_on_or_before_2022-03-01|at_least_1008_daily_returns|economic_qc_pass,etf_taxonomy_1.1,ARK Innovation ETF,equity,thematic_equity,thematic_equity,not_sector_specific,other_thematic,not_determined,active_identified,medium,medium,asset:equity|theme:other_thematic|management:active_sponsor_ark|geography:not_determined|theme:other_thematic,True,ARKK,,arkinnovationetf,0.76699092131751,1.175318729880747,0.02992282898705632,0.5214734443795227,0.015603960697459684,0.015603960697459684,0.07154327840154916,0.42779764849678403,0.03060604626593349,0.03060604626593349,2.678672471399224,0.11644797501781623,0.43745346438841193,0.26619511444632854,2.6324851351760885,0.11525569809820979,0.07333710282202323,1.5715878274863941,False,-0.408327808563237,False,-0.015002085568473805,False,-1.3053927130400655,False,False,1,intentional_management,True
ARKQ,ARK Autonomous Technology & Robotics ETF,True,1,equity,2014-09-30,2026-08-28,0,2996,2995,11.909895480400008,5.704481272894512,0.17323431052365335,0.28842115841266047,0.6995202354270277,-0.5988584165076547,0.24488356555763893,0.28927423535916696,0.7074150122290616,2996,2995,11.909895480400008,3.7648475665173544,0.14007012915145078,0.17504873008319904,0.8383732453279018,-0.33717243065613756,0.06744844834726206,0.4154258071422812,2.0766990580760583,True,0.03316418137220256,False,-0.13885300990087412,False,-0.12615157178311426,False,-1.3692840458469968,False,True,True,True,True,2022-03-01,first_usable_session_on_or_before_2022-03-01|at_least_1008_daily_returns|economic_qc_pass,etf_taxonomy_1.1,ARK Autonomous Technology & Robotics ETF,equity,sector_or_industry,sector_or_industry,technology,artificial_intelligence,not_determined,active_identified,medium,medium,asset:equity|sector:technology|management:active_sponsor_ark|geography:not_determined|theme:artificial_intelligence,True,ARKQ,,arkautonomoustechnologyroboticsetf,1.006695282897966,1.183335340363731,0.04739187149276114,0.54342387239516,0.02575387432665005,0.02575387432665005,0.07190523753298961,0.42967368539902373,0.03089578841029185,0.03089578841029185,4.231138813956907,0.14904243131037798,0.2620815906004658,0.5686871442168097,2.7177490745732187,0.11656208935777546,0.07309323419611455,1.5947042245391791,False,-0.17664005746576494,False,-0.005141914083641799,False,-1.0260170803223696,False,False,1,intentional_management,True
ARKW,ARK Next Generation Internet ETF,True,1,unknown,2014-09-30,2026-08-28,0,2996,2995,11.909895480400008,8.848573457109811,0.2117342754294116,0.3585446120216057,0.7166873010306791,-0.800118286397489,0.34633573212097113,0.2646287168147843,0.6113555599150688,2996,2995,11.909895480400008,3.7648475665173544,0.14007012915145078,0.17504873008319904,0.8383732453279018,-0.33717243065613756,0.06744844834726206,0.4154258071422812,2.0766990580760583,True,0.0716641462779608,False,-0.12168594429722268,False,-0.15079709032749694,False,-1.4653434981609894,False,True,True,True,True,2022-03-01,first_usable_session_on_or_before_2022-03-01|at_least_1008_daily_returns|economic_qc_pass,etf_taxonomy_1.1,ARK Next Generation Internet ETF,equity,sector_or_industry,sector_or_industry,technology,digital_disruption,not_determined,active_identified,medium,medium,asset:name_inferred_equity|sector:technology|management:active_sponsor_ark|geography:not_determined|theme:digital_disruption,True,ARKW,,arknextgenerationinternetetf,1.0220674839900343,1.183335340363731,0.0473102463863135,0.5082221414151483,0.024044114729330532,0.024044114729330532,0.07190523753298961,0.42967368539902373,0.03089578841029185,0.03089578841029185,6.684301406266825,0.1867485339054611,0.3660737226164581,0.510139139653902,2.7177490745732187,0.11656208935777546,0.07309323419611455,1.5947042245391791,False,-0.16126785637369667,False,-0.006851673680961318,False,-1.084565084885277,False,False,1,intentional_management,True
ARKX,ARK Space & Defense Innovation ETF,True,1,equity,2021-03-30,2026-08-28,0,1361,1360,5.412842152816279,0.606404031327122,0.09151777530160832,0.27812650209273193,0.45438273005654745,-0.43610265620170185,0.23776771779760325,0.20985374429657322,0.3849041247033866,1361,1360,5.412842152816279,1.097172082128726,0.14662274345851922,0.16775219821870385,0.9018978069324982,-0.2449638873467448,0.08123079597432599,0.5985484025691333,1.8050142399793938,False,-0.055104968156910905,False,-0.44751507687595077,False,-0.3886946582725601,False,-1.4201101152760072,False,True,True,True,True,2022-03-01,first_usable_session_on_or_before_2022-03-01|at_least_1008_daily_returns|economic_qc_pass,etf_taxonomy_1.1,ARK Space & Defense Innovation ETF,equity,sector_or_industry,sector_or_industry,defense_aerospace,defense_security,not_determined,active_identified,medium,medium,asset:equity|sector:defense_aerospace|management:active_sponsor_ark|geography:not_determined|theme:defense_security,True,ARKX,,arkspacedefenseinnovationetf,0.6720618773277212,1.3127188100392149,0.026041214328721893,0.5863805668811342,0.015270062020349057,0.015270062020349057,0.07285502827751329,0.5009156177247979,0.036494221493988184,0.036494221493988184,0.33120176192435036,0.05427410382363318,0.26456186242622515,0.20514711880956718,0.7378935288664097,0.10749883569188334,0.09055395744402733,1.18712465723356,False,-0.6406569327114937,False,-0.021224159473639127,False,-0.9819775384239929,False,False,0,intentional_management,True
AVDE,Avantis International Equity ETF,True,1,equity,2019-09-26,2026-08-28,0,1740,1739,6.921428913666947,1.2623077499617699,0.1251883187940861,0.18771969381279865,0.7247082346592439,-0.3698676445147294,0.09119829576914511,0.338467883446076,1.3727045855218794,1740,1739,6.921428913666947,1.8626182542192709,0.16410632811768422,0.19837286930919495,0.8679368181664937,-0.33717243065613756,0.08167889280955475,0.4867133644299841,2.0091644545221743,False,-0.038918009323598124,False,-0.14322858350724976,False,-0.1482454809839081,False,-0.6364598690002949,False,True,True,True,True,2022-03-01,first_usable_session_on_or_before_2022-03-01|at_least_1008_daily_returns|economic_qc_pass,etf_taxonomy_1.1,Avantis International Equity ETF,equity,other_equity,other_equity,not_sector_specific,not_thematic,international_ex_us,active_identified,medium,medium,asset:equity|exposure:other_equity|management:active_sponsor_avantis|geography:international_ex_us|theme:not_thematic,True,AVDE,,avantisinternationalequityetf,1.0107452877555634,1.2298423506885867,0.05804238170800009,0.46329077499987714,0.026890500004338055,0.026890500004338055,0.07364024368751679,0.4292833527750383,0.03161253070934806,0.03161253070934806,0.8590836595942084,0.09372464128249303,0.10052566729824146,0.9323453780657728,1.3523973783695338,0.13155438504707506,0.08909681369705484,1.4765329935858715,False,-0.21909706293302333,False,-0.004722030705010004,False,-0.5441876155200988,False,False,0,intentional_management,True
AVDV,Avantis International Small Cap Value ETF,True,1,equity,2019-09-26,2026-08-28,0,1740,1739,6.921428913666947,1.7928156795407366,0.15996175137222135,0.19647768412263616,0.8565363073477826,-0.4300608688504344,0.10057155555779532,0.37195142120184965,1.5905267695724996,1740,1739,6.921428913666947,1.8626182542192709,0.16410632811768422,0.19837286930919495,0.8679368181664937,-0.33717243065613756,0.08167889280955475,0.4867133644299841,2.0091644545221743,False,-0.004144576745462869,False,-0.011400510818711074,False,-0.11476194322813443,False,-0.4186376849496747,False,True,True,True,True,2022-03-01,first_usable_session_on_or_before_2022-03-01|at_least_1008_daily_returns|economic_qc_pass,etf_taxonomy_1.1,Avantis International Small Cap Value ETF,equity,factor_style_or_income,factor_or_style,not_sector_specific,not_thematic,international_ex_us,active_identified,medium,medium,asset:equity|exposure:factor_style_or_income|management:active_sponsor_avantis|geography:international_ex_us|theme:not_thematic,True,AVDV,,avantisinternationalsmallcapvalueetf,1.1932175148840478,1.2298423506885867,0.06852930415202045,0.47936525276625164,0.032850567206728624,0.032850567206728624,0.07364024368751679,0.4292833527750383,0.03161253070934806,0.03161253070934806,1.2950361170713482,0.12752570323578727,0.1087000715117249,1.1731887703683042,1.3523973783695338,0.13155438504707506,0.08909681369705484,1.4765329935858715,False,-0.0366248358045389,True,0.0012380364973805652,False,-0.3033442232175674,False,False,0,intentional_management,True
AVEM,Avantis Emerging Markets Equity ETF,True,1,equity,2019-09-19,2026-08-28,0,1745,1744,6.940594262715867,1.2746347691396571,0.12570291748637374,0.21037198801748874,0.6703125458104771,-0.360483724994239,0.1323093909645297,0.3487062210322606,0.950067992679922,1745,1744,6.940594262715867,1.8368673831536277,0.16210399568577638,0.19813840795889404,0.8599277757518315,-0.33717243065613767,0.08157632595772141,0.48077476373237854,1.987145091209306,False,-0.03640107819940264,False,-0.1896152299413545,False,-0.13206854270011792,False,-1.037077098529384,False,True,True,True,True,2022-03-01,first_usable_session_on_or_before_2022-03-01|at_least_1008_daily_returns|economic_qc_pass,etf_taxonomy_1.1,Avantis Emerging Markets Equity ETF,equity,other_equity,other_equity,not_sector_specific,not_thematic,emerging_markets,active_identified,medium,medium,asset:equity|exposure:other_equity|management:active_sponsor_avantis|geography:emerging_markets|theme:not_thematic,True,AVEM,,avantisemergingmarketsequityetf,0.9361237154560399,1.2184044149214417,0.05061727124651336,0.4890770892037745,0.024755747684682663,0.024755747684682663,0.0729012180930717,0.4291079482279806,0.03128249211923854,0.03128249211923854,0.8685257336524301,0.09425252092090086,0.15357725706664466,0.61371405324683,1.3303783887848977,0.129636609355954,0.08898359464365116,1.4568596590765326,False,-0.2822806994654018,False,-0.006526744434555875,False,-0.8431456058297025,False,False,0,intentional_management,True
AVES,Avantis Emerging Markets Value ETF,True,1,equity,2021-09-30,2026-08-28,0,1233,1232,4.909067263530394,0.5655337067233883,0.09560409658754154,0.1748153074165026,0.6119020489310932,-0.2739814617993629,0.10032882452436243,0.3489436692528949,0.952907572083897,1233,1232,4.909067263530394,0.9165828462750452,0.14170051007290474,0.17265322110823336,0.8569800318909669,-0.24496388734674468,0.08517639986734901,0.5784546922719619,1.663612342075793,False,-0.0460964134853632,False,-0.2450779829598737,False,-0.229511023019067,False,-0.7107047699918959,False,True,True,True,True,2022-03-01,first_usable_session_on_or_before_2022-03-01|at_least_1008_daily_returns|economic_qc_pass,etf_taxonomy_1.1,Avantis Emerging Markets Value ETF,equity,factor_style_or_income,factor_or_style,not_sector_specific,not_thematic,emerging_markets,active_identified,medium,medium,asset:equity|exposure:factor_style_or_income|management:active_sponsor_avantis|geography:emerging_markets|theme:not_thematic,True,AVES,,avantisemergingmarketsvalueetf,0.8804949574163483,1.2475730024418448,0.044885384584784034,0.5415112247889089,0.024305939581627613,0.024305939581627613,0.06858803998712386,0.5019778088664802,0.034429674027182965,0.034429674027182965,0.29785761075767736,0.05454442525366199,0.11747986529690166,0.46428743441111614,0.5888841121740109,0.0989132953743419,0.09498826150957904,1.0413212517250572,False,-0.36707804502549646,False,-0.010123734445555352,False,-0.5770338173139411,False,False,0,intentional_management,True
AVIG,Avantis Core Fixed Income ETF,True,1,fixed_income,2020-10-15,2026-08-28,0,1474,1473,5.867334715976372,-0.00882750889165207,-0.001510056321028963,0.0593663532424302,0.004107611397722294,-0.1963663766075181,0.09266277462846635,-0.007689994321416576,-0.016296256259145818,1474,1473,5.867334715976372,1.4001966126583407,0.16093370165914944,0.1669377038084973,0.9808040718647018,-0.24496388734674468,0.07818072589589704,0.6569690879837684,2.0584830828181824,False,-0.1624437579801784,False,-0.9766964604669794,False,-0.664659082305185,False,-2.0747793390773284,False,True,True,True,True,2022-03-01,first_usable_session_on_or_before_2022-03-01|at_least_1008_daily_returns|economic_qc_pass,etf_taxonomy_1.1,Avantis Core Fixed Income ETF,fixed_income,aggregate_bonds,aggregate_bonds,not_sector_specific,not_thematic,not_determined,active_identified,medium,medium,asset:fixed_income|exposure:aggregate_bonds|management:active_sponsor_avantis|geography:not_determined|theme:not_thematic,True,AVIG,,avantiscorefixedincomeetf,0.005803041801404689,1.428815003407909,-0.002130535116755016,0.5712588615057393,-0.0012170870651954679,0.0012170870651954679,0.0795263313108805,0.5052840627376421,0.040183387779381456,0.040183387779381456,-0.17894300223983872,-0.03304513504566875,0.15133614311133622,-0.21835586903624093,0.988249515096705,0.1242681990092005,0.08712667390186617,1.4262933891998235,False,-1.4230119616065042,False,-0.04140047484457692,False,-1.6446492582360643,False,False,0,intentional_management,True
AVIV,Avantis International Large Cap Value ETF,True,1,equity,2021-09-30,2026-08-28,0,1233,1232,4.909067263530394,0.9364641261960378,0.14410312220990074,0.16737021540210195,0.8914608988690417,-0.2769036758862845,0.07619527711995333,0.5204088452371405,1.8912343081716323,1233,1232,4.909067263530394,0.9165828462750452,0.14170051007290474,0.17265322110823336,0.8569800318909669,-0.24496388734674468,0.08517639986734901,0.5784546922719619,1.663612342075793,True,0.0024026121369959963,True,0.03448086697807473,False,-0.05804584703482141,True,0.2276219660958394,False,True,True,True,True,2022-03-01,first_usable_session_on_or_before_2022-03-01|at_least_1008_daily_returns|economic_qc_pass,etf_taxonomy_1.1,Avantis International Large Cap Value ETF,equity,factor_style_or_income,factor_or_style,not_sector_specific,not_thematic,international_ex_us,active_identified,medium,medium,asset:equity|exposure:factor_style_or_income|management:active_sponsor_avantis|geography:international_ex_us|theme:not_thematic,True,AVIV,,avantisinternationallargecapvalueetf,1.301280373115605,1.2475730024418448,0.06907604768629705,0.5418381360453917,0.03742803692372578,0.03742803692372578,0.06858803998712386,0.5019778088664802,0.034429674027182965,0.034429674027182965,0.6053660763414059,0.10122586543775025,0.08536391026445823,1.1858157050696427,0.5888841121740109,0.0989132953743419,0.09498826150957904,1.0413212517250572,True,0.0537073706737603,True,0.0029983628965428166,True,0.14449445334458555,True,True,3,intentional_management,True
AVLV,Avantis U.S. Large Cap Value ETF,True,1,equity,2021-09-23,2026-08-28,0,1238,1237,4.928232612579314,0.9866694600602532,0.1494588119174063,0.17069294894416873,0.9047711545872659,-0.19502256629879766,0.055087373159801584,0.7663667582366734,2.7131228690800877,1238,1237,4.928232612579314,0.8558651557819834,0.1336824537494563,0.17266265172258377,0.8158260338908996,-0.24496388734674468,0.08503271023096706,0.5457231071787726,1.572129753201399,True,0.015776358167949978,True,0.08894512069636629,True,0.22064365105790085,True,1.1409931158786888,True,True,True,True,True,2022-03-01,first_usable_session_on_or_before_2022-03-01|at_least_1008_daily_returns|economic_qc_pass,etf_taxonomy_1.1,Avantis U.S. Large Cap Value ETF,equity,factor_style_or_income,factor_or_style,not_sector_specific,not_thematic,united_states,active_identified,medium,medium,asset:equity|exposure:factor_style_or_income|management:active_sponsor_avantis|geography:united_states|theme:not_thematic,True,AVLV,,avantisuslargecapvalueetf,1.3106865685966271,1.185286507106901,0.07132279644166462,0.5227901872659677,0.037286858108070337,0.037286858108070337,0.06492795357064324,0.5020528414574343,0.032597263580157805,0.032597263580157805,0.6469625609761995,0.1065418319057605,0.06289165051463008,1.69405367857179,0.5385248987018141,0.09135451063163447,0.09482184629035564,0.9634331560249967,True,0.12540006148972616,True,0.0046895945279125315,True,0.7306205225467932,True,True,4,intentional_management,True
AVMU,Avantis Core Municipal Fixed Income ETF,True,1,fixed_income,2020-12-10,2026-08-28,0,1435,1434,5.714011923585016,0.027577969401792135,0.004772375548185659,0.039865637306527084,0.13987558203911118,-0.1240819673837037,0.048532812735265295,0.038461475497304526,0.0983329685468223,1435,1434,5.714011923585016,1.2743387976509264,0.15465607621748556,0.16668106926121606,0.9496782814452974,-0.24496388734674468,0.079160776440377,0.6313423496524243,1.953695796983128,False,-0.1498837006692999,False,-0.8098026994061862,False,-0.5928808741551198,False,-1.8553628284363055,False,True,True,True,True,2022-03-01,first_usable_session_on_or_before_2022-03-01|at_least_1008_daily_returns|economic_qc_pass,etf_taxonomy_1.1,Avantis Core Municipal Fixed Income ETF,fixed_income,municipal_bonds,municipal_bonds,not_sector_specific,not_thematic,not_determined,active_identified,medium,medium,asset:fixed_income|exposure:municipal_bonds|management:active_sponsor_avantis|geography:not_determined|theme:not_thematic,True,AVMU,,avantiscoremunicipalfixedincomeetf,0.19008665228615534,1.3837249663238946,0.011240878765014775,0.45073835395085854,0.005066695191503919,0.005066695191503919,0.0769485974228038,0.5033321780018971,0.03873070513501101,0.03873070513501101,-0.14866923981406344,-0.02777536622425747,0.1086574281978256,-0.2556232618877068,0.8842507675127618,0.11725312932197074,0.0882351008585112,1.3288717095704485,False,-1.1936383140377393,False,-0.03366400994350709,False,-1.5844949714581553,False,False,0,intentional_management,True
AVRE,Avantis Real Estate ETF,True,1,real_estate,2021-09-30,2026-08-28,0,1233,1232,4.909067263530394,0.1274081884867706,0.024729364208974314,0.16429767676408083,0.2313510546613881,-0.3329291933415446,0.17059388983372495,0.07427814893842913,0.14496043341926032,1233,1232,4.909067263530394,0.9165828462750452,0.14170051007290474,0.17265322110823336,0.8569800318909669,-0.24496388734674468,0.08517639986734901,0.5784546922719619,1.663612342075793,False,-0.11697114586393043,False,-0.6256289772295789,False,-0.5041765433335328,False,-1.5186519086565327,False,True,True,True,True,2022-03-01,first_usable_session_on_or_before_2022-03-01|at_least_1008_daily_returns|economic_qc_pass,etf_taxonomy_1.1,Avantis Real Estate ETF,real_estate,real_estate,real_estate,real_estate,not_thematic,not_determined,active_identified,medium,medium,asset:real_estate|exposure:real_estate|management:active_sponsor_avantis|geography:not_determined|theme:not_thematic,True,AVRE,,avantisrealestateetf,0.32792618105114163,1.2475730024418448,0.012698888865143594,0.549241257966713,0.0069747536950709515,0.0069747536950709515,0.06858803998712386,0.5019778088664802,0.034429674027182965,0.034429674027182965,-0.06535688655305683,-0.013674153112333998,0.22811212633609004,-0.059944875934333806,0.5888841121740109,0.0989132953743419,0.09498826150957904,1.0413212517250572,False,-0.9196468213907032,False,-0.027454920332112012,False,-1.101266127659391,False,False,0,intentional_management,True
AVSC,Avantis U.S Small Cap Equity ETF,True,1,equity,2022-01-13,2026-08-28,0,1160,1159,4.6215870277966005,0.5681296292278177,0.10223943647725009,0.21969423816651948,0.5548696452876749,-0.2840000640547786,0.08957650135237159,0.3599979345692327,1.1413644754338603,1160,1159,4.6215870277966005,0.7643700531621536,0.13072256895059975,0.17456802167439794,0.7943783790093053,-0.22385888645399654,0.075360963339646,0.5839507692604533,1.7346191338006562,False,-0.02848313247334966,False,-0.2395087337216304,False,-0.22395283469122063,False,-0.5932546583667959,False,True,True,True,True,2022-03-01,first_usable_session_on_or_before_2022-03-01|at_least_1008_daily_returns|economic_qc_pass,etf_taxonomy_1.1,Avantis U.S Small Cap Equity ETF,equity,other_equity,other_equity,not_sector_specific,not_thematic,united_states,active_identified,medium,medium,asset:equity|exposure:other_equity|management:active_sponsor_avantis|geography:united_states|theme:not_thematic,True,AVSC,,avantisussmallcapequityetf,0.8223487851708577,1.1551451466038087,0.03720735055625208,0.5699788019844965,0.021207401095069748,0.021207401095069748,0.06320348120562225,0.498035132735004,0.031477554151556404,0.031477554151556404,0.3003105228055123,0.05846630577978296,0.10340843276491228,0.5653920499182081,0.46303526410593965,0.08581829030181831,0.08423186311073759,1.0188340508270022,False,-0.332796361432951,False,-0.010270153056486656,False,-0.45344200090879405,False,False,0,intentional_management,True
AVSF,Avantis Short-Term Fixed Income ETF,True,1,fixed_income,2020-10-15,2026-08-28,0,1474,1473,5.867334715976372,0.10356527159855378,0.0169375582479121,0.025027044324374748,0.6861638581382732,-0.08848265452296578,0.03247397878420089,0.19142235661019794,0.5215732374670544,1474,1473,5.867334715976372,1.4001966126583407,0.16093370165914944,0.1669377038084973,0.9808040718647018,-0.24496388734674468,0.07818072589589704,0.6569690879837684,2.0584830828181824,False,-0.14399614341123734,False,-0.29464021372642857,False,-0.4655467313735705,False,-1.5369098453511278,False,True,True,True,True,2022-03-01,first_usable_session_on_or_before_2022-03-01|at_least_1008_daily_returns|economic_qc_pass,etf_taxonomy_1.1,Avantis Short-Term Fixed Income ETF,fixed_income,aggregate_bonds,aggregate_bonds,not_sector_specific,not_thematic,not_determined,active_identified,medium,medium,asset:fixed_income|exposure:aggregate_bonds|management:active_sponsor_avantis|geography:not_determined|theme:not_thematic,True,AVSF,,avantisshorttermfixedincomeetf,1.0165070034631236,1.428815003407909,0.058944498943239804,0.5179284307364557,0.03052903183821886,0.03052903183821886,0.0795263313108805,0.5052840627376421,0.040183387779381456,0.040183387779381456,-0.08584025801817963,-0.015180147253688436,0.07407559337314473,-0.20492778474578952,0.988249515096705,0.1242681990092005,0.08712667390186617,1.4262933891998235,False,-0.4123079999447854,False,-0.009654355941162596,False,-1.631221173945613,False,False,0,intentional_management,True
AVUS,Avantis U.S. Equity ETF,True,1,equity,2019-09-26,2026-08-28,0,1740,1739,6.921428913666947,1.8629319183501218,0.1641247561070831,0.206231009641039,0.8428336122693326,-0.3704358018765156,0.07828854452932967,0.443058568517613,2.0964083199374866,1740,1739,6.921428913666947,1.8626182542192709,0.16410632811768422,0.19837286930919495,0.8679368181664937,-0.33717243065613756,0.08167889280955475,0.4867133644299841,2.0091644545221743,True,1.8427989398883682e-05,False,-0.025103205897161085,False,-0.04365479591237109,True,0.08724386541531226,False,True,True,True,True,2022-03-01,first_usable_session_on_or_before_2022-03-01|at_least_1008_daily_returns|economic_qc_pass,etf_taxonomy_1.1,Avantis U.S. Equity ETF,equity,other_equity,other_equity,not_sector_specific,not_thematic,united_states,active_identified,medium,medium,asset:equity|exposure:other_equity|management:active_sponsor_avantis|geography:united_states|theme:not_thematic,True,AVUS,,avantisusequityetf,1.1879271044576778,1.2298423506885867,0.07026030817421812,0.4354381307357444,0.03059401725629888,0.03059401725629888,0.07364024368751679,0.4292833527750383,0.03161253070934806,0.03161253070934806,1.352655136342681,0.1315722977340077,0.085908989534914,1.5315311988454459,1.3523973783695338,0.13155438504707506,0.08909681369705484,1.4765329935858715,False,-0.04191524623090892,False,-0.0010185134530491802,True,0.05499820525957433,True,True,2,intentional_management,True
AVUV,Avantis U.S. Small Cap Value ETF,True,1,equity,2019-09-26,2026-08-28,0,1740,1739,6.921428913666947,1.7999410485343619,0.1603888611472848,0.2788913969838033,0.6752273606364482,-0.49423477560382123,0.11304842705448688,0.3245195786786411,1.4187624306349778,1740,1739,6.921428913666947,1.8626182542192709,0.16410632811768422,0.19837286930919495,0.8679368181664937,-0.33717243065613756,0.08167889280955475,0.4867133644299841,2.0091644545221743,False,-0.00371746697039943,False,-0.19270945753004554,False,-0.16219378575134297,False,-0.5904020238871965,False,True,True,True,True,2022-03-01,first_usable_session_on_or_before_2022-03-01|at_least_1008_daily_returns|economic_qc_pass,etf_taxonomy_1.1,Avantis U.S. Small Cap Value ETF,equity,factor_style_or_income,factor_or_style,not_sector_specific,not_thematic,united_states,active_identified,medium,medium,asset:equity|exposure:factor_style_or_income|management:active_sponsor_avantis|geography:united_states|theme:not_thematic,True,AVUV,,avantisussmallcapvalueetf,0.969917508989669,1.2298423506885867,0.04859711834588309,0.4767616389049971,0.023169241788643324,0.023169241788643324,0.07364024368751679,0.4292833527750383,0.03161253070934806,0.03161253070934806,1.3008914906671163,0.12794086972633534,0.1188043006004721,1.0769043635599411,1.3523973783695338,0.13155438504707506,0.08909681369705484,1.4765329935858715,False,-0.2599248416989177,False,-0.008443288920704735,False,-0.3996286300259304,False,False,0,intentional_management,True
BEDZ,AdvisorShares Hotel ETF,True,1,equity,2021-04-21,2026-08-26,0,1318,1317,5.347132384648555,0.53235439520703,0.083091539781595,0.24875292779336583,0.4527368394785679,-0.2970100875645729,0.10184555907445784,0.2797599922040698,0.8158582518148676,1318,1317,5.347132384648555,0.9764514605149202,0.13588792538661942,0.1696849657531524,0.8530597179524292,-0.24496388734674468,0.08251142155353502,0.5547263592950377,1.6468983666516117,False,-0.05279638560502442,False,-0.4003228784738613,False,-0.2749663670909679,False,-0.8310401148367441,False,True,True,True,True,2022-03-01,first_usable_session_on_or_before_2022-03-01|at_least_1008_daily_returns|economic_qc_pass,etf_taxonomy_1.1,AdvisorShares Hotel ETF,equity,other_equity,other_equity,not_sector_specific,not_thematic,not_determined,active_identified,medium,medium,asset:equity|exposure:other_equity|management:active_sponsor_advisorshares|geography:not_determined|theme:not_thematic,True,BEDZ,,advisorshareshoteletf,0.6565286078964023,1.24157539915169,0.029786756182769714,0.4815695151071386,0.014344393731550973,0.014344393731550973,0.06848625419412063,0.5002209358464348,0.03425825816559984,0.03425825816559984,0.27014806981591866,0.045736914794684225,0.11342047447484428,0.40325095628856933,0.6382541894420655,0.0967124116636211,0.09197714327359237,1.0514830991863202,False,-0.5850467912552877,False,-0.019913864434048866,False,-0.6482321428977509,False,False,0,intentional_management,True
BMED,iShares Health Innovation Active ETF,True,1,equity,2020-10-02,2026-08-28,0,1483,1482,5.902927507067222,0.36955937413637097,0.054721547208560484,0.1793442997215385,0.38782718917192965,-0.36440013471498545,0.208479594074411,0.15016884461736216,0.26247915270320965,1483,1482,5.902927507067222,1.4984078227866422,0.16779641542977197,0.16707777769102622,1.0155121029622864,-0.24496388734674468,0.07800024170703658,0.6849842940002716,2.1512294290061753,False,-0.11307486822121149,False,-0.6276849137903568,False,-0.5348154493829095,False,-1.8887502763029658,False,True,True,True,True,2022-03-01,first_usable_session_on_or_before_2022-03-01|at_least_1008_daily_returns|economic_qc_pass,etf_taxonomy_1.1,iShares Health Innovation Active ETF,equity,thematic_equity,thematic_equity,not_sector_specific,other_thematic,not_determined,active_identified,high,high,asset:equity|theme:other_thematic|management:active_word|geography:not_determined|theme:other_thematic,True,BMED,,ishareshealthinnovationactiveetf,0.5543657975687458,1.4823785550887703,0.02472632267593139,0.5771619441724357,0.014271092467875543,0.014271092467875543,0.08244317130535438,0.5070253802569052,0.04180078028068248,0.04180078028068248,0.13446425612544388,0.021602562379267276,0.2576253209437622,0.08385263645720198,1.069537418896461,0.13112680166424062,0.08691321862043346,1.5087095351616915,False,-0.9280127575200244,False,-0.027529687812806937,False,-1.4248568987044896,False,False,0,intentional_management,True
BNDD,Quadratic Deflation ETF,True,1,unknown,2021-09-21,2026-08-28,0,1240,1239,4.933708426593291,-0.2023150057778168,-0.044782045764661826,0.1320142692147013,-0.28223442689398937,-0.308715464601808,0.20958673070094144,-0.14505928889057526,-0.2136683253510031,1240,1239,4.933708426593291,0.896737712068306,0.13854065378024294,0.1726520191080035,0.8403640206814242,-0.24496388734674457,0.08496410779121445,0.5655554183141276,1.6305785746692496,False,-0.18332269954490477,False,-1.1225984475754136,False,-0.7106147072047029,False,-1.8442469000202526,False,True,True,True,True,2022-03-01,first_usable_session_on_or_before_2022-03-01|at_least_1008_daily_returns|economic_qc_pass,etf_taxonomy_1.1,Quadratic Deflation ETF,alternatives,risk_managed_alternative,risk_managed_alternative,not_sector_specific,not_thematic,not_determined,not_determined,low,medium,asset:alternatives|exposure:risk_managed_alternative|management:free_metadata_insufficient|geography:not_determined|theme:not_thematic,True,BNDD,,quadraticdeflationetf,-0.39391733965842357,1.221848301354712,-0.028740688220966825,0.5822974758382273,-0.016735630204922455,0.016735630204922455,0.06706196051456983,0.5027117159969519,0.03371283324839923,0.03371283324839923,-0.3387166267736107,-0.08040870880035733,0.2766258788972971,-0.29067674044412406,0.5724015387618939,0.09607662340390877,0.09474534620021675,1.0140511091793232,False,-1.6157656410131356,False,-0.050448463453321685,False,-1.3047278496234473,False,False,0,intentional_management,True
BOND,PIMCO Active Bond Exchange-Traded Fund Exchange-Traded Fund,True,1,fixed_income,2012-03-01,2026-08-28,0,3645,3644,14.49174178799017,0.5180960799922081,0.02922546347795163,0.04715974716338925,0.6358192985209699,-0.19714258056768108,0.05783596630295659,0.14824531257425752,0.5053164206656925,3645,3644,14.49174178799017,6.206960256592619,0.1460116410069081,0.16608242155697883,0.9058350884481579,-0.33717243065613767,0.06204523186425607,0.4330473897962814,2.3533096197682943,False,-0.11678617752895648,False,-0.270015789927188,False,-0.2848020772220239,False,-1.8479931991026017,False,True,True,True,True,2022-03-01,first_usable_session_on_or_before_2022-03-01|at_least_1008_daily_returns|economic_qc_pass,etf_taxonomy_1.1,PIMCO Active Bond Exchange-Traded Fund Exchange-Traded Fund,fixed_income,other_fixed_income,other_fixed_income,not_sector_specific,not_thematic,not_determined,active_identified,high,high,asset:fixed_income|exposure:other_fixed_income|management:active_word|geography:not_determined|theme:not_thematic,True,BOND,,pimcoactivebondexchangetradedfundexchangetradedfund,0.8750459563207557,1.2822804651757456,0.0558200277721196,0.4750410623827737,0.026516805295103626,0.026516805295103626,0.0781143267106846,0.4371298872642038,0.03414610682876075,0.03414610682876075,0.18094057233843786,0.011542380234109917,0.09271642687283498,0.12449121071005945,4.606359098354662,0.12632205892267034,0.06710159955462297,1.882549145789586,False,-0.4072345088549899,False,-0.0076293015336571235,False,-1.7580579350795265,False,False,0,intentional_management,True
BTAL,AGF U.S. Market Neutral Anti-Beta Fund,True,1,alternatives,2011-09-13,2026-08-28,0,3762,3761,14.957185979178217,-0.42635686602875145,-0.03647409567420745,0.2278732589719112,-0.05321029208015499,-0.5270106380008099,0.24073806429668423,-0.06920941067256292,-0.15150946644339958,3762,3761,14.957185979178217,7.5279249178909655,0.15407453061938936,0.1681229015812157,0.9386861410932602,-0.33717243065613767,0.06134366827380019,0.4569606427179122,2.511661512182414,False,-0.1905486262935968,False,-0.9918964331734152,False,-0.5261700533904752,False,-2.6631709786258133,False,True,True,True,True,2022-03-01,first_usable_session_on_or_before_2022-03-01|at_least_1008_daily_returns|economic_qc_pass,etf_taxonomy_1.1,AGF U.S. Market Neutral Anti-Beta Fund,alternatives,long_short_market_neutral,long_short_market_neutral,not_sector_specific,not_thematic,united_states,active_identified,high,high,asset:alternatives|exposure:long_short_market_neutral|management:discretionary_strategy|geography:united_states|theme:not_thematic,True,BTAL,,agfusmarketneutralantibetafund,-0.08215641108120433,1.332153087380091,-0.019487551329406605,0.2899943150814627,-0.005651279100386116,0.005651279100386116,0.08088123220169795,0.4399055489458641,0.035580102851105834,0.035580102851105834,-0.5539301206562313,-0.05254202491630999,0.28120042593625355,-0.186849023223816,5.631388425834455,0.1348289786162178,0.06630097743150931,2.033589606661527,False,-1.4143094984612954,False,-0.04123138195149195,False,-2.2204386298853427,False,False,0,intentional_management,True
CCOR,Core Alternative ETF,True,2,equity|unknown,2017-05-25,2026-08-28,0,2328,2327,9.259601497635133,0.16991184224086964,0.017092066510348447,0.10761813352351492,0.2115034460740822,-0.22992445763538272,0.10283350583941524,0.07433774852022604,0.16621106487451096,2328,2327,9.259601497635133,2.6880868350176113,0.15136297731695225,0.18510256929771474,0.8565420394012728,-0.33717243065613767,0.07432668606245713,0.44891860530352334,2.036455347810894,False,-0.1342709108066038,False,-0.6450385933271906,False,-0.37458085678329733,False,-1.870244282936383,False,True,True,True,True,2022-03-01,first_usable_session_on_or_before_2022-03-01|at_least_1008_daily_returns|economic_qc_pass,etf_taxonomy_1.1,Core Alternative ETF,alternatives,risk_managed_alternative,risk_managed_alternative,not_sector_specific,not_thematic,not_determined,not_determined,low,medium,asset:alternatives|exposure:risk_managed_alternative|management:free_metadata_insufficient|geography:not_determined|theme:not_thematic,True,CCOR,,corealternativeetf,0.32395100619974226,1.2071155716684951,0.014814758993281916,0.4535394005684427,0.006719076913379026,0.006719076913379026,0.07370398460935049,0.42322997325181866,0.03119373543476786,0.03119373543476786,-0.07917084179495482,-0.008868037330945655,0.15266752886202564,-0.05808725271868523,1.9028665007539636,0.12197576308695557,0.08086658297381313,1.5083580708047815,False,-0.8831645654687529,False,-0.024474658521388835,False,-1.5664453235234668,False,False,0,intentional_management,True
CGCP,Capital Group Core Plus Income ETF,True,1,unknown,2022-02-24,2026-08-28,0,1132,1131,4.5065949335030835,0.0727375416648377,0.01570224489880423,0.06249055295657734,0.28156466666758273,-0.15070783288060163,0.06218683529713649,0.10418997207161981,0.252501109338929,1132,1131,4.5065949335030835,0.9136187189430112,0.15489599836489765,0.1733307235822298,0.9208758853019191,-0.2209484799542688,0.0738845937130355,0.7010503009432675,2.0964586875378495,False,-0.13919375346609342,False,-0.6393112186343364,False,-0.5968603288716476,False,-1.8439575781989204,False,True,True,True,True,2022-03-01,first_usable_session_on_or_before_2022-03-01|at_least_1008_daily_returns|economic_qc_pass,etf_taxonomy_1.1,Capital Group Core Plus Income ETF,fixed_income,income_and_hybrid_securities,income_and_hybrid_securities,not_sector_specific,not_thematic,not_determined,active_identified,medium,medium,asset:fixed_income|exposure:income_and_hybrid_securities|management:active_sponsor_capital_group|geography:not_determined|theme:not_thematic,True,CGCP,,capitalgroupcoreplusincomeetf,0.40636388259587036,1.3476489648343064,0.020840261916018125,0.573295327452789,0.011947624779345498,0.011947624779345498,0.07497144021779922,0.49234597450542483,0.036911886794107555,0.036911886794107555,-0.11039107770367751,-0.02562207067802158,0.1166665691832918,-0.21961793217530393,0.5869420246101953,0.10790852055381994,0.08256391955955804,1.3069694502085674,False,-0.941285082238436,False,-0.024964262014762057,False,-1.5265873823838714,False,False,0,intentional_management,True
CGDV,Capital Group Dividend Value ETF,True,1,equity,2022-02-24,2026-08-28,0,1132,1131,4.5065949335030835,1.202272142449583,0.1914670897363897,0.15363993353401975,1.2220276493409687,-0.21813905501075304,0.05665846383598358,0.8777295277406948,3.3793201716632084,1132,1131,4.5065949335030835,0.9136187189430112,0.15489599836489765,0.1733307235822298,0.9208758853019191,-0.2209484799542688,0.0738845937130355,0.7010503009432675,2.0964586875378495,True,0.03657109137149206,True,0.30115176403904964,True,0.1766792267974273,True,1.282861484125359,True,True,True,True,True,2022-03-01,first_usable_session_on_or_before_2022-03-01|at_least_1008_daily_returns|economic_qc_pass,etf_taxonomy_1.1,Capital Group Dividend Value ETF,equity,factor_style_or_income,dividend_or_income,not_sector_specific,not_thematic,not_determined,active_identified,medium,medium,asset:equity|exposure:factor_style_or_income|management:active_sponsor_capital_group|geography:not_determined|theme:not_thematic,True,CGDV,,capitalgroupdividendvalueetf,1.8039982019638303,1.3476489648343064,0.10087246559410672,0.509708897364402,0.051415593212400704,0.051415593212400704,0.07497144021779922,0.49234597450542483,0.036911886794107555,0.036911886794107555,0.8263189933739636,0.1429917001594232,0.06188989111955511,2.310420935839111,0.5869420246101953,0.10790852055381994,0.08256391955955804,1.3069694502085674,True,0.4563492371295239,True,0.014503706418293148,True,1.0034514856305434,True,True,4,intentional_management,True
CGGO,Capital Group Global Growth Equity ETF,True,1,equity,2022-02-24,2026-08-28,0,1132,1131,4.5065949335030835,0.7546131336896922,0.13287794084407079,0.19055109958235722,0.7526620178662289,-0.2490129156179519,0.08034102873222139,0.5336186699967755,1.6539238162727068,1132,1131,4.5065949335030835,0.9136187189430112,0.15489599836489765,0.1733307235822298,0.9208758853019191,-0.2209484799542688,0.0738845937130355,0.7010503009432675,2.0964586875378495,False,-0.02201805752082686,False,-0.16821386743569022,False,-0.16743163094649194,False,-0.4425348712651427,False,True,True,True,True,2022-03-01,first_usable_session_on_or_before_2022-03-01|at_least_1008_daily_returns|economic_qc_pass,etf_taxonomy_1.1,Capital Group Global Growth Equity ETF,equity,factor_style_or_income,factor_or_style,not_sector_specific,not_thematic,global,active_identified,medium,medium,asset:equity|exposure:factor_style_or_income|management:active_sponsor_capital_group|geography:global|theme:not_thematic,True,CGGO,,capitalgroupglobalgrowthequityetf,1.1005547252730743,1.3476489648343064,0.057143447253996144,0.5259577868809591,0.03005504105246063,0.03005504105246063,0.07497144021779922,0.49234597450542483,0.036911886794107555,0.036911886794107555,0.45508051903002045,0.08678627788616389,0.08927017714978648,0.9721754863390172,0.5869420246101953,0.10790852055381994,0.08256391955955804,1.3069694502085674,False,-0.2470942395612321,False,-0.006856845741646925,False,-0.3347939638695502,False,False,0,intentional_management,True
CGGR,Capital Group Growth ETF,True,1,equity,2022-02-24,2026-08-28,0,1132,1131,4.5065949335030835,0.9575859688166555,0.1607320779317596,0.21737213011461465,0.797199857649353,-0.2889618921238908,0.10991832759764035,0.5562397060400152,1.4622864216068192,1132,1131,4.5065949335030835,0.9136187189430112,0.15489599836489765,0.1733307235822298,0.9208758853019191,-0.2209484799542688,0.0738845937130355,0.7010503009432675,2.0964586875378495,True,0.00583607956686194,False,-0.12367602765256613,False,-0.14481059490325232,False,-0.6341722659310303,False,True,True,True,True,2022-03-01,first_usable_session_on_or_before_2022-03-01|at_least_1008_daily_returns|economic_qc_pass,etf_taxonomy_1.1,Capital Group Growth ETF,equity,factor_style_or_income,factor_or_style,not_sector_specific,not_thematic,not_determined,active_identified,medium,medium,asset:equity|exposure:factor_style_or_income|management:active_sponsor_capital_group|geography:not_determined|theme:not_thematic,True,CGGR,,capitalgroupgrowthetf,1.1490713949503109,1.3476489648343064,0.06034419987414979,0.5169537813674726,0.0311951623085363,0.0311951623085363,0.07497144021779922,0.49234597450542483,0.036911886794107555,0.036911886794107555,0.6234035599413101,0.11350715652442744,0.11929709109795292,0.9514662552101002,0.5869420246101953,0.10790852055381994,0.08256391955955804,1.3069694502085674,False,-0.19857756988399555,False,-0.005716724485571256,False,-0.35550319499846716,False,False,1,intentional_management,True
CGUS,Capital Group Core Equity ETF,True,1,equity,2022-02-24,2026-08-28,0,1132,1131,4.5065949335030835,0.939466059937691,0.1583393771737176,0.1627182305809719,0.9885307120827772,-0.22153276180860515,0.07009461654076098,0.7147447442131203,2.2589377756513027,1132,1131,4.5065949335030835,0.9136187189430112,0.15489599836489765,0.1733307235822298,0.9208758853019191,-0.2209484799542688,0.0738845937130355,0.7010503009432675,2.0964586875378495,True,0.0034433788088199524,True,0.0676548267808581,True,0.013694443269852807,True,0.16247908811345324,True,True,True,True,True,2022-03-01,first_usable_session_on_or_before_2022-03-01|at_least_1008_daily_returns|economic_qc_pass,etf_taxonomy_1.1,Capital Group Core Equity ETF,equity,other_equity,other_equity,not_sector_specific,not_thematic,not_determined,active_identified,medium,medium,asset:equity|exposure:other_equity|management:active_sponsor_capital_group|geography:not_determined|theme:not_thematic,True,CGUS,,capitalgroupcoreequityetf,1.4396624847980124,1.3476489648343064,0.08022903390381061,0.5067441164820239,0.04065559090179285,0.04065559090179285,0.07497144021779922,0.49234597450542483,0.036911886794107555,0.036911886794107555,0.6083769276255377,0.1112118039033052,0.07739991892144316,1.4368465168055193,0.5869420246101953,0.10790852055381994,0.08256391955955804,1.3069694502085674,True,0.09201351996370599,True,0.0037437041076852917,True,0.12987706659695197,True,True,4,intentional_management,True
CGXU,Capital Group International Focus Equity ETF,True,1,equity,2022-02-24,2026-08-28,0,1132,1131,4.5065949335030835,0.5818572276955198,0.1071198238906963,0.20282186463471918,0.605208237301183,-0.25644544547509107,0.0865018715238518,0.4177099877607341,1.2383526738049748,1132,1131,4.5065949335030835,0.9136187189430112,0.15489599836489765,0.1733307235822298,0.9208758853019191,-0.2209484799542688,0.0738845937130355,0.7010503009432675,2.0964586875378495,False,-0.04777617447420135,False,-0.3156676480007361,False,-0.2833403131825334,False,-0.8581060137328747,False,True,True,True,True,2022-03-01,first_usable_session_on_or_before_2022-03-01|at_least_1008_daily_returns|economic_qc_pass,etf_taxonomy_1.1,Capital Group International Focus Equity ETF,equity,other_equity,other_equity,not_sector_specific,not_thematic,international_ex_us,active_identified,medium,medium,asset:equity|exposure:other_equity|management:active_sponsor_capital_group|geography:international_ex_us|theme:not_thematic,True,CGXU,,capitalgroupinternationalfocusequityetf,0.8724483384478953,1.3476489648343064,0.04357481601059995,0.530514760780409,0.02311708309191377,0.02311708309191377,0.07497144021779922,0.49234597450542483,0.036911886794107555,0.036911886794107555,0.311816030389781,0.062076141833680376,0.10118014627238739,0.613520973438455,0.5869420246101953,0.10790852055381994,0.08256391955955804,1.3069694502085674,False,-0.47520062638641114,False,-0.013794803702193787,False,-0.6934484767701123,False,False,0,intentional_management,True
CLSE,Convergence Long/Short Equity ETF,True,1,alternatives,2022-02-22,2026-08-28,0,1134,1133,4.51207074751706,1.3027962575135135,0.20305606723230296,0.13789552933012889,1.414955858152876,-0.16445180904275458,0.0503111604840516,1.234745111131687,4.036004442725402,1134,1133,4.51207074751706,0.9079611655176882,0.1539367065063657,0.17352768759680084,0.9147596530151614,-0.22094847995426892,0.07382134261762302,0.6967086016533218,2.085260184222349,True,0.049119360725937256,True,0.5001962051377147,True,0.5380365094783651,True,1.9507442585030534,True,True,True,True,True,2022-03-01,first_usable_session_on_or_before_2022-03-01|at_least_1008_daily_returns|economic_qc_pass,etf_taxonomy_1.1,Convergence Long/Short Equity ETF,alternatives,long_short_market_neutral,long_short_market_neutral,not_sector_specific,not_thematic,not_determined,active_identified,high,high,asset:alternatives|exposure:long_short_market_neutral|management:discretionary_strategy|geography:not_determined|theme:not_thematic,True,CLSE,,convergencelongshortequityetf,2.022853094980422,1.3380643710991795,0.11077350785027455,0.5796972398787315,0.06421509675248915,0.06421509675248915,0.07434740174874147,0.49322056972643924,0.03666966784819473,0.03666966784819473,0.9096739999699104,0.15416621579420897,0.058651222129020956,2.628525207114596,0.5822432483348059,0.10704297005745067,0.0824928088618573,1.2976036521765812,True,0.6847887238812427,True,0.02754542890429442,True,1.3309215549380147,True,True,4,intentional_management,True
CWS,AdvisorShares Focused Equity ETF,True,1,equity,2016-09-21,2026-08-28,0,2498,2497,9.933126621354306,2.030680721322527,0.11809372159614773,0.1679892158725469,0.7503333953787594,-0.3381769026026713,0.0684354392204586,0.3492069407676185,1.725622322897928,2498,2497,9.933126621354306,3.1737976126463794,0.15470461793623702,0.17986822269637678,0.8920720184152432,-0.33717243065613767,0.07181119943156983,0.4588293818542097,2.1543243833945125,False,-0.036610896340089294,False,-0.14173862303648377,False,-0.1096224410865912,False,-0.42870206049658455,False,True,True,True,True,2022-03-01,first_usable_session_on_or_before_2022-03-01|at_least_1008_daily_returns|economic_qc_pass,etf_taxonomy_1.1,AdvisorShares Focused Equity ETF,equity,other_equity,other_equity,not_sector_specific,not_thematic,not_determined,active_identified,medium,medium,asset:equity|exposure:other_equity|management:active_sponsor_advisorshares|geography:not_determined|theme:not_thematic,True,CWS,,advisorsharesfocusedequityetf,1.0709143322058448,1.259324967096499,0.06063602807389982,0.47732476126625195,0.02894307762450798,0.02894307762450798,0.07789157185809897,0.41767152227643023,0.03253309139047615,0.03253309139047615,1.3750300462299099,0.0909876258133897,0.07610272819937333,1.1955895401676144,2.270847591161643,0.12671095929204879,0.0781228271747645,1.6219453887477768,False,-0.18841063489065424,False,-0.0035900137659681704,False,-0.4263558485801624,False,False,0,intentional_management,True
DBMF,iMGP DBi Managed Futures Strategy ETF,True,2,alternatives,2019-05-08,2026-08-28,0,1838,1837,7.307473801652327,0.9160285257520915,0.09306411235962941,0.12337720675541346,0.7849674878934685,-0.2039313720319652,0.0838454942613813,0.45635015070188456,1.1099476862705329,1838,1837,7.307473801652327,1.9850029448376274,0.16143359691898396,0.19588720955250086,0.8642549857199382,-0.33717243065613767,0.07967858311955546,0.4787864672234148,2.0260600853902915,False,-0.06836948455935454,False,-0.07928749782646971,False,-0.02243631652153022,False,-0.9161123991197586,False,True,True,True,True,2022-03-01,first_usable_session_on_or_before_2022-03-01|at_least_1008_daily_returns|economic_qc_pass,etf_taxonomy_1.1,iMGP DBi Managed Futures Strategy ETF,alternatives,managed_futures,managed_futures,not_sector_specific,other_thematic,not_determined,active_identified,high,high,asset:alternatives|exposure:managed_futures|management:managed_strategy|geography:not_determined|theme:other_thematic,True,DBMF,,imgpdbimanagedfuturesstrategyetf,1.0770874066038292,1.2224809646954582,0.06295072121321793,0.5204190781572213,0.03276075630311511,0.03276075630311511,0.07320611611331847,0.4315946455455266,0.031595367735692347,0.031595367735692347,0.5605692203191235,0.06279633613372071,0.12625680297071645,0.49736992111455147,1.43122879209068,0.129272617690686,0.08690222879948742,1.4875638919337877,False,-0.14539355809162902,True,0.0011653885674227649,False,-0.9901939708192362,False,False,0,intentional_management,True
DFAC,Dimensional U.S. Core Equity 2 ETF,True,1,equity,2021-06-14,2026-08-28,0,1309,1308,5.204761220285153,0.8303864011985869,0.12316305599735755,0.16926572594060013,0.7727160057466509,-0.23113946487399883,0.0771646123209564,0.5328516965482182,1.5961080123758864,1309,1308,5.204761220285153,0.9466132430882206,0.13652715433642615,0.16960147332942116,0.8414013599784824,-0.24496388734674468,0.08280055960770209,0.5573358416833617,1.6488675316117842,False,-0.013364098339068597,False,-0.06868535423183153,False,-0.02448414513514352,False,-0.052759519235897834,False,True,True,True,True,2022-03-01,first_usable_session_on_or_before_2022-03-01|at_least_1008_daily_returns|economic_qc_pass,etf_taxonomy_1.1,Dimensional U.S. Core Equity 2 ETF,equity,other_equity,other_equity,not_sector_specific,not_thematic,united_states,active_identified,medium,medium,asset:equity|exposure:other_equity|management:active_sponsor_dimensional|geography:united_states|theme:not_thematic,True,DFAC,,dimensionaluscoreequity2etf,1.1207799868992676,1.2227757713163094,0.06000158351392757,0.5221705923620346,0.031331062406127645,0.031331062406127645,0.0673865595935677,0.5011876649882635,0.03377331245429266,0.03377331245429266,0.5170134207597785,0.08336254997002146,0.08791767366045851,0.9481887599980282,0.6133415397206938,0.09625307693078144,0.09230993558573257,1.0427163264715604,False,-0.10199578441704182,False,-0.0024422500481650136,False,-0.09452756647353222,False,False,0,intentional_management,True
DFAE,Dimensional Emerging Core Equity Market ETF,True,1,equity,2020-12-03,2026-08-28,0,1440,1439,5.7331772726339345,0.7546611515426616,0.10304443323191737,0.1853256295856181,0.6240093299137951,-0.32214272331994753,0.12922361579631586,0.3198719877014733,0.7974117780014568,1440,1439,5.7331772726339345,1.2745865040919564,0.15412307239939316,0.16648017750515756,0.9477232252818301,-0.2449638873467448,0.07902529504644254,0.6291665031475964,1.950300499464333,False,-0.05107863916747579,False,-0.32371389536803497,False,-0.3092945154461231,False,-1.152888721462876,False,True,True,True,True,2022-03-01,first_usable_session_on_or_before_2022-03-01|at_least_1008_daily_returns|economic_qc_pass,etf_taxonomy_1.1,Dimensional Emerging Core Equity Market ETF,equity,other_equity,other_equity,not_sector_specific,not_thematic,not_determined,active_identified,medium,medium,asset:equity|exposure:other_equity|management:active_sponsor_dimensional|geography:not_determined|theme:not_thematic,True,DFAE,,dimensionalemergingcoreequitymarketetf,0.9019563086744716,1.3808287618861106,0.04571321021668005,0.5359644651764813,0.024500656265282986,0.024500656265282986,0.07679413840090704,0.5032024637388756,0.03864299964404062,0.03864299964404062,0.45368129261748513,0.06742758729373421,0.15744708701792942,0.42825554013619727,0.8844230104095339,0.11685691844863078,0.08808364160823788,1.3266585749073063,False,-0.47887245321163896,False,-0.014142343378757631,False,-0.898403034771109,False,False,0,intentional_management,True
DFAI,Dimensional International Core Equity Market ETF,True,1,equity,2020-11-19,2026-08-28,0,1449,1448,5.771507970731774,0.9922482494732956,0.1268490074610491,0.15620259613039356,0.8461176365591778,-0.2743896722290965,0.07623768314167732,0.46229512368504494,1.6638623084245299,1449,1448,5.771507970731774,1.3312324586930848,0.15794970072978742,0.16620727363199075,0.9693941812244894,-0.24496388734674468,0.07877979809585854,0.644787696833904,2.0049518347025423,False,-0.031100693268738322,False,-0.12327654466531157,False,-0.18249257314885908,False,-0.3410895262780125,False,True,True,True,True,2022-03-01,first_usable_session_on_or_before_2022-03-01|at_least_1008_daily_returns|economic_qc_pass,etf_taxonomy_1.1,Dimensional International Core Equity Market ETF,equity,other_equity,other_equity,not_sector_specific,not_thematic,international_ex_us,active_identified,medium,medium,asset:equity|exposure:other_equity|management:active_sponsor_dimensional|geography:international_ex_us|theme:not_thematic,True,DFAI,,dimensionalinternationalcoreequitymarketetf,1.2375172578343643,1.413837079574842,0.06509591626743146,0.5520253116341051,0.035934593463636456,0.035934593463636456,0.07871877731385475,0.5032755104833236,0.039617232837253324,0.039617232837253324,0.6504615098986624,0.09069516356675189,0.08701798621329787,1.0422576700917963,0.9312901616134328,0.12079802163130804,0.08780993836604485,1.3756759642370882,False,-0.17631982174047778,False,-0.003682639373616868,False,-0.3334182941452919,False,False,0,intentional_management,True
DFAR,Dimensional US Real Estate ETF,True,1,real_estate,2022-02-24,2026-08-28,0,1132,1131,4.5065949335030835,0.1744151264744629,0.03631840967827005,0.18941776501810084,0.2837533128370988,-0.32266266555690515,0.15873174677045113,0.11255845052784667,0.22880369187136634,1132,1131,4.5065949335030835,0.9136187189430112,0.15489599836489765,0.1733307235822298,0.9208758853019191,-0.2209484799542688,0.0738845937130355,0.7010503009432675,2.0964586875378495,False,-0.1185775886866276,False,-0.6371225724648203,False,-0.5884918504154208,False,-1.8676549956664832,False,True,True,True,True,2022-03-01,first_usable_session_on_or_before_2022-03-01|at_least_1008_daily_returns|economic_qc_pass,etf_taxonomy_1.1,Dimensional US Real Estate ETF,real_estate,real_estate,real_estate,real_estate,not_thematic,united_states,active_identified,medium,medium,asset:real_estate|exposure:real_estate|management:active_sponsor_dimensional|geography:united_states|theme:not_thematic,True,DFAR,,dimensionalusrealestateetf,0.4021747728452604,1.3476489648343064,0.016080220744065975,0.5492356602491154,0.008831830657318598,0.008831830657318598,0.07497144021779922,0.49234597450542483,0.036911886794107555,0.036911886794107555,-0.026071024446471358,-0.005844684097195518,0.21597619727049303,-0.027061704813125847,0.5869420246101953,0.10790852055381994,0.08256391955955804,1.3069694502085674,False,-0.945474191989046,False,-0.028080056136788958,False,-1.3340311550216932,False,False,0,intentional_management,True
DFAS,Dimensional U.S. Small Cap ETF,True,1,equity,2021-06-14,2026-08-28,0,1309,1308,5.204761220285153,0.5130976614684695,0.08282471026832838,0.20564051738028155,0.4906616872614206,-0.2612984558096296,0.10288943733212644,0.31697359255988394,0.8049874935263837,1309,1308,5.204761220285153,0.9466132430882206,0.13652715433642615,0.16960147332942116,0.8414013599784824,-0.24496388734674468,0.08280055960770209,0.5573358416833617,1.6488675316117842,False,-0.053702444068097765,False,-0.3507396727170618,False,-0.24036224912347776,False,-0.8438800380854006,False,True,True,True,True,2022-03-01,first_usable_session_on_or_before_2022-03-01|at_least_1008_daily_returns|economic_qc_pass,etf_taxonomy_1.1,Dimensional U.S. Small Cap ETF,equity,other_equity,other_equity,not_sector_specific,not_thematic,united_states,active_identified,medium,medium,asset:equity|exposure:other_equity|management:active_sponsor_dimensional|geography:united_states|theme:not_thematic,True,DFAS,,dimensionalussmallcapetf,0.7207073969757447,1.2227757713163094,0.03247999782102651,0.5677494907939384,0.01844050222387603,0.01844050222387603,0.0673865595935677,0.5011876649882635,0.03377331245429266,0.03377331245429266,0.2540463903495025,0.044453637450843964,0.12037751669517119,0.36928521763256456,0.6133415397206938,0.09625307693078144,0.09230993558573257,1.0427163264715604,False,-0.5020683743405647,False,-0.015332810230416629,False,-0.6734311088389959,False,False,0,intentional_management,True
DFAT,Dimensional U.S. Targeted Value ETF,True,1,equity,2021-06-14,2026-08-28,0,1309,1308,5.204761220285153,0.6840573016059521,0.10532589784960433,0.21131952277473123,0.5807374480026768,-0.26116930245210235,0.07780144567509796,0.4032859025188107,1.3537781584348654,1309,1308,5.204761220285153,0.9466132430882206,0.13652715433642615,0.16960147332942116,0.8414013599784824,-0.24496388734674468,0.08280055960770209,0.5573358416833617,1.6488675316117842,False,-0.031201256486821816,False,-0.26066391197580563,False,-0.154049939164551,False,-0.29508937317691886,False,True,True,True,True,2022-03-01,first_usable_session_on_or_before_2022-03-01|at_least_1008_daily_returns|economic_qc_pass,etf_taxonomy_1.1,Dimensional U.S. Targeted Value ETF,equity,factor_style_or_income,factor_or_style,not_sector_specific,not_thematic,united_states,active_identified,medium,medium,asset:equity|exposure:factor_style_or_income|management:active_sponsor_dimensional|geography:united_states|theme:not_thematic,True,DFAT,,dimensionalustargetedvalueetf,0.8548643710707404,1.2227757713163094,0.04020686387659725,0.555178825163956,0.022321999450536364,0.022321999450536364,0.0673865595935677,0.5011876649882635,0.03377331245429266,0.03377331245429266,0.3957367286993696,0.06615747094611346,0.0869232233827792,0.7611023656449014,0.6133415397206938,0.09625307693078144,0.09230993558573257,1.0427163264715604,False,-0.367911400245569,False,-0.011451313003756295,False,-0.281613960826659,False,False,0,intentional_management,True
DFAU,Dimensional US Core Equity Market ETF,True,1,equity,2020-11-19,2026-08-28,0,1449,1448,5.771507970731774,1.30343697559411,0.1555456709189127,0.16603275947807147,0.9577450666934113,-0.23613478709063707,0.07593798019920799,0.6587156125336529,2.0483251004420975,1449,1448,5.771507970731774,1.3312324586930848,0.15794970072978742,0.16620727363199075,0.9693941812244894,-0.24496388734674468,0.07877979809585854,0.644787696833904,2.0049518347025423,False,-0.0024040298108747304,False,-0.011649114531078086,True,0.013927915699748827,True,0.043373265739555134,False,True,True,True,True,2022-03-01,first_usable_session_on_or_before_2022-03-01|at_least_1008_daily_returns|economic_qc_pass,etf_taxonomy_1.1,Dimensional US Core Equity Market ETF,equity,other_equity,other_equity,not_sector_specific,not_thematic,united_states,active_identified,medium,medium,asset:equity|exposure:other_equity|management:active_sponsor_dimensional|geography:united_states|theme:not_thematic,True,DFAU,,dimensionaluscoreequitymarketetf,1.3902781105630597,1.413837079574842,0.07681583419584691,0.5139848814215412,0.03948217743044914,0.03948217743044914,0.07871877731385475,0.5032755104833236,0.039617232837253324,0.039617232837253324,0.9082632245758298,0.11847112275627647,0.08552319079398323,1.3852514348027718,0.9312901616134328,0.12079802163130804,0.08780993836604485,1.3756759642370882,False,-0.023558969011782338,False,-0.0001350554068041826,True,0.009575470565683641,False,False,2,intentional_management,True
DFAX,Dimensional World ex U.S. Core Equity 2 ETF,True,1,equity,2021-09-13,2026-08-28,0,1246,1245,4.955611682649199,0.6365355513947135,0.1045066186312309,0.161098043105134,0.6994669357451835,-0.28149160825536634,0.09076120486206342,0.3712601568442621,1.1514459155765662,1246,1245,4.955611682649199,0.8476361943003516,0.13188138803344907,0.1725327070060134,0.8064029938527056,-0.24496388734674468,0.08478621809663894,0.5383707348127272,1.55545784437668,False,-0.02737476940221817,False,-0.10693605810752216,False,-0.16711057796846512,False,-0.40401192880011383,False,True,True,True,True,2022-03-01,first_usable_session_on_or_before_2022-03-01|at_least_1008_daily_returns|economic_qc_pass,etf_taxonomy_1.1,Dimensional World ex U.S. Core Equity 2 ETF,equity,other_equity,other_equity,not_sector_specific,not_thematic,international_ex_us,active_identified,medium,medium,asset:equity|exposure:other_equity|management:active_sponsor_dimensional|geography:international_ex_us|theme:not_thematic,True,DFAX,,dimensionalworldexuscoreequity2etf,1.015091507711046,1.1710746419338367,0.052948159097584296,0.5422134398214848,0.02870920347651643,0.02870920347651643,0.06402671167509051,0.5031398036813208,0.032214387142565575,0.032214387142565575,0.3566690090783018,0.06348678933667729,0.10648066485261205,0.5962283333275027,0.5316689959606582,0.08984489813323226,0.09454118416929166,0.9503255001793725,False,-0.15598313422279064,False,-0.003505183666049145,False,-0.35409716685186976,False,False,0,intentional_management,True
DFCF,Dimensional Core Fixed Income ETF,True,1,fixed_income,2021-11-16,2026-08-28,0,1200,1199,4.780385634201934,0.009943829420880235,0.002072000675555019,0.06367565301242649,0.06446502833732616,-0.19563480440175163,0.0928158768212428,0.010591165932315402,0.022323774191624072,1200,1199,4.780385634201934,0.7526473999568462,0.12454803571806838,0.17422521688410703,0.7639126090618202,-0.2449638873467448,0.08633597870843024,0.5084342719536102,1.4425971371528212,False,-0.12247603504251336,False,-0.6994475807244941,False,-0.49784310602129483,False,-1.4202733629611972,False,True,True,True,True,2022-03-01,first_usable_session_on_or_before_2022-03-01|at_least_1008_daily_returns|economic_qc_pass,etf_taxonomy_1.1,Dimensional Core Fixed Income ETF,fixed_income,aggregate_bonds,aggregate_bonds,not_sector_specific,not_thematic,not_determined,active_identified,medium,medium,asset:fixed_income|exposure:aggregate_bonds|management:active_sponsor_dimensional|geography:not_determined|theme:not_thematic,True,DFCF,,dimensionalcorefixedincomeetf,0.09154706100143631,1.109702325011931,0.002718897778203192,0.5732136384813972,0.0015585092881028385,0.0015585092881028385,0.06025476653749272,0.5020425328713229,0.030250455610053077,0.030250455610053077,-0.16265034962305924,-0.036452729230063485,0.1546722972867372,-0.2356771695353181,0.45312902048171844,0.08131470586479828,0.09628221028793137,0.8445454837568346,False,-1.0181552640104945,False,-0.028691946321950237,False,-1.0802226532921526,False,False,0,intentional_management,True
DFIP,Dimensional Inflation-Protected Securities ETF,True,1,unknown,2021-11-16,2026-08-28,0,1200,1199,4.780385634201934,0.005529704826373605,0.0011542278022247388,0.06686379099795048,0.05073079048963268,-0.14963949910143848,0.07999368896613585,0.0077133899081171355,0.014428985800534392,1200,1199,4.780385634201934,0.7526473999568462,0.12454803571806838,0.17422521688410703,0.7639126090618202,-0.2449638873467448,0.08633597870843024,0.5084342719536102,1.4425971371528212,False,-0.12339380791584365,False,-0.7131818185721875,False,-0.5007208820454931,False,-1.4281681513522868,False,True,True,True,True,2022-03-01,first_usable_session_on_or_before_2022-03-01|at_least_1008_daily_returns|economic_qc_pass,etf_taxonomy_1.1,Dimensional Inflation-Protected Securities ETF,fixed_income,inflation_linked,inflation_linked,not_sector_specific,not_thematic,not_determined,active_identified,medium,medium,asset:fixed_income|exposure:inflation_linked|management:active_sponsor_dimensional|geography:not_determined|theme:not_thematic,True,DFIP,,dimensionalinflationprotectedsecuritiesetf,0.07219380142071861,1.109702325011931,0.001516788169737576,0.5188392708909649,0.0007869692680826851,0.0007869692680826851,0.06025476653749272,0.5020425328713229,0.030250455610053077,0.030250455610053077,-0.16631012314536475,-0.037335218259482494,0.14678600522252452,-0.2543513477520087,0.45312902048171844,0.08131470586479828,0.09628221028793137,0.8445454837568346,False,-1.0375085235912123,False,-0.02946348634197039,False,-1.0988968315088432,False,False,0,intentional_management,True
DFIV,Dimensional International Value ETF,True,1,equity,2021-09-13,2026-08-28,0,1246,1245,4.955611682649199,1.095725829297205,0.16102759879652795,0.16441506047354956,0.9933368285943497,-0.25417450948040454,0.0677779402085291,0.6335316595110506,2.375811337746502,1246,1245,4.955611682649199,0.8476361943003516,0.13188138803344907,0.1725327070060134,0.8064029938527056,-0.24496388734674468,0.08478621809663894,0.5383707348127272,1.55545784437668,True,0.029146210763078884,True,0.18693383474164404,True,0.09516092469832338,True,0.820353493369822,True,True,True,True,True,2022-03-01,first_usable_session_on_or_before_2022-03-01|at_least_1008_daily_returns|economic_qc_pass,etf_taxonomy_1.1,Dimensional International Value ETF,equity,factor_style_or_income,factor_or_style,not_sector_specific,not_thematic,international_ex_us,active_identified,medium,medium,asset:equity|exposure:factor_style_or_income|management:active_sponsor_dimensional|geography:international_ex_us|theme:not_thematic,True,DFIV,,dimensionalinternationalvalueetf,1.438683983942888,1.1710746419338367,0.07789608372650876,0.540956742359936,0.042138411695289,0.042138411695289,0.06402671167509051,0.5031398036813208,0.032214387142565575,0.032214387142565575,0.7373324286840945,0.11790865943886342,0.07416677312899415,1.5897773957860002,0.5316689959606582,0.08984489813323226,0.09454118416929166,0.9503255001793725,True,0.2676093420090513,True,0.009924024552723426,True,0.6394518956066277,True,True,4,intentional_management,True
DFNL,Davis Select Financial ETF,True,1,equity,2017-01-12,2026-08-28,0,2420,2419,9.623743129564604,2.1550196804858777,0.12681116648337487,0.2243378396807018,0.6461441640896445,-0.4450709151450736,0.11073383094979314,0.2849235080707082,1.1451890122077617,2420,2419,9.623743129564604,2.9531671414399354,0.15352863017302365,0.1820954699425141,0.877843324388896,-0.33717243065613756,0.07292617267504616,0.45534158849896755,2.105261040602478,False,-0.02671746368964878,False,-0.23169916029925153,False,-0.17041808042825934,False,-0.9600720283947162,False,True,True,True,True,2022-03-01,first_usable_session_on_or_before_2022-03-01|at_least_1008_daily_returns|economic_qc_pass,etf_taxonomy_1.1,Davis Select Financial ETF,equity,sector_or_industry,sector_or_industry,financials,not_thematic,not_determined,active_identified,medium,medium,asset:equity|sector:financials|management:active_sponsor_davis|geography:not_determined|theme:not_thematic,True,DFNL,,davisselectfinancialetf,0.9200099339476342,1.2378669410282042,0.05082275516900643,0.4349395370771657,0.022104825606193788,0.022104825606193788,0.07629586574284655,0.41884336823467966,0.031956017390114756,0.031956017390114756,1.4760725822325624,0.09879284578065217,0.12003954738483343,0.8230024848722005,2.1024620329451262,0.12484597591709679,0.07934038506121088,1.5735489035095869,False,-0.31785700708056996,False,-0.009851191783920969,False,-0.7505464186373864,False,False,0,intentional_management,True
DFNM,Dimensional National Municipal Bond ETF,True,1,fixed_income,2021-11-16,2026-08-28,0,1200,1199,4.780385634201934,0.05886472956019717,0.01203686911970192,0.025095878928644483,0.4915845744791043,-0.0698532233096949,0.026454066433113592,0.17231658826016305,0.4550101645104701,1200,1199,4.780385634201934,0.7526473999568462,0.12454803571806838,0.17422521688410703,0.7639126090618202,-0.2449638873467448,0.08633597870843024,0.5084342719536102,1.4425971371528212,False,-0.11251116659836646,False,-0.2723280345827159,False,-0.3361176836934472,False,-0.9875869726423512,False,True,True,True,True,2022-03-01,first_usable_session_on_or_before_2022-03-01|at_least_1008_daily_returns|economic_qc_pass,etf_taxonomy_1.1,Dimensional National Municipal Bond ETF,fixed_income,municipal_bonds,municipal_bonds,not_sector_specific,not_thematic,not_determined,active_identified,medium,medium,asset:fixed_income|exposure:municipal_bonds|management:active_sponsor_dimensional|geography:not_determined|theme:not_thematic,True,DFNM,,dimensionalnationalmunicipalbondetf,0.6670000897279884,1.109702325011931,0.0434743908318228,0.48090746899486203,0.02090715926102534,0.02090715926102534,0.06025476653749272,0.5020425328713229,0.030250455610053077,0.030250455610053077,-0.12208977839676471,-0.026870960867644178,0.08860474834751163,-0.30326772965095633,0.45312902048171844,0.08131470586479828,0.09628221028793137,0.8445454837568346,False,-0.4427022352839425,False,-0.009343296349027738,False,-1.147813213407791,False,False,0,intentional_management,True
DFSD,Dimensional Short-Duration Fixed Income ETF,True,1,fixed_income,2021-11-16,2026-08-28,0,1200,1199,4.780385634201934,0.12520723327955308,0.02498435095160989,0.027421631729426906,0.9179115326562681,-0.08449989937759084,0.03079871241828609,0.2956731444136569,0.8112141381850742,1200,1199,4.780385634201934,0.7526473999568462,0.12454803571806838,0.17422521688410703,0.7639126090618202,-0.2449638873467448,0.08633597870843024,0.5084342719536102,1.4425971371528212,False,-0.0995636847664585,True,0.1539989235944479,False,-0.21276112753995335,False,-0.6313829989677471,False,True,True,True,True,2022-03-01,first_usable_session_on_or_before_2022-03-01|at_least_1008_daily_returns|economic_qc_pass,etf_taxonomy_1.1,Dimensional Short-Duration Fixed Income ETF,fixed_income,aggregate_bonds,aggregate_bonds,not_sector_specific,not_thematic,not_determined,active_identified,medium,medium,asset:fixed_income|exposure:aggregate_bonds|management:active_sponsor_dimensional|geography:not_determined|theme:not_thematic,True,DFSD,,dimensionalshortdurationfixedincomeetf,1.3386781049197416,1.109702325011931,0.08048112585207653,0.49972360210601513,0.040218318112347225,0.040218318112347225,0.06025476653749272,0.5020425328713229,0.030250455610053077,0.030250455610053077,-0.06708486557266435,-0.014421245902983215,0.06712765982139211,-0.21483313944436777,0.45312902048171844,0.08131470586479828,0.09628221028793137,0.8445454837568346,True,0.2289757799078107,True,0.009967862502294148,False,-1.0593786232012024,False,False,1,intentional_management,True
DFSV,Dimensional US Small Cap Value ETF,True,1,equity,2022-02-24,2026-08-28,0,1132,1131,4.5065949335030835,0.7111998880311987,0.12659738901961726,0.2181141920921957,0.6576930313037224,-0.2801627337058823,0.08305542165704055,0.45187090854317724,1.5242519572337356,1132,1131,4.5065949335030835,0.9136187189430112,0.15489599836489765,0.1733307235822298,0.9208758853019191,-0.2209484799542688,0.0738845937130355,0.7010503009432675,2.0964586875378495,False,-0.02829860934528039,False,-0.26318285399819674,False,-0.24917939240009024,False,-0.5722067303041138,False,True,True,True,True,2022-03-01,first_usable_session_on_or_before_2022-03-01|at_least_1008_daily_returns|economic_qc_pass,etf_taxonomy_1.1,Dimensional US Small Cap Value ETF,equity,factor_style_or_income,factor_or_style,not_sector_specific,not_thematic,united_states,active_identified,medium,medium,asset:equity|exposure:factor_style_or_income|management:active_sponsor_dimensional|geography:united_states|theme:not_thematic,True,DFSV,,dimensionalussmallcapvalueetf,0.9746379198523575,1.3476489648343064,0.04707247947424772,0.5403691508766583,0.025436515763158165,0.025436515763158165,0.07497144021779922,0.49234597450542483,0.036911886794107555,0.036911886794107555,0.41907841303147375,0.08076125321732497,0.09408211115683267,0.8584124253196004,0.5869420246101953,0.10790852055381994,0.08256391955955804,1.3069694502085674,False,-0.3730110449819489,False,-0.01147537103094939,False,-0.448557024888967,False,False,0,intentional_management,True
DFUS,Dimensional U.S. Equity Market ETF,True,1,equity,2021-06-14,2026-08-28,0,1309,1308,5.204761220285153,0.9321129469633487,0.1348956551187026,0.17085212232283606,0.8281512794579193,-0.2462118080232376,0.08543651655298747,0.5478845884839572,1.578899287578523,1309,1308,5.204761220285153,0.9466132430882206,0.13652715433642615,0.16960147332942116,0.8414013599784824,-0.24496388734674468,0.08280055960770209,0.5573358416833617,1.6488675316117842,False,-0.0016314992177235421,False,-0.01325008052056309,False,-0.009451253199404541,False,-0.06996824403326118,False,True,True,True,True,2022-03-01,first_usable_session_on_or_before_2022-03-01|at_least_1008_daily_returns|economic_qc_pass,etf_taxonomy_1.1,Dimensional U.S. Equity Market ETF,equity,other_equity,other_equity,not_sector_specific,not_thematic,united_states,active_identified,medium,medium,asset:equity|exposure:other_equity|management:active_sponsor_dimensional|geography:united_states|theme:not_thematic,True,DFUS,,dimensionalusequitymarketetf,1.1977083625368998,1.2227757713163094,0.06521042848115159,0.5147554785268162,0.03356742531775391,0.03356742531775391,0.0673865595935677,0.5011876649882635,0.03377331245429266,0.03377331245429266,0.6013237800760542,0.0946793916645603,0.09515744241968065,0.9949762126538462,0.6133415397206938,0.09625307693078144,0.09230993558573257,1.0427163264715604,False,-0.025067408779409606,False,-0.0002058871365387474,False,-0.04774011381771426,False,False,0,intentional_management,True
DINT,Davis Select International ETF,True,1,unknown,2018-03-05,2026-08-28,0,2134,2133,8.482035907650397,0.708776109904395,0.06520378762294898,0.22842261670264116,0.39134586103383295,-0.45117777832787254,0.18659556991456908,0.14451905824041972,0.3494390978992796,2134,2133,8.482035907650397,2.2272788690461747,0.1481269228700166,0.19052640730486778,0.8221939990435647,-0.33717243065613767,0.0768226040495318,0.43932098060853186,1.928168469458689,False,-0.08292313524706763,False,-0.43084813800973176,False,-0.29480192236811215,False,-1.5787293715594093,False,True,True,True,True,2022-03-01,first_usable_session_on_or_before_2022-03-01|at_least_1008_daily_returns|economic_qc_pass,etf_taxonomy_1.1,Davis Select International ETF,equity,other_equity,other_equity,not_sector_specific,not_thematic,international_ex_us,active_identified,medium,medium,asset:name_inferred_equity|exposure:other_equity|management:active_sponsor_davis|geography:international_ex_us|theme:not_thematic,True,DINT,,davisselectinternationaletf,0.5591804808954728,1.161621939367071,0.024118875246592227,0.5235592112738785,0.012627659300918899,0.012627659300918899,0.06935793527703253,0.43293125838313035,0.030027218198341404,0.030027218198341404,0.3578857653260863,0.03672619905419361,0.20754570237295672,0.17695475567206467,1.5645700519892314,0.11743243368953205,0.08361856514014047,1.4043823102288497,False,-0.6024414584715982,False,-0.017399558897422507,False,-1.227427554556785,False,False,0,intentional_management,True
DRSK,Aptus Defined Risk ETF,True,1,unknown,2018-08-09,2026-08-28,0,2024,2023,8.0521845075532,0.5052942078359248,0.05210426944780022,0.07081168496119655,0.7548820056155954,-0.1987140815353745,0.06239845169898216,0.2622072328504046,0.8350250371460762,2024,2023,8.0521845075532,2.0554509363943914,0.14879213993667095,0.193275148966565,0.8169179002821226,-0.33717243065613767,0.07857782347006823,0.44129390901599336,1.8935640281936377,False,-0.09668787048887073,False,-0.06203589466652726,False,-0.17908667616558877,False,-1.0585389910475613,False,True,True,True,True,2022-03-01,first_usable_session_on_or_before_2022-03-01|at_least_1008_daily_returns|economic_qc_pass,etf_taxonomy_1.1,Aptus Defined Risk ETF,alternatives,risk_managed_alternative,risk_managed_alternative,not_sector_specific,not_thematic,not_determined,not_determined,low,medium,asset:alternatives|exposure:risk_managed_alternative|management:free_metadata_insufficient|geography:not_determined|theme:not_thematic,True,DRSK,,aptusdefinedrisketf,1.160923175441892,1.1544105646480283,0.060718801074210536,0.5574107603321561,0.03384531307323263,0.03384531307323263,0.06880543059779702,0.4319026818162896,0.029717249998713124,0.029717249998713124,0.2053285639033351,0.023463779795568795,0.08946633425287152,0.26226378884877244,1.4465797251262495,0.11751960321966881,0.08555723301948392,1.3735788205411705,True,0.006512610793863782,True,0.004128063074519506,False,-1.111315031692398,False,False,1,intentional_management,True
DUHP,Dimensional US High Profitability ETF,True,1,unknown,2022-02-24,2026-08-28,0,1132,1131,4.5065949335030835,0.8067184397692979,0.14025827360785126,0.16051474416716718,0.9014240399970337,-0.200462011954595,0.05845647061479658,0.69967507679021,2.399362673331648,1132,1131,4.5065949335030835,0.9136187189430112,0.15489599836489765,0.1733307235822298,0.9208758853019191,-0.2209484799542688,0.0738845937130355,0.7010503009432675,2.0964586875378495,False,-0.014637724757046389,False,-0.019451845304885418,False,-0.0013752241530574638,True,0.30290398579379874,False,True,True,True,True,2022-03-01,first_usable_session_on_or_before_2022-03-01|at_least_1008_daily_returns|economic_qc_pass,etf_taxonomy_1.1,Dimensional US High Profitability ETF,equity,other_equity,other_equity,not_sector_specific,not_thematic,united_states,active_identified,medium,medium,asset:name_inferred_equity|exposure:other_equity|management:active_sponsor_dimensional|geography:united_states|theme:not_thematic,True,DUHP,,dimensionalushighprofitabilityetf,1.3118257919654928,1.3476489648343064,0.07275636472168139,0.5051081022866176,0.0367498293138415,0.0367498293138415,0.07497144021779922,0.49234597450542483,0.036911886794107555,0.036911886794107555,0.49829085090249303,0.09386633839818548,0.06544375206976424,1.4343055743216286,0.5869420246101953,0.10790852055381994,0.08256391955955804,1.3069694502085674,False,-0.035823172868813646,False,-0.00016205748026605626,True,0.12733612411306128,False,False,1,intentional_management,True
DUSA,Davis Select U.S. Equity ETF,True,1,equity,2017-01-12,2026-08-28,0,2420,2419,9.623743129564604,2.2123802694824626,0.1289227435654834,0.1966689263119055,0.7169019467966374,-0.36706956295935966,0.09960945621550593,0.3512215573693784,1.2942821742401434,2420,2419,9.623743129564604,2.9531671414399354,0.15352863017302365,0.1820954699425141,0.877843324388896,-0.33717243065613756,0.07292617267504616,0.45534158849896755,2.105261040602478,False,-0.02460588660754026,False,-0.16094137759225857,False,-0.10412003112958917,False,-0.8109788663623345,False,True,True,True,True,2022-03-01,first_usable_session_on_or_before_2022-03-01|at_least_1008_daily_returns|economic_qc_pass,etf_taxonomy_1.1,Davis Select U.S. Equity ETF,equity,other_equity,other_equity,not_sector_specific,not_thematic,united_states,active_identified,medium,medium,asset:equity|exposure:other_equity|management:active_sponsor_davis|geography:united_states|theme:not_thematic,True,DUSA,,davisselectusequityetf,1.0117147100511827,1.2378669410282042,0.05683959167564862,0.4667243015715958,0.02652841872643179,0.02652841872643179,0.07629586574284655,0.41884336823467966,0.031956017390114756,0.031956017390114756,1.521089411317217,0.10085191819681949,0.10698183947976388,0.9427012910531989,2.1024620329451262,0.12484597591709679,0.07934038506121088,1.5735489035095869,False,-0.22615223097702142,False,-0.005427598663682965,False,-0.630847612456388,False,False,0,intentional_management,True
DWAW,AdvisorShares Dorsey Wright FSM All Cap World ETF,True,1,equity,2019-12-27,2026-08-27,0,1675,1674,6.666803562017016,1.1333461577107244,0.12036152479072726,0.22287222028678788,0.623603924056949,-0.3155530564924641,0.13944415768985213,0.38143038805774226,0.8631521519777978,1675,1674,6.666803562017016,1.620176414993968,0.15544237645000103,0.2013746636833777,0.8211927226642352,-0.33717243065613767,0.08323332988932139,0.46101745669866934,1.867549654167373,False,-0.03508085165927377,False,-0.19758879860728618,False,-0.07958706864092707,False,-1.0043975021895752,False,True,True,True,True,2022-03-01,first_usable_session_on_or_before_2022-03-01|at_least_1008_daily_returns|economic_qc_pass,etf_taxonomy_1.1,AdvisorShares Dorsey Wright FSM All Cap World ETF,equity,other_equity,other_equity,not_sector_specific,not_thematic,global,active_identified,medium,medium,asset:equity|exposure:other_equity|management:active_sponsor_advisorshares|geography:global|theme:not_thematic,True,DWAW,,advisorsharesdorseywrightfsmallcapworldetf,0.8762768528948242,1.1630055901942722,0.04639691133538898,0.4803491009537532,0.022286714646985097,0.022286714646985097,0.06884070832949513,0.43163582923606686,0.029714116224999844,0.029714116224999844,0.7607314930466178,0.08856210872738712,0.1607239930453628,0.5510198387268248,1.1625309678615365,0.1226472544711279,0.09079430390015218,1.3508254284982995,False,-0.28672873729944803,False,-0.007427401578014747,False,-0.7998055897714746,False,False,0,intentional_management,True
DWLD,Davis Select Worldwide ETF,True,1,unknown,2017-01-12,2026-08-28,0,2420,2419,9.623743129564604,1.7009309941982456,0.10876223548511077,0.21066578833196506,0.5970886144656888,-0.39265921613552945,0.1496777020501077,0.27698887741774186,0.7266428732898396,2420,2419,9.623743129564604,2.9531671414399354,0.15352863017302365,0.1820954699425141,0.877843324388896,-0.33717243065613756,0.07292617267504616,0.45534158849896755,2.105261040602478,False,-0.04476639468791288,False,-0.28075470992320717,False,-0.1783527110812257,False,-1.3786181673126383,False,True,True,True,True,2022-03-01,first_usable_session_on_or_before_2022-03-01|at_least_1008_daily_returns|economic_qc_pass,etf_taxonomy_1.1,Davis Select Worldwide ETF,equity,other_equity,other_equity,not_sector_specific,not_thematic,not_determined,active_identified,medium,medium,asset:name_inferred_equity|exposure:other_equity|management:active_sponsor_davis|geography:not_determined|theme:not_thematic,True,DWLD,,davisselectworldwideetf,0.8408580583478108,1.2378669410282042,0.04335610543312004,0.506727415946301,0.021969727271620297,0.021969727271620297,0.07629586574284655,0.41884336823467966,0.031956017390114756,0.031956017390114756,1.1197018904828182,0.08119270403128143,0.16510632122748028,0.49176011813270126,2.1024620329451262,0.12484597591709679,0.07934038506121088,1.5735489035095869,False,-0.39700888268039336,False,-0.00998629011849446,False,-1.0817887853768857,False,False,0,intentional_management,True
DWUS,AdvisorShares Dorsey Wright FSM US Core ETF,True,1,equity,2019-12-27,2026-08-27,0,1675,1674,6.666803562017016,1.432879447496675,0.1426596696329887,0.22237598692201954,0.713534455363414,-0.30468005002581144,0.09580038493164829,0.4682278003463078,1.4891346181413947,1675,1674,6.666803562017016,1.620176414993968,0.15544237645000103,0.2013746636833777,0.8211927226642352,-0.33717243065613767,0.08323332988932139,0.46101745669866934,1.867549654167373,False,-0.012782706817012324,False,-0.10765826730082118,True,0.007210343647638451,False,-0.37841503602597837,False,True,True,True,True,2022-03-01,first_usable_session_on_or_before_2022-03-01|at_least_1008_daily_returns|economic_qc_pass,etf_taxonomy_1.1,AdvisorShares Dorsey Wright FSM US Core ETF,equity,other_equity,other_equity,not_sector_specific,not_thematic,united_states,active_identified,medium,medium,asset:equity|exposure:other_equity|management:active_sponsor_advisorshares|geography:united_states|theme:not_thematic,True,DWUS,,advisorsharesdorseywrightfsmuscoreetf,1.0024825344102435,1.1630055901942722,0.05604424900284241,0.4548201142749145,0.025490051735924547,0.025490051735924547,0.06884070832949513,0.43163582923606686,0.029714116224999844,0.029714116224999844,1.007947677178652,0.11022736144546386,0.10510384054279982,1.0487472282288073,1.1625309678615365,0.1226472544711279,0.09079430390015218,1.3508254284982995,False,-0.1605230557840287,False,-0.004224064489075297,False,-0.30207820026949217,False,False,1,intentional_management,True
DYNF,iShares U.S. Equity Factor Rotation Active ETF,True,1,equity,2019-03-21,2026-08-28,0,1871,1870,7.438893337987775,2.181640984034528,0.16834389143959627,0.19730054836626473,0.8897460288121686,-0.34718011837804796,0.08785665835984953,0.4848892045606278,1.9161199001000178,1871,1870,7.438893337987775,2.0143567089676186,0.1598917622886411,0.1946161889481542,0.8617910051001736,-0.33717243065613767,0.07906540720879333,0.47421363003342737,2.022272039482503,True,0.008452129150955168,True,0.027955023711994986,True,0.010675574527200415,False,-0.10615213938248536,False,True,True,True,True,2022-03-01,first_usable_session_on_or_before_2022-03-01|at_least_1008_daily_returns|economic_qc_pass,etf_taxonomy_1.1,iShares U.S. Equity Factor Rotation Active ETF,equity,factor_style_or_income,factor_or_style,not_sector_specific,not_thematic,united_states,active_identified,high,high,asset:equity|exposure:factor_style_or_income|management:active_word|geography:united_states|theme:not_thematic,True,DYNF,,isharesusequityfactorrotationactiveetf,1.2558219028095416,1.218454960902996,0.07431861345930184,0.44549033409473154,0.033108223939441586,0.033108223939441586,0.07313909664010569,0.4303255516574819,0.03147362210938336,0.03147362210938336,1.5830432980145943,0.13606265713890142,0.09354865148602463,1.454458776022314,1.4472320836937143,0.12784405953928202,0.08622513716037716,1.4826773693788904,True,0.03736694190654566,True,0.001634601830058223,False,-0.028218593356576394,False,False,3,intentional_management,True
EMNT,PIMCO Enhanced Short Maturity Active ESG Exchange-Traded Fund,True,1,unknown,2019-12-12,2026-08-28,0,1686,1685,6.710610074128832,0.22951856291505757,0.031269375139429956,0.00856802521635343,3.611102457967142,-0.02277555509518403,0.00460356137861053,1.372935808095495,6.7924314607200555,1686,1685,6.710610074128832,1.6809118740509534,0.15830171481133193,0.20074899547641478,0.8354885193743713,-0.33717243065613756,0.08296164625179626,0.4694978011792862,1.9081313108333409,False,-0.12703233967190197,True,2.7756139385927705,True,0.9034380069162088,True,4.884300149886714,False,True,True,True,True,2022-03-01,first_usable_session_on_or_before_2022-03-01|at_least_1008_daily_returns|economic_qc_pass,etf_taxonomy_1.1,PIMCO Enhanced Short Maturity Active ESG Exchange-Traded Fund,fixed_income,income_and_hybrid_securities,income_and_hybrid_securities,not_sector_specific,not_thematic,not_determined,active_identified,high,high,asset:fixed_income|exposure:income_and_hybrid_securities|management:active_word|geography:not_determined|theme:not_thematic,True,EMNT,,pimcoenhancedshortmaturityactiveesgexchangetradedfund,5.466969511222001,1.1834444461353362,0.3861995680236597,0.329230358075418,0.12714862206900124,0.12714862206900124,0.07036069241653417,0.430073634561979,0.030260278717876322,0.030260278717876322,0.014010627312745827,0.002075492260405598,0.012944720816818188,0.16033503462732493,1.211006171986038,0.12551171307565245,0.09049798654341706,1.3869006136997015,True,4.283525065086665,True,0.09688834335112492,False,-1.2265655790723766,False,False,3,intentional_management,True
FAAR,First Trust Alternative Absolute Return Strategy ETF,True,1,alternatives,2016-05-23,2026-08-28,0,2582,2581,10.264413369199914,0.512701207818641,0.041147516698568865,0.11456081270741406,0.4100732744989019,-0.1803491029798776,0.09138839435832977,0.22815481762146544,0.45024881974872333,2582,2581,10.264413369199914,3.4347130447906435,0.1561660530849629,0.1783108487973017,0.9051889781239459,-0.33717243065613767,0.07068458698643787,0.46316376692205735,2.209336713178026,False,-0.11501853638639403,False,-0.49511570362504403,False,-0.2350089493005919,False,-1.7590878934293026,False,True,True,True,True,2022-03-01,first_usable_session_on_or_before_2022-03-01|at_least_1008_daily_returns|economic_qc_pass,etf_taxonomy_1.1,First Trust Alternative Absolute Return Strategy ETF,alternatives,absolute_return,absolute_return,not_sector_specific,not_thematic,not_determined,active_identified,high,high,asset:alternatives|exposure:absolute_return|management:discretionary_strategy|geography:not_determined|theme:not_thematic,True,FAAR,,firsttrustalternativeabsolutereturnstrategyetf,0.5820528661840422,1.2768734602028908,0.034399635119643106,0.4167853499846884,0.014337263962686031,0.014337263962686031,0.07937516547439458,0.4161803473990573,0.033034383941991194,0.033034383941991194,0.1838985259303212,0.016582404366934256,0.1300198743886435,0.1275374587531722,2.4707781084029294,0.12888716271396716,0.07689082772708576,1.6762358596455198,False,-0.6948205940188487,False,-0.018697119979305163,False,-1.5486984008923477,False,False,0,intentional_management,True
FIXD,First Trust Smith Opportunistic Fixed Income ETF,True,1,fixed_income,2017-02-16,2026-08-28,0,2396,2395,9.527916384320006,0.16718821205822065,0.016358105505493326,0.057823642267116414,0.3102155503800484,-0.2034713205519898,0.07840919904864455,0.08039514100127737,0.20862482596391357,2396,2395,9.527916384320006,2.8152301202671928,0.1508887866768216,0.18290339875363734,0.8621797298939117,-0.33717243065613756,0.07328943726878034,0.4475122310065269,2.058806729862788,False,-0.13453068117132827,False,-0.5519641795138632,False,-0.3671170900052495,False,-1.8501819038988745,False,True,True,True,True,2022-03-01,first_usable_session_on_or_before_2022-03-01|at_least_1008_daily_returns|economic_qc_pass,etf_taxonomy_1.1,First Trust Smith Opportunistic Fixed Income ETF,fixed_income,aggregate_bonds,aggregate_bonds,not_sector_specific,not_thematic,not_determined,active_identified,high,high,asset:fixed_income|exposure:aggregate_bonds|management:discretionary_strategy|geography:not_determined|theme:not_thematic,True,FIXD,,firsttrustsmithopportunisticfixedincomeetf,0.444536949336154,1.215399956663655,0.02587940938099123,0.4691376521849702,0.01214100535693192,0.01214100535693192,0.07464907902463637,0.41988097998730334,0.03134372845601397,0.03134372845601397,-0.08340041828037259,-0.009098295547835922,0.12650876525488605,-0.07191830170427282,1.996122044648097,0.12206283806409957,0.0797357393984723,1.5308422419475078,False,-0.7708630073275011,False,-0.019202723099082053,False,-1.6027605436517807,False,False,0,intentional_management,True
FMB,First Trust Managed Municipal ETF,True,1,fixed_income,2014-05-15,2026-08-28,0,3091,3090,12.287726647364423,0.3979768993211863,0.027640196059904865,0.044392855037991744,0.6377812873498132,-0.14157286301663974,0.041734433218682476,0.19523654089453696,0.6622875627679949,3091,3090,12.287726647364423,4.056978703477645,0.14099589168638982,0.1729497144776667,0.8511416505017004,-0.33717243065613756,0.0664903200075456,0.4181714721218808,2.120547647693514,False,-0.11335569562648495,False,-0.21336036315188722,False,-0.22293493122734387,False,-1.4582600849255192,False,True,True,True,True,2022-03-01,first_usable_session_on_or_before_2022-03-01|at_least_1008_daily_returns|economic_qc_pass,etf_taxonomy_1.1,First Trust Managed Municipal ETF,fixed_income,municipal_bonds,municipal_bonds,not_sector_specific,not_thematic,not_determined,active_identified,high,high,asset:fixed_income|exposure:municipal_bonds|management:managed_strategy|geography:not_determined|theme:not_thematic,True,FMB,,firsttrustmanagedmunicipaletf,0.8631817761060131,1.2011663814966254,0.06628802236351194,0.3396653349466739,0.022515743319054895,0.022515743319054895,0.07336832382611176,0.4280019698709121,0.031401787123702805,0.031401787123702805,0.09038628883652278,0.007067005285455563,0.08129644255236103,0.08692883801039486,2.944314275785082,0.11815333819098472,0.07204125477533958,1.6400788487019766,False,-0.33798460539061226,False,-0.00888604380464791,False,-1.5531500106915819,False,False,0,intentional_management,True
FMF,First Trust Managed Futures Strategy Fund,True,1,alternatives,2013-08-02,2026-08-28,0,3288,3287,13.070768051363135,0.27561238352923767,0.018798226186129252,0.12275131672720165,0.21327604090597202,-0.22209447754049283,0.10953096477070323,0.08464067361918944,0.171624765886818,3288,3287,13.070768051363135,4.625580492189924,0.14128143181407626,0.16977286897530586,0.8653100686556461,-0.33717243065613767,0.06460624594690764,0.41901833889307777,2.186807633586682,False,-0.12248320562794701,False,-0.6520340277496741,False,-0.33437766527388835,False,-2.015182867699864,False,True,True,True,True,2022-03-01,first_usable_session_on_or_before_2022-03-01|at_least_1008_daily_returns|economic_qc_pass,etf_taxonomy_1.1,First Trust Managed Futures Strategy Fund,alternatives,managed_futures,managed_futures,not_sector_specific,other_thematic,not_determined,active_identified,high,high,asset:alternatives|exposure:managed_futures|management:managed_strategy|geography:not_determined|theme:other_thematic,True,FMF,,firsttrustmanagedfuturesstrategyfund,0.307793110072976,1.2215488700406998,0.015525218473378165,0.3817058345925856,0.0059260664746130405,0.0059260664746130405,0.07465161885421158,0.43061101202477037,0.03214580914409948,0.03214580914409948,-0.005694784078497439,-0.0004368384220744259,0.1466378656843367,-0.0029790287797477628,3.384987240790993,0.1197338657574818,0.06997810793466316,1.7110189070741146,False,-0.9137557599677237,False,-0.02621974266948644,False,-1.7139979358538624,False,False,0,intentional_management,True
FSMB,First Trust Short Duration Managed Municipal ETF,True,1,fixed_income,2018-11-27,2026-08-28,0,1948,1947,7.751014736784465,0.17895541449110186,0.021466812126443857,0.028878005171840776,0.7523481194478039,-0.06323887757162794,0.01915698819952406,0.339455932027404,1.120573437894438,1948,1947,7.751014736784465,2.2305974982007686,0.1633363901229914,0.1945561940912353,0.8778470897273837,-0.33717243065613756,0.07829814211514922,0.48442985034434394,2.0860825775761143,False,-0.14186957799654754,False,-0.1254989702795798,False,-0.14497391831693995,False,-0.9655091396816762,False,True,True,True,True,2022-03-01,first_usable_session_on_or_before_2022-03-01|at_least_1008_daily_returns|economic_qc_pass,etf_taxonomy_1.1,First Trust Short Duration Managed Municipal ETF,fixed_income,municipal_bonds,municipal_bonds,not_sector_specific,not_thematic,not_determined,active_identified,high,high,asset:fixed_income|exposure:municipal_bonds|management:managed_strategy|geography:not_determined|theme:not_thematic,True,FSMB,,firsttrustshortdurationmanagedmunicipaletf,1.0472186387945208,1.2439990840459965,0.09154207060335916,0.25667574054736497,0.02349662876335638,0.02349662876335638,0.0746381554060224,0.43093614105429945,0.03216427866608239,0.03216427866608239,-0.049982929366762074,-0.006593471901635284,0.06421192465012045,-0.10268298197822226,1.6032560128328122,0.13137886674629407,0.08528318683956937,1.5405013768239884,False,-0.19678044525147564,False,-0.008667649902726008,False,-1.6431843588022106,False,False,0,intentional_management,True
FTGC,First Trust Global Tactical Commodity Strategy Fund,True,1,commodity,2013-10-23,2026-08-28,0,3231,3230,12.846259676790078,0.6135719665722177,0.037946591319325984,0.14154154847504746,0.33467249406231475,-0.5946883198225719,0.31756192170413106,0.06380920905029298,0.11949351835287231,3231,3230,12.846259676790078,4.482202493737886,0.14162369679216358,0.1706430307730743,0.8636617846685091,-0.33717243065613767,0.06510609261182926,0.42003344258177877,2.1752756325977347,False,-0.1036771054728376,False,-0.5289892906061944,False,-0.3562242335314858,False,-2.0557821142448622,False,True,True,True,True,2022-03-01,first_usable_session_on_or_before_2022-03-01|at_least_1008_daily_returns|economic_qc_pass,etf_taxonomy_1.1,First Trust Global Tactical Commodity Strategy Fund,commodity,broad_commodities,broad_commodities,not_sector_specific,not_thematic,global,active_identified,high,high,asset:commodity|exposure:broad_commodities|management:discretionary_strategy|geography:global|theme:not_thematic,True,FTGC,,firsttrustglobaltacticalcommoditystrategyfund,0.463704155804701,1.2185654014251408,0.023405355888581003,0.5018707159204464,0.011746462716174985,0.011746462716174985,0.07456391999280526,0.4293068081391533,0.03201079849445442,0.03201079849445442,0.2579755746829928,0.018025954701973657,0.34696917691488455,0.05195261107125843,3.2740435353738473,0.11971325264431165,0.07053010729339192,1.6973354676227437,False,-0.7548612456204398,False,-0.020264335778279435,False,-1.6453828565514852,False,False,0,intentional_management,True
FTLS,First Trust Long/Short Equity,True,1,alternatives,2014-09-09,2026-08-28,0,3011,3010,11.967391527546766,1.8451666770705373,0.09130318150318328,0.18227774370671326,0.569177096764581,-0.2925513790681614,0.0394413312557852,0.31209280842908144,2.3149112516274677,3011,3010,11.967391527546766,3.7318792104342418,0.1386915045277859,0.17476484672818846,0.8323746219305025,-0.33717243065613767,0.06734279206912416,0.4113370249693671,2.059485510868419,False,-0.04738832302460261,False,-0.26319752516592154,False,-0.09924421654028565,True,0.25542574075904856,False,True,True,True,True,2022-03-01,first_usable_session_on_or_before_2022-03-01|at_least_1008_daily_returns|economic_qc_pass,etf_taxonomy_1.1,First Trust Long/Short Equity,alternatives,long_short_market_neutral,long_short_market_neutral,not_sector_specific,not_thematic,not_determined,active_identified,high,high,asset:alternatives|exposure:long_short_market_neutral|management:discretionary_strategy|geography:not_determined|theme:not_thematic,True,FTLS,,firsttrustlongshortequity,0.8837115936016662,1.174617167111892,0.066436486915116,0.212830865098342,0.014139734984238818,0.014139734984238818,0.07133407635863388,0.42981319233991183,0.03066032708232346,0.03066032708232346,1.2198127301394108,0.06890308630314745,0.044728875376149765,1.540460960033165,2.691834926036406,0.11531871634461521,0.07296885000175239,1.580382811868979,False,-0.2909055735102257,False,-0.016520592098084645,False,-0.039921851835814204,False,False,1,intentional_management,True
GHTA,Goose Hollow Tactical Allocation ETF,True,1,multi_asset,2021-11-17,2026-08-28,0,1199,1198,4.777647727194946,0.3985078634748769,0.07272606914307156,0.11752586142497545,0.6589626192715766,-0.1392219993535988,0.046574148258880954,0.5223748364535439,1.5615115222038194,1199,1198,4.777647727194946,0.7569153354008411,0.125196345852981,0.17429269102869235,0.7671860655750753,-0.24496388734674468,0.08637194604055808,0.5110808258678817,1.4495024321229486,False,-0.05247027670990945,False,-0.10822344630349867,True,0.011294010585662151,True,0.11200909008087079,False,True,True,True,True,2022-03-01,first_usable_session_on_or_before_2022-03-01|at_least_1008_daily_returns|economic_qc_pass,etf_taxonomy_1.1,Goose Hollow Tactical Allocation ETF,multi_asset,multi_asset,asset_allocation,not_sector_specific,not_thematic,not_determined,active_identified,high,high,asset:multi_asset|exposure:multi_asset|management:discretionary_strategy|geography:not_determined|theme:not_thematic,True,GHTA,,goosehollowtacticalallocationetf,0.9942523669890369,1.114472165635186,0.0548846498342519,0.4763440943427803,0.026143978818617346,0.026143978818617346,0.06053174666599498,0.5022197982778062,0.030400241599999264,0.030400241599999264,0.15951267657415524,0.03146234494272804,0.05455076131608251,0.5767535444725753,0.4566708248626197,0.08191428809185886,0.09632232737176646,0.8504184889106944,False,-0.12021979864614907,False,-0.004256262781381918,False,-0.27366494443811906,False,False,2,intentional_management,True
GK,AdvisorShares Gerber Kawasaki ETF,True,1,equity,2021-07-02,2026-08-28,0,1295,1294,5.1554788941593594,0.16884862495273345,0.030725364268600952,0.2389914425862261,0.24656561443843325,-0.4771581330118382,0.27082685943268475,0.0643924144699398,0.1134502107101304,1295,1294,5.1554788941593594,0.9024191715473668,0.13286087961375426,0.17019016056556896,0.8209456624720625,-0.24496388734674468,0.08324401878320822,0.5423692490056324,1.596041151734431,False,-0.1021355153451533,False,-0.5743800480336292,False,-0.4779768345356926,False,-1.4825909410243008,False,True,True,True,True,2022-03-01,first_usable_session_on_or_before_2022-03-01|at_least_1008_daily_returns|economic_qc_pass,etf_taxonomy_1.1,AdvisorShares Gerber Kawasaki ETF,equity,other_equity,other_equity,not_sector_specific,not_thematic,not_determined,active_identified,medium,medium,asset:equity|exposure:other_equity|management:active_sponsor_advisorshares|geography:not_determined|theme:not_thematic,True,GK,,advisorsharesgerberkawasakietf,0.3460243362970578,1.1926061444480485,0.010897948505477855,0.5402182170684702,0.005887270311333246,0.005887270311333246,0.06551446932491187,0.5016491552148542,0.03286527819119152,0.03286527819119152,-0.031219427709575087,-0.006133237447313977,0.31259045318717554,-0.019620680621495072,0.5767882122652652,0.09234992547530241,0.09280495418802708,0.9950969351075508,False,-0.8465818081509906,False,-0.026978007879858275,False,-1.0147176157290458,False,False,0,intentional_management,True
HEQT,Simplify Hedged Equity ETF,True,1,equity,2021-11-02,2026-08-28,0,1210,1209,4.818716332299774,0.5433534174555701,0.0942363028222355,0.08420021561323295,1.116506776646288,-0.11510311955790897,0.041675959025609347,0.8187119791729426,2.2611669899264584,1210,1209,4.818716332299774,0.7806501938489767,0.12720034429398952,0.17362672514739252,0.7793669451809005,-0.24496388734674457,0.08597983837321146,0.5192616171784471,1.479420602558623,False,-0.032964041471754024,True,0.3371398314653874,True,0.2994503619944955,True,0.7817463873678354,False,True,True,True,True,2022-03-01,first_usable_session_on_or_before_2022-03-01|at_least_1008_daily_returns|economic_qc_pass,etf_taxonomy_1.1,Simplify Hedged Equity ETF,alternatives,long_short_market_neutral,long_short_market_neutral,not_sector_specific,not_thematic,not_determined,not_determined,low,medium,asset:alternatives|exposure:long_short_market_neutral|management:free_metadata_insufficient|geography:not_determined|theme:not_thematic,True,HEQT,,simplifyhedgedequityetf,1.6277099483980764,1.1323327118154147,0.09289951997544457,0.5288876430606859,0.04913340816128199,0.04913340816128199,0.06170095984442634,0.5012619710139806,0.03092834474507162,0.03092834474507162,0.2795624883553891,0.05248968090664552,0.048412490267413455,1.084217742502216,0.47630035166426454,0.084196098798756,0.09588474587054967,0.8780969072226144,True,0.49537723658266164,True,0.018205063416210372,True,0.20612083527960157,False,False,3,intentional_management,True
HTUS,Hull Tactical US ETF,True,2,unknown,2015-06-25,2026-08-28,0,2811,2810,11.176136402527089,2.6818973274075852,0.12369909902789633,0.204269423061897,0.6719311304529751,-0.4749672942532377,0.06488662381032922,0.26043708803651616,1.906388277952055,2811,2810,11.176136402527089,3.4075529368016513,0.14193254501129537,0.17779385453017138,0.8375001532562518,-0.33717243065613767,0.06946030598244286,0.42094943745873464,2.043361931736537,False,-0.018233445983399044,False,-0.16556902280327668,False,-0.16051234942221848,False,-0.1369736537844819,False,True,True,True,True,2022-03-01,first_usable_session_on_or_before_2022-03-01|at_least_1008_daily_returns|economic_qc_pass,etf_taxonomy_1.1,Hull Tactical US ETF,equity,other_equity,other_equity,not_sector_specific,not_thematic,united_states,active_identified,high,high,asset:name_inferred_equity|exposure:other_equity|management:discretionary_strategy|geography:united_states|theme:not_thematic,True,HTUS,,hulltacticalusetf,1.0341893706976442,1.1800861124964153,0.07111327361421797,0.2659569951129123,0.018913072563079766,0.018913072563079766,0.07207332605309597,0.42503992214344977,0.030634040894227377,0.030634040894227377,1.8752013714320221,0.09910698225174785,0.06966850400286659,1.4225507447048094,2.441867363931653,0.11694138988649705,0.07530040555092479,1.5529981416555712,False,-0.1458967417987711,False,-0.011720968331147611,False,-0.1304473969507618,False,False,0,intentional_management,True
HYLS,First Trust Tactical High Yield ETF,True,1,fixed_income,2013-02-27,2026-08-28,0,3397,3396,13.497881544453342,0.7737096881604524,0.043370700805985374,0.06435352291591802,0.6930286357298054,-0.22992498524701266,0.040647042575395545,0.18862978618609644,1.0670075375234929,3397,3396,13.497881544453342,5.392479497192921,0.14733060132955034,0.16834755830558432,0.9023039323420897,-0.33717243065613767,0.06362644893306794,0.4369592171069412,2.3155559331078694,False,-0.10395990052356496,False,-0.20927529661228428,False,-0.24832943092084475,False,-1.2485483955843766,False,True,True,True,True,2022-03-01,first_usable_session_on_or_before_2022-03-01|at_least_1008_daily_returns|economic_qc_pass,etf_taxonomy_1.1,First Trust Tactical High Yield ETF,fixed_income,high_yield_bonds,high_yield_bonds,not_sector_specific,not_thematic,not_determined,active_identified,high,high,asset:fixed_income|exposure:high_yield_bonds|management:discretionary_strategy|geography:not_determined|theme:not_thematic,True,HYLS,,firsttrusttacticalhighyieldetf,0.9841232824267384,1.2739271304861934,0.06929365547677416,0.3602750540261353,0.024964775470563215,0.024964775470563215,0.07802203073287768,0.4331125369175753,0.03379231966617768,0.03379231966617768,0.3818609091561447,0.024251003901446522,0.05569059175781709,0.4354596195872258,3.980249918415021,0.12630584634095632,0.0689066918877697,1.832998260120719,False,-0.289803848059455,False,-0.008827544195614462,False,-1.3975386405334933,False,False,0,intentional_management,True
ICSH,iShares Ultra Short Duration Bond Active ETF,True,1,fixed_income,2013-12-16,2026-08-28,0,3194,3193,12.698412698412698,0.3394214360605221,0.02328058226962426,0.01187302902674481,1.9485991466819912,-0.03936700230318568,0.0020350291396746996,0.5913730004212268,11.439925756220706,3194,3193,12.698412698412698,4.339963446540301,0.14102100626455916,0.17138188194309611,0.8575459557834845,-0.33717243065613756,0.06547743747893785,0.41824595798100184,2.153734350247311,False,-0.1177404239949349,True,1.0910531908985068,True,0.17312704244022492,True,9.286191405973394,False,True,True,True,True,2022-03-01,first_usable_session_on_or_before_2022-03-01|at_least_1008_daily_returns|economic_qc_pass,etf_taxonomy_1.1,iShares Ultra Short Duration Bond Active ETF,fixed_income,other_fixed_income,other_fixed_income,not_sector_specific,not_thematic,not_determined,active_identified,high,high,asset:fixed_income|exposure:other_fixed_income|management:active_word|geography:not_determined|theme:not_thematic,True,ICSH,,isharesultrashortdurationbondactiveetf,2.719045534064096,1.209581573708064,0.2783006526331003,0.1902337734056434,0.052942183291647876,0.052942183291647876,0.07392450507563886,0.4295280631982257,0.031752649488026564,0.031752649488026564,0.04437359531548979,0.003424962260639708,0.004043154858568531,0.8471014295634245,3.1636759524465257,0.11888076446263995,0.07093312864456357,1.6759554630437292,True,1.509463960356032,True,0.021189533803621312,False,-0.8288540334803047,False,False,3,intentional_management,True
IG,Principal Investment Grade Corporate Active ETF,True,1,unknown,2018-04-19,2026-08-28,0,2102,2101,8.358830092335914,0.22363409280093127,0.024439003097730394,0.07274584527618048,0.3691828314413864,-0.23168723770380184,0.09281043730527054,0.10548273327413134,0.26332171043808394,2102,2101,8.358830092335914,2.253853839533923,0.1515961654399438,0.19046598981558324,0.8386365069772733,-0.33717243065613756,0.07713383082189441,0.44961020432464677,1.9653654411380963,False,-0.12715716234221341,False,-0.4694536755358869,False,-0.34412747105051544,False,-1.7020437307000122,False,True,True,True,True,2022-03-01,first_usable_session_on_or_before_2022-03-01|at_least_1008_daily_returns|economic_qc_pass,etf_taxonomy_1.1,Principal Investment Grade Corporate Active ETF,fixed_income,corporate_bonds,corporate_bonds,not_sector_specific,not_thematic,not_determined,active_identified,high,high,asset:fixed_income|exposure:corporate_bonds|management:active_word|geography:not_determined|theme:not_thematic,True,IG,,principalinvestmentgradecorporateactiveetf,0.5124615131042436,1.185866619546226,0.031636893155048626,0.4382619069970737,0.013865245125594278,0.013865245125594278,0.07111371573303915,0.43065162569328724,0.03062523728952361,0.03062523728952361,-0.025696574416667395,-0.0031095264464858774,0.1400254423808319,-0.022206867506469247,1.590840644974687,0.1206282104024079,0.08398208658601126,1.4363564339267167,False,-0.6734051064419824,False,-0.01675999216392933,False,-1.458563301433186,False,False,0,intentional_management,True
INMU,iShares Intermediate Muni Income Active ETF,True,1,fixed_income,2021-03-19,2026-08-28,0,1368,1367,5.442959129893153,0.10138158622531823,0.017899650664765954,0.03507720606686196,0.5250590343275895,-0.10659660269571325,0.039495518701276745,0.16791952287505485,0.45320712965309967,1368,1367,5.442959129893153,1.1254409212982082,0.14857699444225592,0.16756217035615875,0.9132736995020868,-0.2449638873467448,0.08102402443966612,0.6065261130998715,1.83373999834941,False,-0.13067734377748996,False,-0.3882146651744973,False,-0.43860659022481663,False,-1.3805328686963103,False,True,True,True,True,2022-03-01,first_usable_session_on_or_before_2022-03-01|at_least_1008_daily_returns|economic_qc_pass,etf_taxonomy_1.1,iShares Intermediate Muni Income Active ETF,fixed_income,municipal_bonds,municipal_bonds,not_sector_specific,not_thematic,not_determined,active_identified,high,high,asset:fixed_income|exposure:municipal_bonds|management:active_word|geography:not_determined|theme:not_thematic,True,INMU,,isharesintermediatemuniincomeactiveetf,0.7225124980877609,1.3303014423213655,0.047128526812385683,0.45906698529735046,0.021635150725267244,0.021635150725267244,0.07384017550960954,0.5013682005887738,0.03702111592641218,0.03702111592641218,-0.08732191880035811,-0.016647082219593545,0.08836457623278425,-0.18839090198021333,0.7612817991645622,0.10959517280767406,0.09032316714894496,1.2133672485924802,False,-0.6077889442336046,False,-0.015385965201144939,False,-1.4017581505726935,False,False,0,intentional_management,True
ISWN,Amplify BlackSwan ISWN ETF,True,1,unknown,2021-01-26,2026-08-28,0,1405,1404,5.585330294256555,0.030390815283718897,0.005374533099895107,0.11657642353378186,0.10434159940245695,-0.32353557344555184,0.1838857175807534,0.01661187684141816,0.029227572269362796,1405,1404,5.585330294256555,1.1640165270062477,0.1482202476983523,0.16777825826062362,0.9097329972075029,-0.24496388734674457,0.07999571421176872,0.605069789281012,1.8528523578897753,False,-0.14284571459845719,False,-0.805391397805046,False,-0.5884579124395938,False,-1.8236247856204124,False,True,True,True,True,2022-03-01,first_usable_session_on_or_before_2022-03-01|at_least_1008_daily_returns|economic_qc_pass,etf_taxonomy_1.1,Amplify BlackSwan ISWN ETF,alternatives,risk_managed_alternative,risk_managed_alternative,not_sector_specific,not_thematic,not_determined,not_determined,low,medium,asset:alternatives|exposure:risk_managed_alternative|management:free_metadata_insufficient|geography:not_determined|theme:not_thematic,True,ISWN,,amplifyblackswaniswnetf,0.1478304276551662,1.3234903119448318,0.003764190588830106,0.5954555917313763,0.0022414083344615087,0.0022414083344615087,0.07336542776149493,0.5033235162763207,0.03692654507403202,0.03692654507403202,-0.14623995712179227,-0.027910312546518656,0.23641643023429604,-0.11805572277213842,0.7930583381386991,0.11020622162700633,0.08916698125341203,1.2359532651868173,False,-1.1756598842896655,False,-0.034685136739570514,False,-1.3540089879589556,False,False,0,intentional_management,True
IVOL,Quadratic Interest Rate Volatility and Inflation Hedge ETF,True,1,unknown,2019-05-14,2026-08-28,0,1834,1833,7.291046359610395,-0.11614445192995382,-0.016790759277754197,0.11872738163464758,-0.0836860899142032,-0.3116105579207872,0.17357317182624019,-0.05388379453440241,-0.09673591316613728,1834,1833,7.291046359610395,2.028504284154665,0.16413306339904832,0.1958311977967884,0.8762797405622406,-0.33717243065613767,0.07975910725062095,0.48679265703795926,2.057859836410976,False,-0.18092382267680251,False,-0.9599658304764438,False,-0.5406764515723617,False,-2.1545957495771133,False,True,True,True,True,2022-03-01,first_usable_session_on_or_before_2022-03-01|at_least_1008_daily_returns|economic_qc_pass,etf_taxonomy_1.1,Quadratic Interest Rate Volatility and Inflation Hedge ETF,alternatives,risk_managed_alternative,risk_managed_alternative,not_sector_specific,not_thematic,not_determined,not_determined,low,medium,asset:alternatives|exposure:risk_managed_alternative|management:free_metadata_insufficient|geography:not_determined|theme:not_thematic,True,IVOL,,quadraticinterestratevolatilityandinflationhedgeetf,-0.11988998332976789,1.2406315986276517,-0.013851427334086704,0.4235088563083962,-0.005866202148497917,0.005866202148497917,0.07438622072354949,0.43124832179388906,0.03207893285162053,0.03207893285162053,-0.279830668073903,-0.04402504751653313,0.22883474659739006,-0.19238794881963636,1.4676384187635816,0.13188729710253444,0.08699016467369243,1.5161173403597408,False,-1.3605215819574197,False,-0.037945135000118445,False,-1.708505289179377,False,False,0,intentional_management,True
IZRL,ARK Israel Innovative Technology ETF,True,1,equity,2017-12-05,2026-08-28,0,2194,2193,8.728447538279362,0.6086660683989928,0.05597677621242947,0.24820059583020418,0.34453833717712834,-0.59975955094051,0.3192193615517363,0.09333202968531265,0.1753552038332651,2194,2193,8.728447538279362,2.3546984614402233,0.1487433813689525,0.18998615464811042,0.8274994114295114,-0.33717243065613767,0.07654768332119244,0.44114929883056514,1.9431467408991132,False,-0.09276660515652302,False,-0.4829610742523831,False,-0.34781726914525246,False,-1.7677915370658481,False,True,True,True,True,2022-03-01,first_usable_session_on_or_before_2022-03-01|at_least_1008_daily_returns|economic_qc_pass,etf_taxonomy_1.1,ARK Israel Innovative Technology ETF,equity,sector_or_industry,sector_or_industry,technology,not_thematic,not_determined,active_identified,medium,medium,asset:equity|sector:technology|management:active_sponsor_ark|geography:not_determined|theme:not_thematic,True,IZRL,,arkisraelinnovativetechnologyetf,0.4849697761831615,1.165514271477427,0.0190181017003169,0.5291594450212426,0.010063608141097241,0.010063608141097241,0.06986869242915705,0.4330219417168663,0.030254676860892105,0.030254676860892105,0.273895324314531,0.028122712530435523,0.3500641468721636,0.0803358835279563,1.6565704147455786,0.11844236337337977,0.08328454779162799,1.4221409194622048,False,-0.6805444952942654,False,-0.020191068719794862,False,-1.3418050359342484,False,False,0,intentional_management,True
JAVA,JPMorgan Active Value ETF,True,1,equity,2021-10-05,2026-08-28,0,1230,1229,4.895377728495451,0.7818849740368081,0.12524806636580488,0.14646622492448888,0.8820984379272475,-0.16541210988199062,0.04929595508000754,0.757188010328628,2.5407371895427677,1230,1229,4.895377728495451,0.8990587081333887,0.13998265322149428,0.1726229134768062,0.8480653510257317,-0.24496388734674468,0.08527938465579585,0.5714419979927482,1.6414594662765385,False,-0.014734586855689402,True,0.03403308690151585,True,0.18574601233587984,True,0.8992777232662292,False,True,True,True,True,2022-03-01,first_usable_session_on_or_before_2022-03-01|at_least_1008_daily_returns|economic_qc_pass,etf_taxonomy_1.1,JPMorgan Active Value ETF,equity,factor_style_or_income,factor_or_style,not_sector_specific,not_thematic,not_determined,active_identified,high,high,asset:equity|exposure:factor_style_or_income|management:active_word|geography:not_determined|theme:not_thematic,True,JAVA,,jpmorganactivevalueetf,1.2756777833326813,1.2343682558662388,0.06930912381287534,0.5390932847094466,0.03736408321661669,0.03736408321661669,0.06787109110980684,0.5009106103884192,0.033997349675541355,0.033997349675541355,0.477233394051219,0.08296421090795758,0.05969901264176519,1.3897082587579705,0.5743737568890119,0.097145110839439,0.09510328905317805,1.0214695181059326,True,0.041309527466442564,True,0.003366733541075334,True,0.368238740652038,False,False,3,intentional_management,True
JEMA,JPMorgan ActiveBuilders Emerging Markets Equity ETF,True,1,equity,2021-03-18,2026-08-28,0,1369,1368,5.445697036900142,0.465671203327239,0.07272770085310643,0.19720734965152037,0.4556647210277591,-0.39503615525077507,0.1988827028755021,0.18410391020269462,0.36568137802628814,1369,1368,5.445697036900142,1.1215079632864482,0.14810645619073903,0.16750419220792936,0.9108870068986069,-0.24496388734674468,0.08099444206169616,0.6046052656777747,1.8286002399759902,False,-0.07537875533763261,False,-0.4552222858708478,False,-0.4205013554750801,False,-1.462918861949702,False,True,True,True,True,2022-03-01,first_usable_session_on_or_before_2022-03-01|at_least_1008_daily_returns|economic_qc_pass,etf_taxonomy_1.1,JPMorgan ActiveBuilders Emerging Markets Equity ETF,equity,other_equity,other_equity,not_sector_specific,not_thematic,emerging_markets,active_identified,high,high,asset:equity|exposure:other_equity|management:active_builders|geography:emerging_markets|theme:not_thematic,True,JEMA,,jpmorganactivebuildersemergingmarketsequityetf,0.6544158531001245,1.3268192254804876,0.030941976378901156,0.5289806463742491,0.01636770666500788,0.01636770666500788,0.07364543038737827,0.5011721688769581,0.03690904007511941,0.03690904007511941,0.2145503404099982,0.03633776640541431,0.23548765553779066,0.15430858285301025,0.7580192700400521,0.10915946279574484,0.09029018626319538,1.208984800159185,False,-0.6724033723803631,False,-0.020541333410111526,False,-1.0546762173061748,False,False,0,intentional_management,True
KDRN,Kingsbarn Tactical Bond ETF,True,1,fixed_income,2021-12-21,2026-08-28,0,1176,1175,4.684558888957336,0.039733656463140976,0.008352350577215839,0.06450092106583391,0.16185276766939313,-0.1528985327235457,0.06018726475378051,0.054626754282316364,0.13877272229240503,1176,1175,4.684558888957336,0.7699709709650113,0.12962073581201272,0.17402720227733104,0.7905549165789271,-0.24496388734674468,0.08717523987196812,0.5291422226188608,1.4868985276367823,False,-0.12126838523479688,False,-0.6287021489095339,False,-0.47451546833654445,False,-1.3481258053443772,False,True,True,True,True,2022-03-01,first_usable_session_on_or_before_2022-03-01|at_least_1008_daily_returns|economic_qc_pass,etf_taxonomy_1.1,Kingsbarn Tactical Bond ETF,fixed_income,other_fixed_income,other_fixed_income,not_sector_specific,not_thematic,not_determined,active_identified,high,high,asset:fixed_income|exposure:other_fixed_income|management:discretionary_strategy|geography:not_determined|theme:not_thematic,True,KDRN,,kingsbarntacticalbondetf,0.22439335503811217,1.1487933500678176,0.012225957810773312,0.4445313466162237,0.0054348214892961984,0.0054348214892961984,0.06289206866604335,0.4979070118894634,0.031314401981056596,0.031314401981056596,-0.13788463873155277,-0.031175041792910196,0.11556996420027651,-0.2697503802881303,0.46760581768496357,0.08533962511860071,0.09722623594022733,0.8777427645256753,False,-0.9243999950297054,False,-0.025879580491760396,False,-1.1474931448138057,False,False,0,intentional_management,True
KMLM,KraneShares Mount Lucas Managed Futures Index Strategy ETF,True,1,alternatives,2020-12-02,2026-08-28,0,1441,1440,5.735915179640924,0.4381864296480875,0.06540201709913962,0.1474658998689668,0.5052439714352491,-0.3100587564436924,0.17911040600577963,0.21093426887628255,0.3651491756265082,1441,1440,5.735915179640924,1.2739667252510203,0.1539892814440864,0.16642274619468556,0.9471053864959282,-0.2449638873467448,0.07899787031704783,0.6286203371116315,1.9492839595051128,False,-0.08858726434494679,False,-0.4418614150606791,False,-0.41768606823534893,False,-1.5841347838786046,False,True,True,True,True,2022-03-01,first_usable_session_on_or_before_2022-03-01|at_least_1008_daily_returns|economic_qc_pass,etf_taxonomy_1.1,KraneShares Mount Lucas Managed Futures Index Strategy ETF,alternatives,managed_futures,managed_futures,not_sector_specific,other_thematic,not_determined,active_identified,high,high,asset:alternatives|exposure:managed_futures|management:managed_strategy|geography:not_determined|theme:other_thematic,True,KMLM,,kranesharesmountlucasmanagedfuturesindexstrategyetf,0.6893323844990166,1.379931073147343,0.03692833103890761,0.5381170603394982,0.01987176494190081,0.01987176494190081,0.07676671773924061,0.5028783928131665,0.038604323638251316,0.038604323638251316,0.19148901176104172,0.03101633257971992,0.23810094359688652,0.13026547526931134,0.8839048334712769,0.11674445673597278,0.08805307322868487,1.3258419320898975,False,-0.6905986886483265,False,-0.018732558696350505,False,-1.1955764568205862,False,False,0,intentional_management,True
LBAY,Leatherback Long/Short Alternative Yield ETF,True,1,alternatives,2020-11-17,2026-08-28,0,1451,1450,5.776983784745751,0.6877456838877012,0.0948307943707638,0.1401673025193879,0.7190815565787638,-0.15990314579671205,0.08157484225549085,0.5930514618600689,1.162500493396672,1451,1450,5.776983784745751,1.3128728954548663,0.15620523038579903,0.1661832498830235,0.9600139095105058,-0.24496388734674468,0.07872746060305819,0.6376663600406194,1.9841263669532256,False,-0.06137443601503523,False,-0.24093235293174198,False,-0.04461489818055053,False,-0.8216258735565536,False,True,True,True,True,2022-03-01,first_usable_session_on_or_before_2022-03-01|at_least_1008_daily_returns|economic_qc_pass,etf_taxonomy_1.1,Leatherback Long/Short Alternative Yield ETF,alternatives,long_short_market_neutral,long_short_market_neutral,not_sector_specific,not_thematic,not_determined,active_identified,high,high,asset:alternatives|exposure:long_short_market_neutral|management:discretionary_strategy|geography:not_determined|theme:not_thematic,True,LBAY,,leatherbacklongshortalternativeyieldetf,1.0614267406930102,1.3995627129341006,0.05405147064543387,0.5718482912085818,0.03090924112590218,0.03090924112590218,0.07786531487538514,0.5035857550810098,0.03921186338614141,0.03921186338614141,0.39819228678321306,0.05973611305881743,0.1354526379598062,0.44101107190354866,0.91607128586212,0.11914319824327424,0.08775117432941927,1.3577390747616531,False,-0.3381359722410904,False,-0.008302622260239229,False,-0.9167280028581044,False,False,0,intentional_management,True
LCTD,iShares World ex U.S. Carbon Transition Readiness Aware Active ETF,True,1,equity,2021-04-08,2026-08-28,0,1355,1354,5.388200989753383,0.5460280790964098,0.0842189303439902,0.15964018801923568,0.5877095255298617,-0.2981833104774636,0.09377491136061268,0.28244012117625,0.8980966137107309,1355,1354,5.388200989753383,1.026379959724236,0.14005169212419655,0.16794379118878494,0.8666069281624588,-0.24496388734674457,0.0814104425213269,0.5717238309741322,1.7203160649508513,False,-0.05583276178020635,False,-0.2788974026325971,False,-0.28928370979788215,False,-0.8222194512401204,False,True,True,True,True,2022-03-01,first_usable_session_on_or_before_2022-03-01|at_least_1008_daily_returns|economic_qc_pass,etf_taxonomy_1.1,iShares World ex U.S. Carbon Transition Readiness Aware Active ETF,equity,thematic_equity,thematic_equity,not_sector_specific,clean_energy_climate,international_ex_us,active_identified,high,high,asset:equity|theme:clean_energy_climate|management:active_word|geography:international_ex_us|theme:clean_energy_climate,True,LCTD,,isharesworldexuscarbontransitionreadinessawareactiveetf,0.8567512926912635,1.2600077071433644,0.04327634706141161,0.5473533865896957,0.02368745512329467,0.02368745512329467,0.06972058829179764,0.5008103838241853,0.034916794582863175,0.034916794582863175,0.2811912244012582,0.04706139959972577,0.11066623229920058,0.4252552799709413,0.6792581304335865,0.10098070321726493,0.09075422303023847,1.112683243220749,False,-0.4032564144521009,False,-0.011229339459568506,False,-0.6874279632498077,False,False,0,intentional_management,True
LCTU,iShares U.S. Carbon Transition Readiness Aware Active ETF,True,1,equity,2021-04-08,2026-08-28,0,1355,1354,5.388200989753383,0.9291619800109865,0.12969648136102574,0.16851527960323634,0.8099787604226449,-0.2592609365195099,0.09270025079947379,0.5002546203147956,1.3990952585617165,1355,1354,5.388200989753383,1.026379959724236,0.14005169212419655,0.16794379118878494,0.8666069281624588,-0.24496388734674457,0.0814104425213269,0.5717238309741322,1.7203160649508513,False,-0.010355210763170808,False,-0.05662816773981383,False,-0.07146921065933654,False,-0.32122080638913486,False,True,True,True,True,2022-03-01,first_usable_session_on_or_before_2022-03-01|at_least_1008_daily_returns|economic_qc_pass,etf_taxonomy_1.1,iShares U.S. Carbon Transition Readiness Aware Active ETF,equity,thematic_equity,thematic_equity,not_sector_specific,clean_energy_climate,united_states,active_identified,high,high,asset:equity|theme:clean_energy_climate|management:active_word|geography:united_states|theme:clean_energy_climate,True,LCTU,,isharesuscarbontransitionreadinessawareactiveetf,1.1720890145969272,1.2600077071433644,0.06396658275049244,0.5110714230652822,0.0326914924749173,0.0326914924749173,0.06972058829179764,0.5008103838241853,0.034916794582863175,0.034916794582863175,0.5986937318002628,0.09098037840150486,0.10317815189943357,0.8817794923307241,0.6792581304335865,0.10098070321726493,0.09075422303023847,1.112683243220749,False,-0.08791869254643725,False,-0.002225302107945873,False,-0.2309037508900249,False,False,0,intentional_management,True
LDUR,PIMCO Enhanced Low Duration Active Exchange-Traded Fund,True,1,fixed_income,2014-01-23,2026-08-28,0,3169,3168,12.594372232147135,0.3574577277752635,0.024562701138785226,0.03218238703109861,0.7714631896236069,-0.0867782688243377,0.01729198021314749,0.2830512923518521,1.4204678027626725,3169,3168,12.594372232147135,4.20739956910719,0.13998749958507917,0.17183404744900505,0.8501744113526659,-0.33717243065613767,0.06571285230614395,0.4151807409421448,2.1302910263718804,False,-0.11542479844629394,False,-0.07871122172905898,False,-0.1321294485902927,False,-0.7098232236092079,False,True,True,True,True,2022-03-01,first_usable_session_on_or_before_2022-03-01|at_least_1008_daily_returns|economic_qc_pass,etf_taxonomy_1.1,PIMCO Enhanced Low Duration Active Exchange-Traded Fund,fixed_income,other_fixed_income,other_fixed_income,not_sector_specific,not_thematic,not_determined,active_identified,high,high,asset:fixed_income|exposure:other_fixed_income|management:active_word|geography:not_determined|theme:not_thematic,True,LDUR,,pimcoenhancedlowdurationactiveexchangetradedfund,1.1549121783051834,1.198835381576686,0.09211937409007655,0.2674680325728956,0.024638987749719347,0.024638987749719347,0.07318326121500644,0.4297005523181175,0.031446887764529335,0.031446887764529335,0.05852270590069786,0.004526059147289985,0.04140844150869256,0.10930281320391794,3.0606426040472963,0.11769357713545459,0.0711916108656676,1.6531944663751488,False,-0.04392320327150245,False,-0.006807900014809989,False,-1.5438916531712308,False,False,0,intentional_management,True
LEXI,Alexis Practical Tactical ETF,True,1,unknown,2021-07-02,2026-08-28,0,1295,1294,5.1554788941593594,0.714392677437103,0.11022244036013573,0.14488825081934745,0.7969110861615107,-0.22011395926647714,0.07400340339310613,0.5007517048325719,1.4894239360132406,1295,1294,5.1554788941593594,0.9024191715473668,0.13286087961375426,0.17019016056556896,0.8209456624720625,-0.24496388734674468,0.08324401878320822,0.5423692490056324,1.596041151734431,False,-0.022638439253618525,False,-0.024034576310551725,False,-0.04161754417306052,False,-0.10661721572119043,False,True,True,True,True,2022-03-01,first_usable_session_on_or_before_2022-03-01|at_least_1008_daily_returns|economic_qc_pass,etf_taxonomy_1.1,Alexis Practical Tactical ETF,equity,other_equity,other_equity,not_sector_specific,not_thematic,not_determined,active_identified,high,high,asset:name_inferred_equity|exposure:other_equity|management:discretionary_strategy|geography:not_determined|theme:not_thematic,True,LEXI,,alexispracticaltacticaletf,1.1695210273100882,1.1926061444480485,0.06403226590047637,0.5093447902520997,0.032614501044444806,0.032614501044444806,0.06551446932491187,0.5016491552148542,0.03286527819119152,0.03286527819119152,0.4209456072596174,0.070521033793564,0.08654611441116185,0.8148376651380771,0.5767882122652652,0.09234992547530241,0.09280495418802708,0.9950969351075508,False,-0.023085117137960243,False,-0.00025077714674671264,False,-0.18025926996947372,False,False,0,intentional_management,True
LFEQ,VanEck Long/Flat Trend ETF,True,1,unknown,2017-10-09,2026-08-28,0,2234,2233,8.884508237677707,1.6929198707257909,0.11795417060502356,0.1748382137690458,0.727021299706482,-0.35187821570476785,0.09099094298772109,0.33521305196110585,1.2963286974720227,2234,2233,8.884508237677707,2.476759633087353,0.15056767631719792,0.18843677663636374,0.8409307440098717,-0.33717243065613756,0.07586063466676629,0.44655986856396657,1.9847932590940998,False,-0.03261350571217436,False,-0.11390944430338967,False,-0.11134681660286072,False,-0.688464561622077,False,True,True,True,True,2022-03-01,first_usable_session_on_or_before_2022-03-01|at_least_1008_daily_returns|economic_qc_pass,etf_taxonomy_1.1,VanEck Long/Flat Trend ETF,alternatives,risk_managed_alternative,risk_managed_alternative,not_sector_specific,not_thematic,not_determined,not_determined,low,medium,asset:alternatives|exposure:risk_managed_alternative|management:free_metadata_insufficient|geography:not_determined|theme:not_thematic,True,LFEQ,,vanecklongflattrendetf,1.027746957557852,1.1849567938715941,0.0645132474383843,0.38872277493293517,0.025077768564183815,0.025077768564183815,0.07147160762474068,0.42999267401619745,0.03073226767879869,0.03073226767879869,1.1286085548692157,0.08875202888942813,0.10144242979059377,0.8749004639640211,1.7481917968168443,0.1205136354444718,0.08253688851340872,1.460118470844627,False,-0.1572098363137422,False,-0.005654499114614877,False,-0.585218006880606,False,False,0,intentional_management,True
LSAT,LeaderShares AlphaFactor Tactical Focused ETF,True,2,equity,2020-10-27,2026-08-28,0,1466,1465,5.8344798318925095,1.1097188736425911,0.13650260627340116,0.16538214253463024,0.8592263771202958,-0.20481301301028787,0.07042537801374421,0.6664742843587999,1.9382587658494546,1466,1465,5.8344798318925095,1.4660526296271863,0.16731266133574407,0.16704065448405053,1.0130901222750417,-0.24496388734674468,0.07834219701632208,0.6830094964116656,2.1356646572074762,False,-0.03081005506234291,False,-0.15386374515474588,False,-0.01653521205286579,False,-0.19740589135802167,False,True,True,True,True,2022-03-01,first_usable_session_on_or_before_2022-03-01|at_least_1008_daily_returns|economic_qc_pass,etf_taxonomy_1.1,LeaderShares AlphaFactor Tactical Focused ETF,equity,other_equity,other_equity,not_sector_specific,not_thematic,not_determined,active_identified,high,high,asset:equity|exposure:other_equity|management:discretionary_strategy|geography:not_determined|theme:not_thematic,True,LSAT,,leadersharesalphafactortacticalfocusedetf,1.2737789425616608,1.478421267210217,0.06780039464608245,0.5205711047016114,0.03529492634011636,0.03529492634011636,0.0823798752516269,0.5052183763094734,0.04161982681520392,0.04161982681520392,0.7476790636832253,0.10041548311760096,0.08849611054742092,1.1346880952897134,1.0428639116732548,0.13024723311901898,0.0873177308813433,1.4916470206493673,False,-0.20464232464855625,False,-0.006324900475087554,False,-0.3569589253596539,False,False,0,intentional_management,True
LVHB,Innovator Lunt Low Vol/High Beta Tactical ETF,False,1,unknown,2016-10-19,2026-07-17,0,2447,2446,9.74147313086511,1.2419417126532708,0.08640797781864595,0.17572493631938452,0.5622159291695559,-0.4623102850037232,0.09475942795931429,0.18690472745582565,0.9118668155715958,2447,2446,9.74147313086511,3.051762680657342,0.1544550116059482,0.1811355344762786,0.886817720494547,-0.33717243065613756,0.07251347445391122,0.4580890890319198,2.1300180796621206,False,-0.06804703378730226,False,-0.3246017913249911,False,-0.27118436157609416,False,-1.2181512640905248,False,True,True,True,True,2022-03-01,first_usable_session_on_or_before_2022-03-01|at_least_1008_daily_returns|economic_qc_pass,etf_taxonomy_1.1,Innovator Lunt Low Vol/High Beta Tactical ETF,equity,other_equity,other_equity,not_sector_specific,not_thematic,not_determined,active_identified,high,high,asset:name_inferred_equity|exposure:other_equity|management:discretionary_strategy|geography:not_determined|theme:not_thematic,True,LVHB,,innovatorluntlowvolhighbetatacticaletf,0.7745566096878993,1.2515447241094648,0.061413119133815204,0.2315368220895286,0.014219398438849196,0.014219398438849196,0.07737620623233822,0.4170671284633457,0.03227107214470894,0.03227107214470894,0.7649182805160191,0.06005216481661435,0.1004901172253708,0.597592743194183,2.1896592061448836,0.1264484054079369,0.07888572334867452,1.6029314309388474,False,-0.4769881144215655,False,-0.018051673705859743,False,-1.0053386877446644,False,False,0,intentional_management,True
MEAR,iShares Short Maturity Municipal Bond Active ETF,True,1,fixed_income,2015-03-05,2026-08-28,0,2889,2888,11.482781987309801,0.20900591160946114,0.01666632053320627,0.015038318078897536,1.1088316956445898,-0.026844291566961664,0.0030989452435733773,0.6208515688198742,5.378062283536325,2889,2888,11.482781987309801,3.4360793139268964,0.1385318122257282,0.17628815152252014,0.8259396283037459,-0.33717243065613767,0.06855861003411332,0.4108634029067716,2.020633326095697,False,-0.12186549169252192,True,0.28289206734084393,True,0.20998816591310265,True,3.357428957440628,False,True,True,True,True,2022-03-01,first_usable_session_on_or_before_2022-03-01|at_least_1008_daily_returns|economic_qc_pass,etf_taxonomy_1.1,iShares Short Maturity Municipal Bond Active ETF,fixed_income,municipal_bonds,municipal_bonds,not_sector_specific,not_thematic,not_determined,active_identified,high,high,asset:fixed_income|exposure:municipal_bonds|management:active_word|geography:not_determined|theme:not_thematic,True,MEAR,,isharesshortmaturitymunicipalbondactiveetf,1.5908780160173108,1.1640009782680614,0.11439119617198655,0.36606756284815173,0.04187490639396394,0.04187490639396394,0.07090725385507182,0.4265964408078992,0.03024878212203583,0.03024878212203583,-0.05624658016924644,-0.005028805115799062,0.02707563132801332,-0.18573177684673592,2.4628160069008294,0.1142361409491659,0.07431638543098157,1.5371595414211612,True,0.42687703774924945,True,0.01162612427192811,False,-1.722891318267897,False,False,3,intentional_management,True
MINO,PIMCO Municipal Income Opportunities Active Exchange-Traded Fund,True,1,fixed_income,2021-09-10,2026-08-28,0,1247,1246,4.963825403670164,0.05877409439548864,0.011572030661050725,0.044798942267347826,0.2802479383084562,-0.15236774903088668,0.05737898658299289,0.07594803188110985,0.20167715308657386,1247,1246,4.963825403670164,0.8523644341116774,0.1322322104270679,0.17246576459144994,0.8090695305248848,-0.2449638873467448,0.08475221520050645,0.5398028740452427,1.5602212887796911,False,-0.12066017976601717,False,-0.5288215922164287,False,-0.46385484216413286,False,-1.3585441356931174,False,True,True,True,True,2022-03-01,first_usable_session_on_or_before_2022-03-01|at_least_1008_daily_returns|economic_qc_pass,etf_taxonomy_1.1,PIMCO Municipal Income Opportunities Active Exchange-Traded Fund,fixed_income,municipal_bonds,municipal_bonds,not_sector_specific,not_thematic,not_determined,active_identified,high,high,asset:fixed_income|exposure:municipal_bonds|management:active_word|geography:not_determined|theme:not_thematic,True,MINO,,pimcomunicipalincomeopportunitiesactiveexchangetradedfund,0.3852992388407131,1.1749627510516003,0.02332288692335683,0.4843704302958338,0.011296916774807424,0.011296916774807424,0.06427613334667023,0.5029816624134233,0.03232971640421507,0.03232971640421507,-0.12229439546259147,-0.02593664841126242,0.10706688086275405,-0.24224716553113992,0.5355784147645386,0.09024950101141505,0.0945032691149609,0.9549881380466188,False,-0.7896635122108873,False,-0.02103279962940765,False,-1.1972353035777588,False,False,0,intentional_management,True
MINT,PIMCO Enhanced Short Maturity Active Exchange-Traded Fund,True,1,unknown,2009-11-17,2026-08-28,0,4220,4219,16.777894138825573,0.41738317694838134,0.021007612607610637,0.008386020306971345,2.4887346428840855,-0.04618298522080233,0.00500321521547677,0.45487775437582845,4.19882249770636,4220,4219,16.777894138825573,8.330853847020864,0.1423770851908046,0.170463656966618,0.8681910457009003,-0.33717243065613756,0.06267962556570753,0.42226787318802667,2.271505037016369,False,-0.12136947258319397,True,1.6205435971831852,True,0.03260988118780178,True,1.9273174606899914,False,True,True,True,True,2022-03-01,first_usable_session_on_or_before_2022-03-01|at_least_1008_daily_returns|economic_qc_pass,etf_taxonomy_1.1,PIMCO Enhanced Short Maturity Active Exchange-Traded Fund,fixed_income,income_and_hybrid_securities,income_and_hybrid_securities,not_sector_specific,not_thematic,not_determined,active_identified,high,high,asset:fixed_income|exposure:income_and_hybrid_securities|management:active_word|geography:not_determined|theme:not_thematic,True,MINT,,pimcoenhancedshortmaturityactiveexchangetradedfund,3.262089498098605,1.2247354132066337,0.3008717466655948,0.26335894510350205,0.07923726581329915,0.07923726581329915,0.07389481511259832,0.44232011744068006,0.03268516329886183,0.03268516329886183,0.09916403606496149,0.005651295492390629,0.010293274544346084,0.5490279568511837,6.2359677617347895,0.12519532810228773,0.06706058669385323,1.8668987892073292,True,2.0373540848919713,True,0.046552102514437324,False,-1.3178708323561454,False,False,3,intentional_management,True
MJ,Amplify Alternative Harvest ETF,True,1,unknown,2015-12-03,2026-08-28,0,2699,2698,10.735333374401938,-0.8812020252847655,-0.17999189832031903,0.5094489467209766,-0.14199643016590635,-0.9580610918345621,0.659075105434253,-0.18787100306480248,-0.27309770439853825,2699,2698,10.735333374401938,3.4753916583531677,0.14980749750869649,0.17762626293428746,0.8772631597459066,-0.33717243065613767,0.0699912555181472,0.4443052986781008,2.140374485350598,False,-0.3297993958290155,False,-1.019259589911813,False,-0.6321763017429033,False,-2.413472189749136,False,True,True,True,True,2022-03-01,first_usable_session_on_or_before_2022-03-01|at_least_1008_daily_returns|economic_qc_pass,etf_taxonomy_1.1,Amplify Alternative Harvest ETF,alternatives,risk_managed_alternative,risk_managed_alternative,not_sector_specific,not_thematic,not_determined,not_determined,low,medium,asset:alternatives|exposure:risk_managed_alternative|management:free_metadata_insufficient|geography:not_determined|theme:not_thematic,True,MJ,,amplifyalternativeharvestetf,-0.21894960444773137,1.237504415896099,-0.03777474980828011,0.4387221180369722,-0.01657261824420536,0.01657261824420536,0.07611911239958827,0.42260450125707083,0.032168279531758916,0.032168279531758916,-0.9071768990776061,-0.1986231218346437,0.6674223751127435,-0.2975973375197251,2.4968587012223096,0.12368297454282584,0.0760039892882088,1.6273221406026108,False,-1.4564540203438305,False,-0.04874089777596428,False,-1.924919478122336,False,False,0,intentional_management,True
MNA,NYLIM Merger Arbitrage ETF,True,1,alternatives,2009-11-17,2026-08-28,0,4220,4219,16.777894138825573,0.5600206842068394,0.026859442512071174,0.07430876819013506,0.3947615873545354,-0.16676636180848514,0.038069428072153653,0.16106031348766017,0.7055383774393459,4220,4219,16.777894138825573,8.330853847020864,0.1423770851908046,0.170463656966618,0.8681910457009003,-0.33717243065613756,0.06267962556570753,0.42226787318802667,2.271505037016369,False,-0.11551764267873343,False,-0.4734294583463649,False,-0.26120755970036647,False,-1.5659666595770232,False,True,True,True,True,2022-03-01,first_usable_session_on_or_before_2022-03-01|at_least_1008_daily_returns|economic_qc_pass,etf_taxonomy_1.1,NYLIM Merger Arbitrage ETF,alternatives,merger_arbitrage,merger_arbitrage,not_sector_specific,not_thematic,not_determined,active_identified,high,high,asset:alternatives|exposure:merger_arbitrage|management:discretionary_strategy|geography:not_determined|theme:not_thematic,True,MNA,,nylimmergerarbitrageetf,0.5440403358003097,1.2247354132066337,0.03499063019497232,0.4115638147295867,0.01440087724283507,0.01440087724283507,0.07389481511259832,0.44232011744068006,0.03268516329886183,0.03268516329886183,0.20977775063578252,0.011415111796749144,0.06080277572570181,0.18773997832345485,6.2359677617347895,0.12519532810228773,0.06706058669385323,1.8668987892073292,False,-0.680695077406324,False,-0.018284286056026756,False,-1.6791588108838744,False,False,0,intentional_management,True
MRSK,Toews Agility Shares Managed Risk ETF,True,1,equity,2020-06-25,2026-08-28,0,1552,1551,6.1739803007590845,0.9427534710264831,0.11356361709361784,0.11754142862713725,0.976937819250332,-0.14700413103771814,0.05108296860703053,0.7725199032976823,2.223120938159184,1552,1551,6.1739803007590845,1.7246033695341136,0.17626751356266857,0.16730710466485785,1.0571745950532425,-0.24496388734674468,0.07673665282808144,0.7195653019384164,2.297044594290204,False,-0.06270389646905072,False,-0.08023677580291055,True,0.052954601359265885,False,-0.07392365613101992,False,True,True,True,True,2022-03-01,first_usable_session_on_or_before_2022-03-01|at_least_1008_daily_returns|economic_qc_pass,etf_taxonomy_1.1,Toews Agility Shares Managed Risk ETF,alternatives,risk_managed_alternative,risk_managed_alternative,not_sector_specific,not_thematic,not_determined,active_identified,high,high,asset:alternatives|exposure:risk_managed_alternative|management:managed_strategy|geography:not_determined|theme:not_thematic,True,MRSK,,toewsagilitysharesmanagedrisketf,1.400719707212114,1.5372639459246733,0.08270212142026806,0.48736831118709434,0.040306393248186065,0.040306393248186065,0.08555931206085994,0.513170622897769,0.0439065254649761,0.0439065254649761,0.608858561230466,0.08006455154830494,0.06121120601601311,1.3080048043385997,1.256334384370573,0.14088214183285053,0.08540046561424472,1.6496647977215655,False,-0.13654423871255927,False,-0.0036001322167900363,False,-0.3416599933829658,False,False,1,intentional_management,True
MSMR,McElhenny Sheffield Managed Risk ETF,True,1,unknown,2021-11-17,2026-08-28,0,1199,1198,4.777647727194946,0.4863222363900861,0.08648723084350518,0.10321335385847304,0.8594197408168064,-0.14862390346523546,0.07097722526549073,0.5819200601452065,1.2185208779294934,1199,1198,4.777647727194946,0.7569153354008411,0.125196345852981,0.17429269102869235,0.7671860655750753,-0.24496388734674468,0.08637194604055808,0.5110808258678817,1.4495024321229486,False,-0.038709115009475825,True,0.0922336752417311,True,0.07083923427732475,False,-0.23098155419345523,False,True,True,True,True,2022-03-01,first_usable_session_on_or_before_2022-03-01|at_least_1008_daily_returns|economic_qc_pass,etf_taxonomy_1.1,McElhenny Sheffield Managed Risk ETF,alternatives,risk_managed_alternative,risk_managed_alternative,not_sector_specific,not_thematic,not_determined,active_identified,high,high,asset:alternatives|exposure:risk_managed_alternative|management:managed_strategy|geography:not_determined|theme:not_thematic,True,MSMR,,mcelhennysheffieldmanagedrisketf,1.2354445927959323,1.114472165635186,0.0714856144270567,0.5050621298174198,0.03610467667383613,0.03610467667383613,0.06053174666599498,0.5022197982778062,0.030400241599999264,0.030400241599999264,0.23232018895209627,0.044694166677053726,0.07911677763756784,0.5649138907274092,0.4566708248626197,0.08191428809185886,0.09632232737176646,0.8504184889106944,True,0.12097242716074641,True,0.0057044350738368645,False,-0.2855045981832852,False,False,2,intentional_management,True
MSTB,LHA Market State Tactical Beta ETF,True,1,unknown,2020-09-30,2026-08-28,0,1485,1484,5.9084033210812,0.8827397648833488,0.11303388167455042,0.1379919499918531,0.8477613129592801,-0.2563944030996135,0.10481001861214131,0.44085939594646645,1.0784644747831047,1485,1484,5.9084033210812,1.4905737252922675,0.16700806515795907,0.16703447053801518,1.0112806294733236,-0.24496388734674468,0.07794808798976958,0.6817660634261585,2.1425549935218204,False,-0.053974183483408655,False,-0.1635193165140435,False,-0.24090666747969208,False,-1.0640905187387157,False,True,True,True,True,2022-03-01,first_usable_session_on_or_before_2022-03-01|at_least_1008_daily_returns|economic_qc_pass,etf_taxonomy_1.1,LHA Market State Tactical Beta ETF,equity,other_equity,other_equity,not_sector_specific,not_thematic,not_determined,active_identified,high,high,asset:name_inferred_equity|exposure:other_equity|management:discretionary_strategy|geography:not_determined|theme:not_thematic,True,MSTB,,lhamarketstatetacticalbetaetf,1.2284765280387497,1.475951345991175,0.06594249164255737,0.5521760498403242,0.03641186455181592,0.03641186455181592,0.0820426604822607,0.5073885758214031,0.041627508658693156,0.041627508658693156,0.5595455937996605,0.07811481456813696,0.12139606675342635,0.6434707207343042,1.0630377876750363,0.13039567301795785,0.08685502112614671,1.5013026458029808,False,-0.24747481795242532,False,-0.005215644106877235,False,-0.8578319250686766,False,False,0,intentional_management,True
MUNI,PIMCO Intermediate Municipal Bond Active Exchange-Traded Fund,True,1,fixed_income,2009-12-15,2026-08-28,0,4201,4200,16.701232742629895,0.5406797670859507,0.026217538281608332,0.03521294110162916,0.7541403110934973,-0.1115596067122766,0.028159361566681054,0.23500923904497073,0.9310416438073532,4201,4200,16.701232742629895,8.330016694879138,0.1430691528635042,0.17064770339375185,0.8709457585787987,-0.33717243065613756,0.06281802915845851,0.42432043623819304,2.2775173748703925,False,-0.11685161458189586,False,-0.11680544748530142,False,-0.1893111971932223,False,-1.3464757310630393,False,True,True,True,True,2022-03-01,first_usable_session_on_or_before_2022-03-01|at_least_1008_daily_returns|economic_qc_pass,etf_taxonomy_1.1,PIMCO Intermediate Municipal Bond Active Exchange-Traded Fund,fixed_income,municipal_bonds,municipal_bonds,not_sector_specific,not_thematic,not_determined,active_identified,high,high,asset:fixed_income|exposure:municipal_bonds|management:active_word|geography:not_determined|theme:not_thematic,True,MUNI,,pimcointermediatemunicipalbondactiveexchangetradedfund,1.0430016212002238,1.228823473004851,0.0749502622398521,0.3815798507749189,0.028599509881023805,0.028599509881023805,0.07418336314178695,0.4418675153886145,0.032779218354632725,0.032779218354632725,0.1948899500725474,0.010718166925275385,0.05717127460499563,0.18747468898198802,6.235989866866492,0.12580492512884,0.06720908205510312,1.8718441210920802,False,-0.1858218518046273,False,-0.00417970847360892,False,-1.6843694321100922,False,False,0,intentional_management,True
NEAR,iShares Short Duration Bond Active ETF,True,1,fixed_income,2013-10-03,2026-08-28,0,3245,3244,12.901017816929848,0.36290032196947863,0.024289570859752363,0.022280410509007375,1.090961042663072,-0.09608888433437368,0.004885476975024578,0.25278231741382917,4.971791082820561,3245,3244,12.901017816929848,4.709510697470127,0.14458078184512657,0.17053450099219902,0.8792560791335806,-0.33717243065613756,0.0649677247783826,0.42880368826055076,2.2254247372571445,False,-0.12029121098537421,True,0.21170496352949142,False,-0.1760213708467216,True,2.746366345563416,False,True,True,True,True,2022-03-01,first_usable_session_on_or_before_2022-03-01|at_least_1008_daily_returns|economic_qc_pass,etf_taxonomy_1.1,iShares Short Duration Bond Active ETF,fixed_income,other_fixed_income,other_fixed_income,not_sector_specific,not_thematic,not_determined,active_identified,high,high,asset:fixed_income|exposure:other_fixed_income|management:active_word|geography:not_determined|theme:not_thematic,True,NEAR,,isharesshortdurationbondactiveetf,1.2729452959233742,1.2415164255735553,0.2171724718301755,0.09402005495158738,0.02041856773544516,0.02041856773544516,0.07599265345370909,0.4300746441357571,0.032682513391035846,0.032682513391035846,0.062492237020712604,0.0047097019225625925,0.007534285838819634,0.6251026339213648,3.45103042053913,0.12270147902478934,0.0703798570765661,1.7434175646492525,True,0.031428870349818894,False,-0.012263945655590684,False,-1.1183149307278877,False,False,2,intentional_management,True
NTRL,First Trust Equity Market Neutral ETF,True,2,alternatives|fixed_income,2020-02-05,2026-08-28,0,1650,1649,6.560025188744464,0.185816542536398,0.02632075796568989,0.06005139184873337,0.46399524534626685,-0.11989046982836438,0.018513825929632806,0.21954003519521426,1.4216811838746677,1650,1649,6.560025188744464,1.5417227330361052,0.15280833104933467,0.20229156501786935,0.80628153584511,-0.33717243065613767,0.08385039846741602,0.4532052954388044,1.8223924255853772,False,-0.12648757308364478,False,-0.3422862904988431,False,-0.23366526024359013,False,-0.4007112417107095,False,True,True,True,True,2022-03-01,first_usable_session_on_or_before_2022-03-01|at_least_1008_daily_returns|economic_qc_pass,etf_taxonomy_1.1,First Trust Equity Market Neutral ETF,fixed_income,other_fixed_income,long_short_market_neutral,not_sector_specific,not_thematic,not_determined,active_identified,high,high,asset:fixed_income|exposure:other_fixed_income|management:discretionary_strategy|geography:not_determined|theme:not_thematic,True,NTRL,,firsttrustequitymarketneutraletf,0.622555445444669,1.141794829573846,0.05130081186723949,0.2800984746622248,0.014369279152947542,0.014369279152947542,0.06745640536539327,0.4305973816920332,0.029046551528694762,0.029046551528694762,-0.019706535811150117,-0.0030294298041033674,0.05197225196768776,-0.05828936960412698,1.1011970179181705,0.11984091738623581,0.09146889819706422,1.310182146592012,False,-0.519239384129177,False,-0.01467727237574722,False,-1.368471516196139,False,False,0,intentional_management,True
OBND,State Street Loomis Sayles Opportunistic Bond ETF,True,1,fixed_income,2021-09-28,2026-08-28,0,1235,1234,4.914543077544371,0.117781684495194,0.0229150531467901,0.04621619192743166,0.515108058837623,-0.1584911823476659,0.06059306760470736,0.14458251119941606,0.3781794527433675,1235,1234,4.914543077544371,0.8963440071050917,0.13906876104427224,0.1726109526763691,0.8433316998275521,-0.24496388734674468,0.08510818771021436,0.5677112759376707,1.634023291834021,False,-0.11615370789748214,False,-0.32822364098992907,False,-0.4231287647382546,False,-1.2558438390906534,False,True,True,True,True,2022-03-01,first_usable_session_on_or_before_2022-03-01|at_least_1008_daily_returns|economic_qc_pass,etf_taxonomy_1.1,State Street Loomis Sayles Opportunistic Bond ETF,fixed_income,other_fixed_income,other_fixed_income,not_sector_specific,not_thematic,not_determined,active_identified,high,high,asset:fixed_income|exposure:other_fixed_income|management:discretionary_strategy|geography:not_determined|theme:not_thematic,True,OBND,,statestreetloomissaylesopportunisticbondetf,0.7441107960638746,1.2270672216934977,0.041736526750539224,0.5515471955083595,0.023019664279519535,0.023019664279519535,0.06736948012406398,0.5021108477647096,0.03382694677856152,0.03382694677856152,-0.07334104754224346,-0.015379344848950871,0.0992873476111188,-0.15489732799779815,0.572099610772522,0.09642597037875511,0.09491202105968358,1.0159510808237822,False,-0.48295642562962304,False,-0.010807282499041983,False,-1.1708484088215803,False,False,0,intentional_management,True
PAB,PGIM Active Aggregate Bond ETF,True,1,fixed_income,2021-04-15,2026-08-28,0,1350,1349,5.369035640704463,0.004681472500572825,0.0008702830184241783,0.060891299675134805,0.04475073153633235,-0.1926707571643922,0.0926035787792503,0.004516943988970926,0.009397941525551309,1350,1349,5.369035640704463,0.9905662851983077,0.13680337121914188,0.16816052331203596,0.8487847768920876,-0.24496388734674468,0.08156101030021794,0.5584634237351797,1.677313347585842,False,-0.1359330882007177,False,-0.8040340453557553,False,-0.5539464797462087,False,-1.6679154060602905,False,True,True,True,True,2022-03-01,first_usable_session_on_or_before_2022-03-01|at_least_1008_daily_returns|economic_qc_pass,etf_taxonomy_1.1,PGIM Active Aggregate Bond ETF,fixed_income,aggregate_bonds,aggregate_bonds,not_sector_specific,not_thematic,not_determined,active_identified,high,high,asset:fixed_income|exposure:aggregate_bonds|management:active_word|geography:not_determined|theme:not_thematic,True,PAB,,pgimactiveaggregatebondetf,0.06331718793793153,1.2335043911743704,0.0011715996115912925,0.5939929631852148,0.0006959219249557585,0.0006959219249557585,0.06812619002681018,0.5008405315103464,0.03412035722280247,0.03412035722280247,-0.16741059010101744,-0.033548647260612685,0.15365715261217694,-0.21833443279589992,0.6496018430927359,0.09770983768254338,0.09092208351359522,1.0746546263200536,False,-1.1701872032364389,False,-0.03342443529784671,False,-1.2929890591159534,False,False,0,intentional_management,True
PHYL,PGIM Active High Yield Bond ETF,True,1,fixed_income,2018-09-27,2026-08-28,0,1990,1989,7.918027064210764,0.5065498739394025,0.053120981460228256,0.07538497236172155,0.726724255217113,-0.22068429975806325,0.05238724610293855,0.24071028849113835,1.0140059921425904,1990,1989,7.918027064210764,1.982876864325632,0.14800461828699252,0.19472628934066372,0.8088498261921089,-0.33717243065613756,0.0791515283230885,0.43895824459602323,1.8698895829636124,False,-0.09488363682676426,False,-0.08212557097499584,False,-0.19824795610488488,False,-0.8558835908210221,False,True,True,True,True,2022-03-01,first_usable_session_on_or_before_2022-03-01|at_least_1008_daily_returns|economic_qc_pass,etf_taxonomy_1.1,PGIM Active High Yield Bond ETF,fixed_income,high_yield_bonds,high_yield_bonds,not_sector_specific,not_thematic,not_determined,active_identified,high,high,asset:fixed_income|exposure:high_yield_bonds|management:active_word|geography:not_determined|theme:not_thematic,True,PHYL,,pgimactivehighyieldbondetf,0.9891669397634384,1.1426567480011758,0.07644597369527785,0.31906495304537513,0.02439123100759181,0.02439123100759181,0.06781603392436268,0.43382463728697246,0.02942026631947766,0.02942026631947766,0.20949698327941801,0.024312556376230088,0.06734811753351708,0.36099830650991066,1.3947302583896644,0.11660062423101292,0.08615810209548412,1.3533332489356726,False,-0.1534898082377374,False,-0.005029035311885852,False,-0.9923349424257619,False,False,0,intentional_management,True
PREF,Principal Spectrum Preferred Securities Active ETF,True,1,fixed_income,2017-07-11,2026-08-28,0,2297,2296,9.130919868306673,0.4434459485245448,0.04101557060579597,0.0621486173755726,0.6799173909227167,-0.22987434763876036,0.06018907131310274,0.17842604460698908,0.6814454802340033,2297,2296,9.130919868306673,2.6636725924008955,0.15281340863724924,0.18617075633300398,0.8590335831524698,-0.33717243065613767,0.0748220082389325,0.45322035475994965,2.0423590897114563,False,-0.11179783803145327,False,-0.17911619222975306,False,-0.2747943101529606,False,-1.360913609477453,False,True,True,True,True,2022-03-01,first_usable_session_on_or_before_2022-03-01|at_least_1008_daily_returns|economic_qc_pass,etf_taxonomy_1.1,Principal Spectrum Preferred Securities Active ETF,fixed_income,income_and_hybrid_securities,income_and_hybrid_securities,not_sector_specific,not_thematic,not_determined,active_identified,high,high,asset:fixed_income|exposure:income_and_hybrid_securities|management:active_word|geography:not_determined|theme:not_thematic,True,PREF,,principalspectrumpreferredsecuritiesactiveetf,0.8441677069989474,1.210583059089441,0.08007189683793349,0.25215293813525114,0.020190364049747653,0.020190364049747653,0.0737270882932335,0.4251241409871634,0.03134316507814564,0.03134316507814564,0.13767772479885987,0.014226879544938509,0.08115859091581024,0.17529727148290122,1.887589038987639,0.12314779831710188,0.08140593167930056,1.5127619790931672,False,-0.3664153520904937,False,-0.01115280102839799,False,-1.337464707610266,False,False,0,intentional_management,True
PSR,Invesco Active U.S. Real Estate Fund,True,1,real_estate,2008-11-21,2026-08-28,0,4468,4467,17.766278568348426,6.689122396078608,0.12166410330101662,0.23988141966482562,0.5999442106576439,-0.42311522270263147,0.12472566171510098,0.2875436684217884,0.9754536606822934,4468,4467,17.766278568348426,12.403402415991298,0.15730248678939196,0.18082651822755294,0.90057140982636,-0.33717243065613767,0.0638316936147577,0.46653424920679687,2.464332025071384,False,-0.035638383488375336,False,-0.30062719916871605,False,-0.17899058078500846,False,-1.4888783643890904,False,True,True,True,True,2022-03-01,first_usable_session_on_or_before_2022-03-01|at_least_1008_daily_returns|economic_qc_pass,etf_taxonomy_1.1,Invesco Active U.S. Real Estate Fund,real_estate,real_estate,real_estate,real_estate,not_thematic,united_states,active_identified,high,high,asset:real_estate|exposure:real_estate|management:active_word|geography:united_states|theme:not_thematic,True,PSR,,invescoactiveusrealestatefund,0.8699964835669237,1.280724009007246,0.04957245050134661,0.37008147017394377,0.018345845361663407,0.018345845361663407,0.07707049250181337,0.43552892975830426,0.03356642911526019,0.03356642911526019,4.952479501285607,0.10561764807106133,0.1506606357720807,0.7010301498451105,9.37614880072128,0.14074619111484066,0.0679159961456385,2.0723570160559186,False,-0.4107275254403223,False,-0.015220583753596785,False,-1.3713268662108082,False,False,0,intentional_management,True
QPX,AdvisorShares Q Dynamic Growth ETF,True,1,equity,2020-12-29,2026-08-28,0,1423,1422,5.661991690452234,0.975766235322356,0.12779903608000076,0.19927663855360664,0.7051304739145283,-0.3474532469012963,0.1228851872838204,0.36781649680857814,1.0399873158416657,1423,1422,5.661991690452234,1.235848012393327,0.15270240897139975,0.16719999022068105,0.936437745036901,-0.24496388734674468,0.079492593853175,0.6233670220755868,1.9209639737438342,False,-0.02490337289139899,False,-0.2313072711223727,False,-0.25555052526700867,False,-0.8809766579021685,False,True,True,True,True,2022-03-01,first_usable_session_on_or_before_2022-03-01|at_least_1008_daily_returns|economic_qc_pass,etf_taxonomy_1.1,AdvisorShares Q Dynamic Growth ETF,equity,factor_style_or_income,factor_or_style,not_sector_specific,not_thematic,not_determined,active_identified,medium,medium,asset:equity|exposure:factor_style_or_income|management:active_sponsor_advisorshares|geography:not_determined|theme:not_thematic,True,QPX,,advisorsharesqdynamicgrowthetf,1.0219972428561963,1.3634604763864948,0.05283711176597469,0.5220873030480966,0.02758558518274858,0.02758558518274858,0.07570996329183916,0.503914288711548,0.03815133230058453,0.03815133230058453,0.6369662637821607,0.09094512048151593,0.1322140519394111,0.68786274338822,0.8524497998798559,0.11503470760674928,0.08860522508266948,1.2982835662278478,False,-0.3414632335302985,False,-0.010565747117835953,False,-0.6104208228396278,False,False,0,intentional_management,True
REIT,ALPS Active REIT ETF,True,1,real_estate,2021-02-26,2026-08-28,0,1383,1382,5.500455177039912,0.5000271098549482,0.07650331139074207,0.18245302575194772,0.49651072444540306,-0.2930223187358577,0.12666231399893882,0.2610835642854402,0.6039942661349375,1383,1382,5.500455177039912,1.1835317462031902,0.15255129377408583,0.16769904141184325,0.9329979721975018,-0.24496388734674468,0.08059919546295223,0.6227501344234897,1.8927148453262996,False,-0.07604798238334376,False,-0.43648724775209874,False,-0.3616665701380495,False,-1.288720579191362,False,True,True,True,True,2022-03-01,first_usable_session_on_or_before_2022-03-01|at_least_1008_daily_returns|economic_qc_pass,etf_taxonomy_1.1,ALPS Active REIT ETF,real_estate,real_estate,real_estate,real_estate,not_thematic,not_determined,active_identified,high,high,asset:real_estate|exposure:real_estate|management:active_word|geography:not_determined|theme:not_thematic,True,REIT,,alpsactivereitetf,0.7051933022393597,1.3616134141467313,0.03438361997611695,0.5508419246267693,0.01893993940327969,0.01893993940327969,0.07544846156490084,0.5031917180177419,0.03796504099663802,0.03796504099663802,0.24297153697164187,0.04033531074374874,0.17009425800037753,0.23713505216419015,0.809345839667525,0.11382825827774323,0.08984616146781348,1.2669240000700654,False,-0.6564201119073716,False,-0.01902510159335833,False,-1.0297889479058753,False,False,0,intentional_management,True
RFFC,ALPS Active Equity Opportunity ETF,True,1,equity,2016-06-28,2026-08-28,0,2557,2556,10.165848716948329,2.590493835489351,0.13399130165338025,0.17849603341529247,0.795971177438006,-0.36259444513279226,0.07538375341270052,0.3695348989814471,1.7774559581800502,2557,2556,10.165848716948329,3.4554097601935903,0.15832425469886857,0.17845045597960893,0.9151640571540641,-0.33717243065613767,0.07100260337321705,0.4695646509139834,2.2298373183114886,False,-0.024332953045488326,False,-0.11919287971605808,False,-0.10002975193253633,False,-0.45238136013143837,False,True,True,True,True,2022-03-01,first_usable_session_on_or_before_2022-03-01|at_least_1008_daily_returns|economic_qc_pass,etf_taxonomy_1.1,ALPS Active Equity Opportunity ETF,equity,other_equity,other_equity,not_sector_specific,not_thematic,not_determined,active_identified,high,high,asset:equity|exposure:other_equity|management:active_word|geography:not_determined|theme:not_thematic,True,RFFC,,alpsactiveequityopportunityetf,1.102902060453291,1.2927973753672473,0.06704790930631649,0.43549686360555334,0.02919915421421042,0.02919915421421042,0.08034750164257973,0.4161095964804501,0.033433366486706154,0.033433366486706154,1.8111134376358309,0.10702014347351052,0.08322382073288377,1.2859316302841193,2.4882840135407283,0.13077435493198974,0.0772409855978874,1.6930694749649404,False,-0.18989531491395617,False,-0.004234212272495732,False,-0.40713784468082115,False,False,0,intentional_management,True
RHRX,RH Tactical Rotation ETF,True,1,unknown,2021-11-09,2026-08-28,0,1205,1204,4.799550983250854,0.5046151508260146,0.08884757813031174,0.188833075043227,0.5472057169266694,-0.2532953211383806,0.1146283814261615,0.35076675609721364,0.7750923202866945,1205,1204,4.799550983250854,0.7597721922574561,0.12497156329150072,0.17394383886531703,0.7669351819690521,-0.24496388734674468,0.08615727150237372,0.5101632107699383,1.4505051182831112,False,-0.036123985161188976,False,-0.21972946504238267,False,-0.15939645467272467,False,-0.6754127979964167,False,True,True,True,True,2022-03-01,first_usable_session_on_or_before_2022-03-01|at_least_1008_daily_returns|economic_qc_pass,etf_taxonomy_1.1,RH Tactical Rotation ETF,equity,factor_style_or_income,factor_style_or_income,not_sector_specific,not_thematic,not_determined,active_identified,high,high,asset:name_inferred_equity|exposure:factor_style_or_income|management:discretionary_strategy|geography:not_determined|theme:not_thematic,True,RHRX,,rhtacticalrotationetf,0.7763733484597634,1.1140839792978066,0.04132741938572565,0.47663405769553957,0.01969805559590372,0.01969805559590372,0.06055897162104732,0.5016510512610827,0.03037947177698846,0.03037947177698846,0.2474647952646749,0.04714727548090636,0.1321297606113381,0.3568255574123899,0.45901352669601203,0.08188779692836712,0.09608278485064076,0.8522629423747498,False,-0.3377106308380432,False,-0.01068141618108474,False,-0.49543738496235984,False,False,0,intentional_management,True
RHTX,RH Tactical Outlook ETF,True,1,unknown,2021-11-09,2026-08-28,0,1205,1204,4.799550983250854,0.29359454731132595,0.055099617800092426,0.17861178758138643,0.39113808201532413,-0.24677028621655883,0.11785664481050982,0.22328303234911562,0.4675138842504953,1205,1204,4.799550983250854,0.7597721922574561,0.12497156329150072,0.17394383886531703,0.7669351819690521,-0.24496388734674468,0.08615727150237372,0.5101632107699383,1.4505051182831112,False,-0.0698719454914083,False,-0.37579709995372795,False,-0.2868801784208227,False,-0.9829912340326159,False,True,True,True,True,2022-03-01,first_usable_session_on_or_before_2022-03-01|at_least_1008_daily_returns|economic_qc_pass,etf_taxonomy_1.1,RH Tactical Outlook ETF,equity,other_equity,other_equity,not_sector_specific,not_thematic,not_determined,active_identified,high,high,asset:name_inferred_equity|exposure:other_equity|management:discretionary_strategy|geography:not_determined|theme:not_thematic,True,RHTX,,rhtacticaloutlooketf,0.5392886223293842,1.1140839792978066,0.027427038785170176,0.47848439086587996,0.013123409946377016,0.013123409946377016,0.06055897162104732,0.5016510512610827,0.03037947177698846,0.03037947177698846,0.07250924346422716,0.014691782698795786,0.14616801961638848,0.10051297634977693,0.45901352669601203,0.08188779692836712,0.09608278485064076,0.8522629423747498,False,-0.5747953569684223,False,-0.017256061830611444,False,-0.7517499660249728,False,False,0,intentional_management,True
RVNU,Xtrackers Municipal Infrastructure Revenue Bond Active ETF,True,1,fixed_income,2013-06-04,2026-08-28,0,3330,3329,13.232304564775458,0.4276843456688544,0.02727320712158665,0.07494161567564829,0.39723268613713525,-0.235130161875167,0.06924702350245873,0.11599195485633304,0.3938538545359754,3330,3329,13.232304564775458,4.910867623016151,0.14370945078226738,0.16933531997369575,0.8793619693076064,-0.33717243065613767,0.0642236682295264,0.4262194584017701,2.237640028107238,False,-0.11643624366068073,False,-0.4821292831704711,False,-0.31022750354543704,False,-1.8437861735712628,False,True,True,True,True,2022-03-01,first_usable_session_on_or_before_2022-03-01|at_least_1008_daily_returns|economic_qc_pass,etf_taxonomy_1.1,Xtrackers Municipal Infrastructure Revenue Bond Active ETF,fixed_income,municipal_bonds,municipal_bonds,industrials_transport,infrastructure,not_determined,active_identified,high,high,asset:fixed_income|exposure:municipal_bonds|management:active_word|geography:not_determined|theme:infrastructure,True,RVNU,,xtrackersmunicipalinfrastructurerevenuebondactiveetf,0.5482840742412959,1.2413630532090252,0.03601709406229804,0.3939234694275105,0.014187978651717432,0.014187978651717432,0.07591555053503257,0.4317155933170409,0.03277392694122139,0.03277392694122139,0.11267241326408484,0.008101126782988466,0.10838426057267582,0.07474449463588256,3.606662083630776,0.1223643117068971,0.0695595742796785,1.7591296809107304,False,-0.6930789789677293,False,-0.018585948289503954,False,-1.6843851862748478,False,False,0,intentional_management,True
SHYM,iShares Short Duration High Yield Muni Active ETF,True,1,fixed_income,2021-03-19,2026-08-28,0,1368,1367,5.442959129893153,0.09937573425652935,0.01755880795436182,0.06813968403100382,0.2905032344014165,-0.22545895826664542,0.09087606877943552,0.07788028512752818,0.19321707232933508,1368,1367,5.442959129893153,1.1254409212982082,0.14857699444225592,0.16756217035615875,0.9132736995020868,-0.2449638873467448,0.08102402443966612,0.6065261130998715,1.83373999834941,False,-0.1310181864878941,False,-0.6227704651006702,False,-0.5286458279723433,False,-1.6405229260200749,False,True,True,True,True,2022-03-01,first_usable_session_on_or_before_2022-03-01|at_least_1008_daily_returns|economic_qc_pass,etf_taxonomy_1.1,iShares Short Duration High Yield Muni Active ETF,fixed_income,municipal_bonds,municipal_bonds,not_sector_specific,not_thematic,not_determined,active_identified,high,high,asset:fixed_income|exposure:municipal_bonds|management:active_word|geography:not_determined|theme:not_thematic,True,SHYM,,isharesshortdurationhighyieldmuniactiveetf,0.39503657899151606,1.3303014423213655,0.025905343020611704,0.3863945266665457,0.010009682754583762,0.010009682754583762,0.07384017550960954,0.5013682005887738,0.03702111592641218,0.03702111592641218,-0.0889841012346213,-0.016976356990010433,0.14206857229824527,-0.11949410566590253,0.7612817991645622,0.10959517280767406,0.09032316714894496,1.2133672485924802,False,-0.9352648633298495,False,-0.02701143317182842,False,-1.3328613542583827,False,False,0,intentional_management,True
SIXH,ETC 6 Meridian Hedged Equity Index Option ETF,True,1,equity,2020-05-11,2026-08-28,0,1584,1583,6.297186116073568,0.9693876911904487,0.11362793755526224,0.10048795084122805,1.1241303542639751,-0.11681808104720148,0.0274008638076954,0.9726913551109418,4.146874286618306,1584,1583,6.297186116073568,1.875528763337285,0.18261905395869915,0.16966302376484216,1.0760946027793372,-0.24496388734674468,0.07612062704250705,0.745493778436832,2.3990744828825643,False,-0.06899111640343691,True,0.0480357514846379,True,0.2271975766741099,True,1.747799803735742,False,True,True,True,True,2022-03-01,first_usable_session_on_or_before_2022-03-01|at_least_1008_daily_returns|economic_qc_pass,etf_taxonomy_1.1,ETC 6 Meridian Hedged Equity Index Option ETF,alternatives,long_short_market_neutral,long_short_market_neutral,not_sector_specific,not_thematic,not_determined,index_passive_identified,high,high,asset:alternatives|exposure:long_short_market_neutral|management:index_provider_or_index_word|geography:not_determined|theme:not_thematic,True,SIXH,,etc6meridianhedgedequityindexoptionetf,1.6333813874012248,1.5562031122317503,0.09753862349479363,0.4782567375434547,0.046648503857099365,0.046648503857099365,0.0872587167540543,0.5108270826278617,0.04457411571332448,0.04457411571332448,0.6307825091535089,0.08075865653481062,0.03339936906386272,2.417969524525823,1.3811269019273982,0.14771346591279944,0.08468019293437708,1.7443685564966769,True,0.07717827516947451,True,0.0020743881437748843,True,0.6736009680291462,False,False,3,intentional_management,True
SMMU,Short Term Municipal Bond Active Exchange-Traded Fund,True,1,fixed_income,2010-02-03,2026-08-28,0,4168,4167,16.56433739228047,0.28268221359851786,0.01514298981166684,0.025119089080487135,0.6119431611491778,-0.050880707443069606,0.0097521684133103,0.2976175169853981,1.552781819374535,4168,4167,16.56433739228047,8.408484847356613,0.14491178915406877,0.17080721167529495,0.879474886986288,-0.33717243065613767,0.06293231838604907,0.4297854034864902,2.3026609041340045,False,-0.12976879934240193,False,-0.26753172583711016,False,-0.13216788650109207,False,-0.7498790847594694,False,True,True,True,True,2022-03-01,first_usable_session_on_or_before_2022-03-01|at_least_1008_daily_returns|economic_qc_pass,etf_taxonomy_1.1,Short Term Municipal Bond Active Exchange-Traded Fund,fixed_income,municipal_bonds,target_maturity,not_sector_specific,not_thematic,not_determined,active_identified,high,high,asset:fixed_income|exposure:municipal_bonds|management:active_word|geography:not_determined|theme:not_thematic,True,SMMU,,shorttermmunicipalbondactiveexchangetradedfund,0.8661696134728037,1.2414992770901703,0.059405302847229786,0.4032890872786473,0.02395751036477093,0.02395751036477093,0.07507918203768799,0.4406922613213346,0.03308681451034484,0.03308681451034484,-0.005046827569965884,-0.0003054051026353255,0.03473798290300022,-0.00879167634713035,6.297989905368237,0.12748857918423617,0.0673491362744606,1.89295047028808,False,-0.3753296636173665,False,-0.009129304145573912,False,-1.9017421466352102,False,False,0,intentional_management,True
STOT,State Street DoubleLine Short Duration Total Return Tactical ETF,True,1,fixed_income,2016-04-14,2026-08-28,0,2609,2608,10.371191742472467,0.28397521822859995,0.02439425177767207,0.021753062648770614,1.121239627942162,-0.06070319013244829,0.01565845569450366,0.40186111676250047,1.5578964013823404,2609,2608,10.371191742472467,3.375017756719312,0.1529324776540517,0.17765173135556303,0.8920291271516991,-0.33717243065613756,0.07033922379694837,0.4535734945957625,2.1742133250649633,False,-0.12853822587637964,True,0.2292105007904628,False,-0.051712377833262047,False,-0.6163169236826229,False,True,True,True,True,2022-03-01,first_usable_session_on_or_before_2022-03-01|at_least_1008_daily_returns|economic_qc_pass,etf_taxonomy_1.1,State Street DoubleLine Short Duration Total Return Tactical ETF,fixed_income,other_fixed_income,other_fixed_income,not_sector_specific,not_thematic,not_determined,active_identified,high,high,asset:fixed_income|exposure:other_fixed_income|management:discretionary_strategy|geography:not_determined|theme:not_thematic,True,STOT,,statestreetdoublelineshortdurationtotalreturntacticaletf,1.6124862546274483,1.2582170333315363,0.10496579303285547,0.4418487166636124,0.04637900094514554,0.04637900094514554,0.07812940187373085,0.4162012580390594,0.03251755534968603,0.03251755534968603,0.004491861242005291,0.00043223301386374757,0.0336684179577227,0.01283793656139415,2.422706035928626,0.12596376944916998,0.07651195590561585,1.646327922979217,True,0.354269221295912,True,0.013861445595459515,False,-1.6334899864178227,False,False,1,intentional_management,True
SURE,AdvisorShares Insider Advantage ETF,True,1,equity,2011-10-05,2026-08-28,0,3746,3745,14.89695202502447,5.561979838942921,0.13460782875876354,0.16710514844917573,0.8413839818165567,-0.3567806592182867,0.06978984977078899,0.3772845452264477,1.928759399839037,3746,3745,14.89695202502447,7.73020582466849,0.15656202264311836,0.16727218942767422,0.9557048916797178,-0.33717243065613756,0.06137354189768573,0.46433814988505634,2.5509693232976343,False,-0.021954193884354822,False,-0.11432090986316112,False,-0.08705360465860862,False,-0.6222099234585972,False,True,True,True,True,2022-03-01,first_usable_session_on_or_before_2022-03-01|at_least_1008_daily_returns|economic_qc_pass,etf_taxonomy_1.1,AdvisorShares Insider Advantage ETF,equity,other_equity,other_equity,not_sector_specific,not_thematic,not_determined,active_identified,medium,medium,asset:equity|exposure:other_equity|management:active_sponsor_advisorshares|geography:not_determined|theme:not_thematic,True,SURE,,advisorsharesinsideradvantageetf,1.2086669126968383,1.3591655825133806,0.06875801040869205,0.4798600481081409,0.03299422218253502,0.03299422218253502,0.08262023833277862,0.43897545304990626,0.03626825655322273,0.03626825655322273,4.102899104858448,0.1156146662353481,0.07738663698120253,1.4939874731012188,5.789011941723271,0.13720135025246316,0.06634889454103994,2.0678769586371573,False,-0.15049866981654225,False,-0.0032740343706877117,False,-0.5738894855359384,False,False,0,intentional_management,True
SWAN,Amplify BlackSwan Growth & Treasury Core ETF,True,1,fixed_income,2018-11-06,2026-08-28,0,1962,1961,7.808510783931224,0.685726854093559,0.0691621914818874,0.1243699361461995,0.6022984615651066,-0.31036820758518835,0.12880435283259536,0.222839162619142,0.5369553897900968,1962,1961,7.808510783931224,2.151687953530174,0.1583668813367809,0.19454429606790816,0.8559696750703533,-0.33717243065613767,0.07821115898002427,0.4696910747672901,2.024862991446387,False,-0.08920468985489349,False,-0.2536712135052467,False,-0.2468519121481481,False,-1.48790760165629,False,True,True,True,True,2022-03-01,first_usable_session_on_or_before_2022-03-01|at_least_1008_daily_returns|economic_qc_pass,etf_taxonomy_1.1,Amplify BlackSwan Growth & Treasury Core ETF,fixed_income,treasury_and_government,risk_managed_alternative,not_sector_specific,not_thematic,not_determined,systematic_or_rules_based,medium,medium,asset:fixed_income|exposure:treasury_and_government|management:rules_keyword|geography:not_determined|theme:not_thematic,True,SWAN,,amplifyblackswangrowthtreasurycoreetf,0.8323606061005344,1.2124095083177675,0.05000525921217014,0.45588553838061746,0.022796674517802516,0.022796674517802516,0.07242526005083391,0.4324531361769647,0.03132053084741536,0.03132053084741536,0.35663928183616855,0.03983421593319325,0.1623283533610243,0.24539284178285523,1.5364154764847648,0.12659194967260068,0.08519586174296974,1.4858931770010166,False,-0.3800489022172331,False,-0.008523856329612844,False,-1.2405003352181614,False,False,0,intentional_management,True
TAGG,T. Rowe Price QM U.S. Bond ETF,True,1,fixed_income,2021-09-29,2026-08-28,0,1234,1233,4.911805170537383,0.005181620646066198,0.0010527620808546967,0.06438559068545412,0.0485627545938109,-0.1725558490826955,0.08150468286258404,0.006100993309998851,0.01291658397873459,1234,1233,4.911805170537383,0.8931575498026534,0.13876147743567913,0.17268026721095855,0.8416847531907542,-0.24496388734674468,0.08514266540565751,0.5664568722297553,1.6297525661729964,False,-0.13770871535482443,False,-0.7931219985969433,False,-0.5603558789197565,False,-1.6168359821942617,False,True,True,True,True,2022-03-01,first_usable_session_on_or_before_2022-03-01|at_least_1008_daily_returns|economic_qc_pass,etf_taxonomy_1.1,T. Rowe Price QM U.S. Bond ETF,fixed_income,other_fixed_income,other_fixed_income,not_sector_specific,not_thematic,united_states,active_identified,medium,medium,asset:fixed_income|exposure:other_fixed_income|management:active_sponsor_t_rowe|geography:united_states|theme:not_thematic,True,TAGG,,trowepriceqmusbondetf,0.06921706353489376,1.2246661413041626,0.001374319144785232,0.5661730836331977,0.0007781025080991939,0.0007781025080991939,0.06720433154798551,0.5023499085348997,0.03376008980627959,0.03376008980627959,-0.16668645545872807,-0.03644324488981887,0.14605203354351762,-0.24952233807111115,0.569461474223079,0.09610737376275602,0.09495047033047595,1.0121842833242791,False,-1.1554490777692688,False,-0.0329819872981804,False,-1.2617066213953902,False,False,0,intentional_management,True
TBUX,T. Rowe Price Ultra Short-Term Bond ETF,True,1,fixed_income,2021-09-29,2026-08-28,0,1234,1233,4.911805170537383,0.21517809780893726,0.04047569619491176,0.010684712297819799,3.7335440427036755,-0.0178848750034567,0.0055553624856300755,2.2631243543546606,7.285878518208179,1234,1233,4.911805170537383,0.8931575498026534,0.13876147743567913,0.17268026721095855,0.8416847531907542,-0.24496388734674468,0.08514266540565751,0.5664568722297553,1.6297525661729964,False,-0.09828578124076737,True,2.8918592895129214,True,1.6966674821249055,True,5.6561259520351825,False,True,True,True,True,2022-03-01,first_usable_session_on_or_before_2022-03-01|at_least_1008_daily_returns|economic_qc_pass,etf_taxonomy_1.1,T. Rowe Price Ultra Short-Term Bond ETF,fixed_income,other_fixed_income,other_fixed_income,not_sector_specific,not_thematic,not_determined,active_identified,medium,medium,asset:fixed_income|exposure:other_fixed_income|management:active_sponsor_t_rowe|geography:not_determined|theme:not_thematic,True,TBUX,,trowepriceultrashorttermbondetf,6.204201796899658,1.2246661413041626,0.31543848887282067,0.5257827073053403,0.1658521026678571,0.1658521026678571,0.06720433154798551,0.5023499085348997,0.03376008980627959,0.03376008980627959,0.00740438059664883,0.0015030411709702207,0.012166844145407574,0.12353582843728214,0.569461474223079,0.09610737376275602,0.09495047033047595,1.0121842833242791,True,4.979535655595495,True,0.1320920128615775,False,-0.888648454886997,False,False,3,intentional_management,True
TCHP,T. Rowe Price Blue Chip Growth ETF,True,1,equity,2020-08-05,2026-08-28,0,1524,1523,6.061726113472556,1.0148084906027202,0.12250761787965092,0.23116833809108273,0.6169580269760571,-0.42339166954878193,0.1669736491738489,0.2893482009464429,0.7336943193479527,1524,1523,6.061726113472556,1.5214750224557725,0.16482524664168086,0.16759723502536467,0.9969623818379221,-0.24496388734674468,0.07743017281839894,0.6728552866585263,2.12869532176112,False,-0.042317628762029935,False,-0.380004354861865,False,-0.3835070857120834,False,-1.3950010024131672,False,True,True,True,True,2022-03-01,first_usable_session_on_or_before_2022-03-01|at_least_1008_daily_returns|economic_qc_pass,etf_taxonomy_1.1,T. Rowe Price Blue Chip Growth ETF,equity,sector_or_industry,factor_or_style,semiconductors,not_thematic,not_determined,active_identified,medium,medium,asset:equity|sector:semiconductors|management:active_sponsor_t_rowe|geography:not_determined|theme:not_thematic,True,TCHP,,trowepricebluechipgrowthetf,0.8813137233051502,1.4481969350802193,0.04358438287210687,0.5255655543610237,0.022906450345661952,0.022906450345661952,0.08058629738873307,0.5092746181083118,0.041040555827409876,0.041040555827409876,0.6687044529857475,0.08814263080362039,0.17718494797589993,0.49746116592030853,1.088335748875866,0.12916472736405837,0.08617403556537129,1.4988821924914322,False,-0.5668832117750691,False,-0.018134105481747924,False,-1.0014210265711236,False,False,0,intentional_management,True
TDVG,T. Rowe Price Dividend Growth ETF,True,1,equity,2020-08-05,2026-08-28,0,1524,1523,6.061726113472556,1.1246563760008716,0.13238121779446588,0.13742189455209144,0.9762691068825177,-0.19204354177914695,0.056370979420808244,0.6893291832052667,2.3483930766262318,1524,1523,6.061726113472556,1.5214750224557725,0.16482524664168086,0.16759723502536467,0.9969623818379221,-0.24496388734674468,0.07743017281839894,0.6728552866585263,2.12869532176112,False,-0.03244402884721498,False,-0.020693274955404406,True,0.016473896546740363,True,0.21969775486511178,False,True,True,True,True,2022-03-01,first_usable_session_on_or_before_2022-03-01|at_least_1008_daily_returns|economic_qc_pass,etf_taxonomy_1.1,T. Rowe Price Dividend Growth ETF,equity,factor_style_or_income,dividend_or_income,not_sector_specific,not_thematic,not_determined,active_identified,medium,medium,asset:equity|exposure:factor_style_or_income|management:active_sponsor_t_rowe|geography:not_determined|theme:not_thematic,True,TDVG,,trowepricedividendgrowthetf,1.4197776067069763,1.4481969350802193,0.07968519555790272,0.5133490921470899,0.04090632279721269,0.04090632279721269,0.08058629738873307,0.5092746181083118,0.041040555827409876,0.041040555827409876,0.7596826558124237,0.09771395559079976,0.06633818623538941,1.4729669461278145,1.088335748875866,0.12916472736405837,0.08617403556537129,1.4988821924914322,False,-0.028419328373243014,False,-0.00013423303019718946,False,-0.02591524636361764,False,False,2,intentional_management,True
TEQI,T. Rowe Price Equity Income ETF,True,1,equity,2020-08-05,2026-08-28,0,1524,1523,6.061726113472556,1.37853065624277,0.15366434733038248,0.149477880583469,1.0340638349303926,-0.17821317610370446,0.04936158258819913,0.8622502033237054,3.1130352649414244,1524,1523,6.061726113472556,1.5214750224557725,0.16482524664168086,0.16759723502536467,0.9969623818379221,-0.24496388734674468,0.07743017281839894,0.6728552866585263,2.12869532176112,False,-0.011160899311298378,True,0.03710145309247048,True,0.18939491666517905,True,0.9843399431803044,False,True,True,True,True,2022-03-01,first_usable_session_on_or_before_2022-03-01|at_least_1008_daily_returns|economic_qc_pass,etf_taxonomy_1.1,T. Rowe Price Equity Income ETF,equity,other_equity,dividend_or_income,not_sector_specific,not_thematic,not_determined,active_identified,medium,medium,asset:equity|exposure:other_equity|management:active_sponsor_t_rowe|geography:not_determined|theme:not_thematic,True,TEQI,,trowepriceequityincomeetf,1.5273082407203993,1.4481969350802193,0.0819399165370951,0.542659097665145,0.044465441170777324,0.044465441170777324,0.08058629738873307,0.5092746181083118,0.041040555827409876,0.041040555827409876,0.9699463825706311,0.1183455131820903,0.06185593762450205,1.9132441884643245,1.088335748875866,0.12916472736405837,0.08617403556537129,1.4988821924914322,True,0.07911130564017999,True,0.003424885343367448,True,0.41436199597289236,False,False,3,intentional_management,True
TGRW,T. Rowe Price Growth Stock ETF,True,1,equity,2020-08-05,2026-08-28,0,1524,1523,6.061726113472556,0.8940569588579146,0.1111210970418024,0.229243461272844,0.5755909567815254,-0.4332646482783331,0.17760303823127455,0.2564739530062402,0.6256711492575965,1524,1523,6.061726113472556,1.5214750224557725,0.16482524664168086,0.16759723502536467,0.9969623818379221,-0.24496388734674468,0.07743017281839894,0.6728552866585263,2.12869532176112,False,-0.05370414959987846,False,-0.4213714250563967,False,-0.41638133365228613,False,-1.5030241725035234,False,True,True,True,True,2022-03-01,first_usable_session_on_or_before_2022-03-01|at_least_1008_daily_returns|economic_qc_pass,etf_taxonomy_1.1,T. Rowe Price Growth Stock ETF,equity,factor_style_or_income,factor_or_style,not_sector_specific,not_thematic,not_determined,active_identified,medium,medium,asset:equity|exposure:factor_style_or_income|management:active_sponsor_t_rowe|geography:not_determined|theme:not_thematic,True,TGRW,,trowepricegrowthstocketf,0.8203094199584687,1.4481969350802193,0.04020781425004074,0.5220437694644486,0.020990238913017642,0.020990238913017642,0.08058629738873307,0.5092746181083118,0.041040555827409876,0.041040555827409876,0.5686956334541553,0.07710470238082623,0.18920462815501257,0.4075201707944241,1.088335748875866,0.12916472736405837,0.08617403556537129,1.4988821924914322,False,-0.6278875151217506,False,-0.020050316914392234,False,-1.0913620216970081,False,False,0,intentional_management,True
THRO,iShares U.S. Thematic Rotation Active ETF,True,1,equity,2021-12-16,2026-08-28,0,1179,1178,4.698248423992279,0.8078502409577419,0.13432058613233488,0.18600796033855221,0.7740062380794891,-0.26546000716792695,0.09305783639390913,0.5059917972780179,1.4434097260091305,1179,1178,4.698248423992279,0.7632809915504248,0.1283098358689665,0.17414151357014152,0.7837035278722421,-0.24496388734674457,0.08706706209784086,0.5237908218175231,1.4736897372829627,True,0.006010750263368392,False,-0.009697289792752972,False,-0.017799024539505215,False,-0.030280011273832175,False,True,True,True,True,2022-03-01,first_usable_session_on_or_before_2022-03-01|at_least_1008_daily_returns|economic_qc_pass,etf_taxonomy_1.1,iShares U.S. Thematic Rotation Active ETF,equity,thematic_equity,thematic_equity,not_sector_specific,other_thematic,united_states,active_identified,high,high,asset:equity|theme:other_thematic|management:active_word|geography:united_states|theme:other_thematic,True,THRO,,isharesusthematicrotationactiveetf,1.1224307635046138,1.1391131193785422,0.05909189664429414,0.5273244303399334,0.031160600735658624,0.031160600735658624,0.062207750645964385,0.49900647991552183,0.03104207067330522,0.03104207067330522,0.498997494718574,0.0899796588375168,0.10308100555501598,0.8729024164349388,0.46204244629174074,0.08420387058019307,0.09710497493064048,0.8671427044838607,False,-0.01668235587392841,True,0.0001185300623534058,True,0.005759711951078161,False,True,1,intentional_management,True
THY,Toews Agility Shares Dynamic Tactical Income ETF,True,1,equity,2020-06-25,2026-08-28,0,1552,1551,6.1739803007590845,0.13450287781207337,0.020650063630204052,0.04418579460223452,0.48612662405641677,-0.08556951998662499,0.0357443466240494,0.24132499087796422,0.5777155153343981,1552,1551,6.1739803007590845,1.7246033695341136,0.17626751356266857,0.16730710466485785,1.0571745950532425,-0.24496388734674468,0.07673665282808144,0.7195653019384164,2.297044594290204,False,-0.1556174499324645,False,-0.5710479709968257,False,-0.4782403110604522,False,-1.7193290789558056,False,True,True,True,True,2022-03-01,first_usable_session_on_or_before_2022-03-01|at_least_1008_daily_returns|economic_qc_pass,etf_taxonomy_1.1,Toews Agility Shares Dynamic Tactical Income ETF,equity,other_equity,dividend_or_income,not_sector_specific,not_thematic,not_determined,active_identified,high,high,asset:equity|exposure:other_equity|management:discretionary_strategy|geography:not_determined|theme:not_thematic,True,THY,,toewsagilitysharesdynamictacticalincomeetf,0.6937299271920649,1.5372639459246733,0.0448595887486925,0.4245723655483834,0.01904614171256002,0.01904614171256002,0.08555931206085994,0.513170622897769,0.0439065254649761,0.0439065254649761,-0.060480552509755814,-0.010053905910048622,0.07745923860464228,-0.12979608489781969,1.256334384370573,0.14088214183285053,0.08540046561424472,1.6496647977215655,False,-0.8435340187326084,False,-0.02486038375241608,False,-1.7794608826193852,False,False,0,intentional_management,True
TOTL,State Street DoubleLine Total Return Tactical ETF,True,1,unknown,2015-02-24,2026-08-28,0,2896,2895,11.507423150372697,0.20604241293104364,0.016413543092371752,0.04553144513225869,0.3809764268071157,-0.16474946854367378,0.050521321771713375,0.09962729007541928,0.3248834851656951,2896,2895,11.507423150372697,3.4078051036993084,0.13758328201593972,0.1760993035160438,0.8216875836233662,-0.33717243065613756,0.068486343814895,0.4080502126114008,2.00891556406924,False,-0.12116973892356797,False,-0.44071115681625056,False,-0.3084229225359815,False,-1.6840320789035452,False,True,True,True,True,2022-03-01,first_usable_session_on_or_before_2022-03-01|at_least_1008_daily_returns|economic_qc_pass,etf_taxonomy_1.1,State Street DoubleLine Total Return Tactical ETF,equity,other_equity,other_equity,not_sector_specific,not_thematic,not_determined,active_identified,high,high,asset:name_inferred_equity|exposure:other_equity|management:discretionary_strategy|geography:not_determined|theme:not_thematic,True,TOTL,,statestreetdoublelinetotalreturntacticaletf,0.5289173933475644,1.1580130383631855,0.03377272547026551,0.4449450128134163,0.015027005767111279,0.015027005767111279,0.0705318588417649,0.42631662038278867,0.03006890369073712,0.03006890369073712,-0.05858238524193082,-0.005232306745342363,0.08949755292004834,-0.058463126360746284,2.440662884283077,0.11335696481684554,0.07423645271173603,1.5269717325667012,False,-0.6290956450156211,False,-0.015041897923625843,False,-1.5854348589274474,False,False,0,intentional_management,True
TOTR,T. Rowe Price Total Return ETF,True,1,unknown,2021-09-29,2026-08-28,0,1234,1233,4.911805170537383,-0.018084689909958485,-0.003708688119156256,0.06131567738049369,-0.030202504315313915,-0.19625164765797287,0.1028628851273987,-0.018897615196687433,-0.036054677200264576,1234,1233,4.911805170537383,0.8931575498026534,0.13876147743567913,0.17268026721095855,0.8416847531907542,-0.24496388734674468,0.08514266540565751,0.5664568722297553,1.6297525661729964,False,-0.14247016555483538,False,-0.8718872575060681,False,-0.5853544874264427,False,-1.665807243373261,False,True,True,True,True,2022-03-01,first_usable_session_on_or_before_2022-03-01|at_least_1008_daily_returns|economic_qc_pass,etf_taxonomy_1.1,T. Rowe Price Total Return ETF,equity,other_equity,other_equity,not_sector_specific,not_thematic,not_determined,active_identified,medium,medium,asset:name_inferred_equity|exposure:other_equity|management:active_sponsor_t_rowe|geography:not_determined|theme:not_thematic,True,TOTR,,trowepricetotalreturnetf,-0.0427217216725157,1.2246661413041626,-0.005001465475758171,0.5876108373620866,-0.002938915316247826,0.002938915316247826,0.06720433154798551,0.5023499085348997,0.03376008980627959,0.03376008980627959,-0.1859746431052326,-0.04102634747754308,0.1681796196447313,-0.24394363338559463,0.569461474223079,0.09610737376275602,0.09495047033047595,1.0121842833242791,False,-1.2673878629766784,False,-0.03669900512252742,False,-1.2561279167098738,False,False,0,intentional_management,True
TSPA,T. Rowe Price U.S. Equity Research ETF,True,1,equity,2021-06-14,2026-08-28,0,1309,1308,5.204761220285153,0.9910915574359762,0.1414711210150299,0.1691655404153081,0.8690027316943749,-0.24716921528294744,0.0832756834928248,0.5723654576201189,1.698828698622682,1309,1308,5.204761220285153,0.9466132430882206,0.13652715433642615,0.16960147332942116,0.8414013599784824,-0.24496388734674468,0.08280055960770209,0.5573358416833617,1.6488675316117842,True,0.004943966678603751,True,0.027601371715892498,True,0.015029615936757224,True,0.0499611670108977,True,True,True,True,True,2022-03-01,first_usable_session_on_or_before_2022-03-01|at_least_1008_daily_returns|economic_qc_pass,etf_taxonomy_1.1,T. Rowe Price U.S. Equity Research ETF,equity,other_equity,other_equity,not_sector_specific,not_thematic,united_states,active_identified,medium,medium,asset:equity|exposure:other_equity|management:active_sponsor_t_rowe|geography:united_states|theme:not_thematic,True,TSPA,,trowepriceusequityresearchetf,1.2583228923726992,1.2227757713163094,0.06880797319086882,0.5153049808671005,0.03545709130862462,0.03545709130862462,0.0673865595935677,0.5011876649882635,0.03377331245429266,0.03377331245429266,0.6502049035187059,0.10102184876608966,0.09182948430114662,1.100102538252284,0.6133415397206938,0.09625307693078144,0.09230993558573257,1.0427163264715604,True,0.0355471210563898,True,0.0016837788543319632,True,0.05738621178072356,True,True,4,intentional_management,True
VEGA,AdvisorShares STAR Global Buy-Write ETF,True,1,equity,2012-09-18,2026-08-28,0,3506,3505,13.94142247958548,1.321251333200419,0.06226475604629278,0.11907393730536005,0.5681761880189028,-0.2837301690021683,0.05892900312198182,0.2194506007777303,1.0566063016101939,3506,3505,13.94142247958548,5.705697661181374,0.14625104584531434,0.16705433613376539,0.9029427498999659,-0.33717243065613767,0.06278397954144951,0.43375742661020583,2.329432554506369,False,-0.08398628979902156,False,-0.33476656188106313,False,-0.21430682583247554,False,-1.2728262528961751,False,True,True,True,True,2022-03-01,first_usable_session_on_or_before_2022-03-01|at_least_1008_daily_returns|economic_qc_pass,etf_taxonomy_1.1,AdvisorShares STAR Global Buy-Write ETF,equity,other_equity,other_equity,not_sector_specific,not_thematic,global,active_identified,medium,medium,asset:equity|exposure:other_equity|management:active_sponsor_advisorshares|geography:global|theme:not_thematic,True,VEGA,,advisorsharesstarglobalbuywriteetf,0.7945454357340684,1.2756616284477063,0.049011536345261286,0.42542102349656574,0.020850537955140188,0.020850537955140188,0.07808228080879147,0.43383699373278356,0.03387498196988511,0.03387498196988511,0.8071940141901426,0.04336104222181625,0.0673677299798527,0.6436470730835668,4.220674082520601,0.12585273966191468,0.0679707290261784,1.851572602869148,False,-0.4811161927136378,False,-0.01302444401474492,False,-1.207925529785581,False,False,0,intentional_management,True
VICE,AdvisorShares Vice ETF,True,1,equity,2017-12-13,2026-08-26,0,2160,2159,8.701068468209478,0.45356350545973534,0.04392256023926211,0.19179241193905192,0.3239876771388214,-0.3826561266564994,0.15109702268260347,0.11478337122951716,0.2906911033682408,2160,2159,8.701068468209478,2.288038324389858,0.14659682476266833,0.19124485687266415,0.8225099665042741,-0.33717243065613767,0.07712646805294866,0.4347829520859427,1.9007330228324089,False,-0.10267426452340622,False,-0.49852228936545273,False,-0.31999958085642555,False,-1.6100419194641682,False,True,True,True,True,2022-03-01,first_usable_session_on_or_before_2022-03-01|at_least_1008_daily_returns|economic_qc_pass,etf_taxonomy_1.1,AdvisorShares Vice ETF,equity,other_equity,other_equity,not_sector_specific,not_thematic,not_determined,active_identified,medium,medium,asset:equity|exposure:other_equity|management:active_sponsor_advisorshares|geography:not_determined|theme:not_thematic,True,VICE,,advisorsharesviceetf,0.44631153006473595,1.1591426411000516,0.02064403154810752,0.4787566264162254,0.009883466899602084,0.009883466899602084,0.0692927538940235,0.43355864229997265,0.030042472299518976,0.030042472299518976,0.1515999095990923,0.0163546961716472,0.18738354147713873,0.08727925645296075,1.604980534323548,0.1163175429372314,0.08390998868844178,1.3862180743358103,False,-0.7128311110353156,False,-0.020159005399916892,False,-1.2989388178828496,False,False,0,intentional_management,True
WTMF,WisdomTree Managed Futures Strategy Fund,True,1,alternatives,2011-01-05,2026-08-28,0,3935,3934,15.644400637932332,0.21481452943565738,0.012516085203134297,0.07526297861062127,0.20326982682185685,-0.3079180979602443,0.19086119533085308,0.04064744906533641,0.06557689833932968,3935,3934,15.644400637932332,6.9398282915711205,0.14160666656434118,0.17030666125070973,0.8648659232904159,-0.33717243065613767,0.06272733149442812,0.41998293362471706,2.257495467935212,False,-0.12909058136120688,False,-0.661596096468559,False,-0.37933548455938065,False,-2.1919185695958823,False,True,True,True,True,2022-03-01,first_usable_session_on_or_before_2022-03-01|at_least_1008_daily_returns|economic_qc_pass,etf_taxonomy_1.1,WisdomTree Managed Futures Strategy Fund,alternatives,managed_futures,managed_futures,not_sector_specific,other_thematic,not_determined,active_identified,high,high,asset:alternatives|exposure:managed_futures|management:managed_strategy|geography:not_determined|theme:other_thematic,True,WTMF,,wisdomtreemanagedfuturesstrategyfund,0.2835554988499968,1.2190181164049543,0.014393066707647912,0.5249641444604448,0.007555843950342497,0.007555843950342497,0.07388723976181176,0.4386616155078154,0.03241149595932964,0.03241149595932964,-0.0560841202587844,-0.0036825882309589053,0.2282474111781859,-0.01613419495953897,5.169279198787764,0.12334274577127124,0.06739384126578461,1.8301782990056616,False,-0.9354626175549574,False,-0.024855652008987143,False,-1.8463124939652007,False,False,0,intentional_management,True
YLD,Principal Active High Yield ETF,True,1,fixed_income,2015-07-13,2026-08-28,0,2800,2799,11.126854076401294,0.7726356287540732,0.05279567964428855,0.08229524953321007,0.6676531611497668,-0.28338885276769965,0.04547869415765042,0.18630118696858688,1.1608882053929261,2800,2799,11.126854076401294,3.409444122698633,0.14264807317066874,0.17785820515642312,0.8404187683295602,-0.33717243065613767,0.06958963260325955,0.4230715805947584,2.049846619882674,False,-0.08985239352638019,False,-0.1727656071797934,False,-0.23677039362617153,False,-0.888958414489748,False,True,True,True,True,2022-03-01,first_usable_session_on_or_before_2022-03-01|at_least_1008_daily_returns|economic_qc_pass,etf_taxonomy_1.1,Principal Active High Yield ETF,fixed_income,high_yield_bonds,high_yield_bonds,not_sector_specific,not_thematic,not_determined,active_identified,high,high,asset:fixed_income|exposure:high_yield_bonds|management:active_word|geography:not_determined|theme:not_thematic,True,YLD,,principalactivehighyieldetf,0.9217919339278472,1.1847452712318087,0.06511100693273728,0.3644607157796659,0.023730404191840214,0.023730404191840214,0.07238860308219855,0.4246017076218293,0.03073632448106032,0.03073632448106032,0.3843433341346443,0.0296602747907726,0.051622936311492326,0.5745561355092778,2.443564193047088,0.11753814321082579,0.07544171032137531,1.557999450305716,False,-0.26295333730396153,False,-0.007005920289220105,False,-0.9834433147964382,False,False,0,intentional_management,True
YOLO,AdvisorShares Pure Cannabis ETF,True,1,equity,2019-04-18,2026-08-28,0,1851,1850,7.362231941792097,-0.8593207062228199,-0.2338646710306026,0.5112808764972568,-0.27299884588580164,-0.9468044607758386,0.7409942578379952,-0.24700419222673203,-0.31560928921764037,1851,1850,7.362231941792097,1.9593756719192896,0.15878360964839566,0.1954007708539609,0.8545055492594759,-0.33717243065613767,0.07948613983510276,0.47092702490355665,1.9976263783572674,False,-0.39264828067899826,False,-1.1275043951452774,False,-0.7179312171302887,False,-2.313235667574908,False,True,True,True,True,2022-03-01,first_usable_session_on_or_before_2022-03-01|at_least_1008_daily_returns|economic_qc_pass,etf_taxonomy_1.1,AdvisorShares Pure Cannabis ETF,equity,other_equity,other_equity,not_sector_specific,not_thematic,not_determined,active_identified,medium,medium,asset:equity|exposure:other_equity|management:active_sponsor_advisorshares|geography:not_determined|theme:not_thematic,True,YOLO,,advisorsharespurecannabisetf,-0.41768284224703933,1.2083746483554816,-0.047625330988587726,0.49423252326597183,-0.023537987505866793,0.023537987505866793,0.07233271793226757,0.431206543817664,0.031190341304511066,0.031190341304511066,-0.8855737748156067,-0.25506040521840156,0.7483369576190986,-0.3408363072564253,1.4071075276835194,0.1267249531127086,0.08668468917333769,1.46190699097167,False,-1.626057490602521,False,-0.054728328810377855,False,-1.8027432982280953,False,False,0,intentional_management,True
