request_symbol,name,previous_management_style,management_evidence_version,matched_catalog_series_ids,management_style,management_confidence,management_source,evidence,source_url,source_zip,ncen_accession_number,ncen_series_id,ncen_fund_name,ncen_is_etf,ncen_is_index,ncen_match_route,identity_name_similarity,review_note,changed_from_previous
AAA,Alternative Access First Priority CLO Bond ETF,not_determined,management_style_evidence_1.1,S000076539,non_index_management_identified,high,sec_ncen_c3,SEC N-CEN C.3 does not identify the series as an index fund; the filing alone does not distinguish discretionary from rules-based management,https://www.sec.gov/Archives/edgar/data/1587982/000119312526268843/0001193125-26-268843-index.html,2026q2_ncen.zip,0001193125-26-268843,S000076539,Alternative Access First Priority CLO Bond ETF,Y,,series_id,1.0,,True
AAAU,Goldman Sachs Physical Gold ETF Shares,not_determined,management_style_evidence_1.1,,static_exposure_or_trust,high,primary_source_override,SEC annual report states the trust is not managed like an active investment vehicle and holds physical gold,https://www.sec.gov/Archives/edgar/data/1708646/000119312526067559/d56933d10k.htm,,,,,,,manual_ticker_override,,,True
AADR,AdvisorShares Dorsey Wright ADR ETF,active_identified,management_style_evidence_1.1,,active_identified,high,primary_source_override,Issuer includes AADR in its official actively managed ETF lineup,https://insights.advisorshares.com/etf-fact-sheets,,,,,,,manual_ticker_override,,,False
AAVM,Alpha Architect Global Factor Equity ETF,systematic_or_rules_based,management_style_evidence_1.1,,active_identified,high,primary_source_override,Issuer identifies an active approach with portfolio rebalancing to maintain factor exposure,https://funds.alphaarchitect.com/aavm/,,,,,,,manual_ticker_override,,,True
AAXJ,iShares MSCI All Country Asia ex Japan ETF,index_passive_identified,management_style_evidence_1.1,S000022496,index_passive_identified,high,sec_ncen_c3,SEC N-CEN C.3 identifies the series as an index fund,https://www.sec.gov/Archives/edgar/data/1100663/000141036825014340/0001410368-25-014340-index.html,2025q4_ncen.zip,0001410368-25-014340,S000022496,iShares MSCI All Country Asia ex Japan ETF,Y,Y,series_id,1.0,,False
ABEQ,Absolute Select Value ETF,systematic_or_rules_based,management_style_evidence_1.1,S000067086,active_identified,high,primary_source_override,Issuer describes ABEQ as an actively managed value ETF,https://absoluteadvisers.com/funds/,,,,,,,manual_ticker_override,,,True
ABFL,Abacus FCF Leaders ETF,not_determined,management_style_evidence_1.1,,systematic_or_rules_based,high,primary_source_override,Issuer describes the FCF Leaders strategy and its quantitative free-cash-flow model,https://abacusfcf.com/abfl/,,,,,,,manual_ticker_override,,,True
ABLD,Abacus FCF Real Assets Leaders ETF,not_determined,management_style_evidence_1.1,,index_passive_identified,high,primary_source_override,Issuer classifies the product in its index ETF range,https://abacusfcf.com/strategies/,,,,,,,manual_ticker_override,,,True
ABLG,Abacus FCF International Leaders ETF,not_determined,management_style_evidence_1.1,,active_identified,high,primary_source_override,Issuer classifies the product in its active ETF range,https://abacusfcf.com/strategies/,,,,,,,manual_ticker_override,,,True
ABOT,Abacus FCF Innovation Leaders ETF,not_determined,management_style_evidence_1.1,,index_passive_identified,high,primary_source_override,Issuer classifies the product in its index ETF range,https://abacusfcf.com/strategies/,,,,,,,manual_ticker_override,,,True
ABXB,Abacus Flexible Bond Leaders ETF,not_determined,management_style_evidence_1.1,,index_passive_identified,high,primary_source_override,Cboe listing states that the fund seeks to track its designated bond index,https://www.cboe.com/us/equities/listings/listed_products/symbols/ABXB/,,,,,,,manual_ticker_override,,,True
ACES,ALPS Clean Energy ETF,not_determined,management_style_evidence_1.1,S000062205,index_passive_identified,high,sec_ncen_c3,SEC N-CEN C.3 identifies the series as an index fund,https://www.sec.gov/Archives/edgar/data/1414040/000104916926000159/0001049169-26-000159-index.html,2026q1_ncen.zip,0001049169-26-000159,S000062205,ALPS Clean Energy ETF,Y,Y,series_id,1.0,,True
ACGR,American Century Large Cap Growth ETF,systematic_or_rules_based,management_style_evidence_1.1,,active_identified,high,primary_source_override,Issuer states that the ETF is actively managed and does not seek to replicate a specified index,https://www.americancentury.com/invest/funds/american-century-large-cap-growth-etf/,,,,,,,manual_ticker_override,,,True
ACIM,SPDR(R) MSCI ACWI IMI ETF,index_passive_identified,management_style_evidence_1.1,S000036082,index_passive_identified,high,sec_ncen_c3,SEC N-CEN C.3 identifies the series as an index fund,https://www.sec.gov/Archives/edgar/data/1168164/000141036825034454/0001410368-25-034454-index.html,2025q4_ncen.zip,0001410368-25-034454,S000036082,SPDR(R) Portfolio MSCI Global Stock Market ETF,Y,Y,series_id,0.5263157894736842,,False
ACLC,American Century Large Cap Equity ETF,not_determined,management_style_evidence_1.1,,active_identified,high,primary_source_override,Issuer product page identifies the ETF as actively managed,https://www.americancentury.com/invest/funds/american-century-large-cap-equity-etf/,,,,,,,manual_ticker_override,,,True
ACSI,American Customer Satisfaction ETF,not_determined,management_style_evidence_1.1,S000055313|S000071844,index_passive_identified,high,primary_source_override,Issuer states that the ETF seeks to track the American Customer Satisfaction Investable Index,https://www.acsietf.com/,,,,,,,manual_ticker_override,,N-CEN bulk rows for this series omit the ETF and index boolean fields; issuer evidence controls.,True
ACVF,American Conservative Values ETF,not_determined,management_style_evidence_1.1,S000066215,non_index_management_identified,high,sec_ncen_c3,SEC N-CEN C.3 does not identify the series as an index fund; the filing alone does not distinguish discretionary from rules-based management,https://www.sec.gov/Archives/edgar/data/1771146/000100472625001072/0001004726-25-001072-index.html,2025q4_ncen.zip,0001004726-25-001072,S000066215,American Conservative Values ETF,Y,,series_id,1.0,,True
ACWEF,SSgA SPDR ETFs Europe I Public Limited Company - SPDR MSCI ACWI UCITS ETF,index_passive_identified,management_style_evidence_1.1,,index_passive_identified,high,primary_source_override,Issuer fact sheet identifies the MSCI ACWI benchmark and an index-tracking UCITS fund,https://www.ssga.com/library-content/products/factsheets/etfs/emea/factsheet-emea-en_gb-spyy-gy.pdf,,,,,,,manual_ticker_override,,Foreign OTC ticker for a UCITS share class; management classification follows the legal fund.,False
ACWF,iShares Edge MSCI Multifactor Global ETF,systematic_or_rules_based,management_style_evidence_1.1,S000048622,index_passive_identified,high,sec_ncen_c3,SEC N-CEN C.3 identifies the series as an index fund,https://www.sec.gov/Archives/edgar/data/1100663/000141036825014340/0001410368-25-014340-index.html,2025q4_ncen.zip,0001410368-25-014340,S000048622,iShares Global Equity Factor ETF,Y,Y,series_id,0.39215686274509803,,True
ACWI,iShares MSCI ACWI ETF,index_passive_identified,management_style_evidence_1.1,S000021461,index_passive_identified,high,sec_ncen_c3,SEC N-CEN C.3 identifies the series as an index fund,https://www.sec.gov/Archives/edgar/data/1100663/000141036825014340/0001410368-25-014340-index.html,2025q4_ncen.zip,0001410368-25-014340,S000021461,iShares MSCI ACWI ETF,Y,Y,series_id,1.0,,False
ACWV,iShares MSCI Global Min Vol Factor ETF,systematic_or_rules_based,management_style_evidence_1.1,S000032498,index_passive_identified,high,sec_ncen_c3,SEC N-CEN C.3 identifies the series as an index fund,https://www.sec.gov/Archives/edgar/data/930667/000141036825023226/0001410368-25-023226-index.html,2025q4_ncen.zip,0001410368-25-023226,S000032498,iShares MSCI Global Min Vol Factor ETF,Y,Y,series_id,1.0,,True
ACWX,iShares MSCI ACWI ex U.S. ETF,index_passive_identified,management_style_evidence_1.1,S000021460,index_passive_identified,high,sec_ncen_c3,SEC N-CEN C.3 identifies the series as an index fund,https://www.sec.gov/Archives/edgar/data/1100663/000141036825014340/0001410368-25-014340-index.html,2025q4_ncen.zip,0001410368-25-014340,S000021460,iShares MSCI ACWI ex U.S. ETF,Y,Y,series_id,1.0,,False
ADIV,Guinness Atkinson Asia Pacific Dividend Builder ETF,systematic_or_rules_based,management_style_evidence_1.1,S000069134,active_identified,high,primary_source_override,Issuer states that its ETFs use actively managed high-conviction portfolios,https://www.gafunds.com/,,,,,,,manual_ticker_override,,,True
ADME,Aptus Drawdown Managed Equity ETF,not_determined,management_style_evidence_1.1,,non_index_management_identified,high,sec_ncen_c3,SEC N-CEN C.3 does not identify the series as an index fund; the filing alone does not distinguish discretionary from rules-based management,https://www.sec.gov/Archives/edgar/data/1540305/000114554925046410/0001145549-25-046410-index.html,2025q3_ncen.zip,0001145549-25-046410,S000054088,Aptus Drawdown Managed Equity ETF,Y,,ticker,1.0,,True
AESR,Anfield U.S. Equity Sector Rotation ETF,systematic_or_rules_based,management_style_evidence_1.1,,active_identified,high,primary_source_override,SEC prospectus states that AESR is actively managed,https://www.sec.gov/Archives/edgar/data/1552947/000158064226001279/aesr-485b.htm,,,,,,,manual_ticker_override,,,True
AFGR,First Trust Multi-Manager Large Growth ETF,systematic_or_rules_based,management_style_evidence_1.1,,active_identified,high,primary_source_override,SEC prospectus identifies an active multi-factor methodology and documents the 2026 strategy change,https://www.sec.gov/Archives/edgar/data/1667919/000144554626004194/etf8_497k.htm,,,,,,,manual_ticker_override,,The current name and process changed in June 2026; the preceding multi-manager mandate was also active.,True
AFIF,Anfield Universal Fixed Income ETF,not_determined,management_style_evidence_1.1,,non_index_management_identified,high,sec_ncen_c3,SEC N-CEN C.3 does not identify the series as an index fund; the filing alone does not distinguish discretionary from rules-based management,https://www.sec.gov/Archives/edgar/data/1552947/000091047225002426/0000910472-25-002426-index.html,2025q4_ncen.zip,0000910472-25-002426,S000062994,Anfield Universal Fixed Income ETF,Y,,ticker,1.0,,True
AFK,VanEck Africa Index ETF,index_passive_identified,management_style_evidence_1.1,S000022901,index_passive_identified,high,sec_ncen_c3,SEC N-CEN C.3 identifies the series as an index fund,https://www.sec.gov/Archives/edgar/data/1137360/000141036826024760/0001410368-26-024760-index.html,2026q1_ncen.zip,0001410368-26-024760,S000022901,VanEck Africa Index ETF,Y,Y,series_id,1.0,,False
AFLG,First Trust Active Factor Large Cap ETF,active_identified,management_style_evidence_1.1,S000066788,active_identified,medium,sec_ncen_c3,SEC N-CEN C.3 does not identify the series as an index fund; classification refined by transparent product-name evidence (strategy_name_identifies_active_management),https://www.sec.gov/Archives/edgar/data/1667919/000094040025005820/0000940400-25-005820-index.html,2025q4_ncen.zip,0000940400-25-005820,S000066788,First Trust Active Factor Large Cap ETF,Y,,series_id,1.0,,False
AFMC,First Trust Active Factor Mid Cap ETF,active_identified,management_style_evidence_1.1,S000066789,active_identified,medium,sec_ncen_c3,SEC N-CEN C.3 does not identify the series as an index fund; classification refined by transparent product-name evidence (strategy_name_identifies_active_management),https://www.sec.gov/Archives/edgar/data/1667919/000094040025005820/0000940400-25-005820-index.html,2025q4_ncen.zip,0000940400-25-005820,S000066789,First Trust Active Factor Mid Cap ETF,Y,,series_id,1.0,,False
AFSM,First Trust Active Factor Small Cap ETF,active_identified,management_style_evidence_1.1,S000066790,active_identified,medium,sec_ncen_c3,SEC N-CEN C.3 does not identify the series as an index fund; classification refined by transparent product-name evidence (strategy_name_identifies_active_management),https://www.sec.gov/Archives/edgar/data/1667919/000094040025005820/0000940400-25-005820-index.html,2025q4_ncen.zip,0000940400-25-005820,S000066790,First Trust Active Factor Small Cap ETF,Y,,series_id,1.0,,False
AGG,iShares Core U.S. Aggregate Bond ETF,not_determined,management_style_evidence_1.1,S000004362,index_passive_identified,high,sec_ncen_c3,SEC N-CEN C.3 identifies the series as an index fund,https://www.sec.gov/Archives/edgar/data/1100663/000141036826044733/0001410368-26-044733-index.html,2026q2_ncen.zip,0001410368-26-044733,S000004362,iShares Core U.S. Aggregate Bond ETF,Y,Y,series_id,1.0,,True
AGGH,Simplify Aggregate Bond ETF,not_determined,management_style_evidence_1.1,S000075089,non_index_management_identified,high,sec_ncen_c3,SEC N-CEN C.3 does not identify the series as an index fund; the filing alone does not distinguish discretionary from rules-based management,https://www.sec.gov/Archives/edgar/data/1810747/000175272425213393/0001752724-25-213393-index.html,2025q3_ncen.zip,0001752724-25-213393,S000075089,Simplify Aggregate Bond ETF,Y,,series_id,1.0,,True
AGGY,WisdomTree Yield Enhanced U.S. Aggregate Bond Fund,not_determined,management_style_evidence_1.1,S000049575,index_passive_identified,high,sec_ncen_c3,SEC N-CEN C.3 identifies the series as an index fund,https://www.sec.gov/Archives/edgar/data/1350487/000094040025005898/0000940400-25-005898-index.html,2025q4_ncen.zip,0000940400-25-005898,S000049575,WisdomTree Yield Enhanced U.S. Aggregate Bond Fund,Y,Y,series_id,1.0,,True
AGNG,Global X Aging Population ETF,not_determined,management_style_evidence_1.1,,index_passive_identified,high,sec_ncen_c3,SEC N-CEN C.3 identifies the series as an index fund,https://www.sec.gov/Archives/edgar/data/1432353/000204825126001908/0002048251-26-001908-index.html,2026q1_ncen.zip,0002048251-26-001908,S000054162,Global X Aging Population ETF,Y,Y,ticker,1.0,,True
AGOX,Adaptive Alpha Opportunities ETF,not_determined,management_style_evidence_1.1,S000070423,non_index_management_identified,high,sec_ncen_c3,SEC N-CEN C.3 does not identify the series as an index fund; the filing alone does not distinguish discretionary from rules-based management,https://www.sec.gov/Archives/edgar/data/1464413/000138713125000201/0001387131-25-000201-index.html,2025q3_ncen.zip,0001387131-25-000201,S000070423,Adaptive Alpha Opportunities ETF,Y,,series_id,1.0,,True
AGZ,iShares  Agency Bond ETF,not_determined,management_style_evidence_1.1,S000023506,index_passive_identified,high,sec_ncen_c3,SEC N-CEN C.3 identifies the series as an index fund,https://www.sec.gov/Archives/edgar/data/1100663/000141036826044733/0001410368-26-044733-index.html,2026q2_ncen.zip,0001410368-26-044733,S000023506,iShares Agency Bond ETF,Y,Y,series_id,1.0,,True
AGZD,WisdomTree Interest Rate Hedged U.S. Aggregate Bond Fund,not_determined,management_style_evidence_1.1,S000043384,index_passive_identified,high,sec_ncen_c3,SEC N-CEN C.3 identifies the series as an index fund,https://www.sec.gov/Archives/edgar/data/1350487/000094040025005898/0000940400-25-005898-index.html,2025q4_ncen.zip,0000940400-25-005898,S000043384,WisdomTree Interest Rate Hedged U.S. Aggregate Bond Fund,Y,Y,series_id,1.0,,True
AHYB,American Century Select High Yield ETF,not_determined,management_style_evidence_1.1,S000074150,non_index_management_identified,high,sec_ncen_c3,SEC N-CEN C.3 does not identify the series as an index fund; the filing alone does not distinguish discretionary from rules-based management,https://www.sec.gov/Archives/edgar/data/1710607/000114554924068816/0001145549-24-068816-index.html,2024q4_ncen.zip,0001145549-24-068816,S000074150,American Century Select High Yield ETF,Y,,series_id,1.0,,True
AIA,iShares Asia 50 ETF,not_determined,management_style_evidence_1.1,S000017778,index_passive_identified,high,sec_ncen_c3,SEC N-CEN C.3 identifies the series as an index fund,https://www.sec.gov/Archives/edgar/data/1100663/000100472626004646/0001004726-26-004646-index.html,2026q2_ncen.zip,0001004726-26-004646,S000017778,iShares Asia 50 ETF,Y,Y,series_id,1.0,,True
AIEQ,Amplify AI Powered Equity ETF,not_determined,management_style_evidence_1.1,S000058619,index_passive_identified,high,sec_ncen_c3,SEC N-CEN C.3 identifies the series as an index fund,https://www.sec.gov/Archives/edgar/data/1633061/000114554924078539/0001145549-24-078539-index.html,2024q4_ncen.zip,0001145549-24-078539,S000082276,Amplify AI Powered Equity ETF,Y,Y,ticker,1.0,,True
AIQ,Global X Artificial Intelligence & Technology ETF,not_determined,management_style_evidence_1.1,S000061326,index_passive_identified,high,sec_ncen_c3,SEC N-CEN C.3 identifies the series as an index fund,https://www.sec.gov/Archives/edgar/data/1432353/000204825126001908/0002048251-26-001908-index.html,2026q1_ncen.zip,0002048251-26-001908,S000061326,Global X Artificial Intelligence & Technology ETF,Y,Y,series_id,1.0,,True
AIRR,First Trust RBA American Industrial Renaissance ETF,not_determined,management_style_evidence_1.1,S000044209,index_passive_identified,high,sec_ncen_c3,SEC N-CEN C.3 identifies the series as an index fund,https://www.sec.gov/Archives/edgar/data/1552740/000175272424283605/0001752724-24-283605-index.html,2024q4_ncen.zip,0001752724-24-283605,S000044209,First Trust RBA American Industrial Renaissance ETF,Y,Y,series_id,1.0,,True
AIVC,Amplify Bloomberg AI Equal Weight ETF,systematic_or_rules_based,management_style_evidence_1.1,S000082270,index_passive_identified,high,sec_ncen_c3,SEC N-CEN C.3 identifies the series as an index fund,https://www.sec.gov/Archives/edgar/data/1633061/000114554924078539/0001145549-24-078539-index.html,2024q4_ncen.zip,0001145549-24-078539,S000082270,Amplify Global Cloud Technology ETF,Y,Y,series_id,0.5396825396825397,,True
AIVI,WisdomTree International AI Enhanced Value Fund,systematic_or_rules_based,management_style_evidence_1.1,S000012389,mixed_or_changed_mandate,high,primary_source_override,Issuer documents active management after an index-tracking mandate that ended January 18 2022,https://www.wisdomtree.com/us/bannerads/aivi-aivl,,,,,,,manual_ticker_override,,History spans an index mandate before January 18 2022 and an active mandate afterward; exclude from whole-history active attribution.,True
AIVL,WisdomTree U.S. AI Enhanced Value Fund,systematic_or_rules_based,management_style_evidence_1.1,S000012387,mixed_or_changed_mandate,high,primary_source_override,Issuer documents active management after an index-tracking mandate that ended January 18 2022,https://www.wisdomtree.com/us/products/equity/aivl,,,,,,,manual_ticker_override,,History spans an index mandate before January 18 2022 and an active mandate afterward; exclude from whole-history active attribution.,True
ALTL,Pacer Lunt Large Cap Alternator ETF,not_determined,management_style_evidence_1.1,,index_passive_identified,high,sec_ncen_c3,SEC N-CEN C.3 identifies the series as an index fund,https://www.sec.gov/Archives/edgar/data/1616668/000114554925046416/0001145549-25-046416-index.html,2025q3_ncen.zip,0001145549-25-046416,S000062277,Pacer Lunt Large Cap Alternator ETF,Y,Y,ticker,1.0,,True
ALTY,Global X Alternative Income ETF,not_determined,management_style_evidence_1.1,S000049563,index_passive_identified,high,sec_ncen_c3,SEC N-CEN C.3 identifies the series as an index fund,https://www.sec.gov/Archives/edgar/data/1432353/000204825126001908/0002048251-26-001908-index.html,2026q1_ncen.zip,0002048251-26-001908,S000049563,Global X Alternative Income ETF,Y,Y,series_id,1.0,,True
AMAX,Adaptive Hedged Multi-Asset Income ETF,not_determined,management_style_evidence_1.1,S000072156,non_index_management_identified,high,sec_ncen_c3,SEC N-CEN C.3 does not identify the series as an index fund; the filing alone does not distinguish discretionary from rules-based management,https://www.sec.gov/Archives/edgar/data/1464413/000138713125000201/0001387131-25-000201-index.html,2025q3_ncen.zip,0001387131-25-000201,S000072156,Adaptive Hedged Multi-Asset Income ETF,Y,,series_id,1.0,,True
AMLP,Alerian MLP ETF,not_determined,management_style_evidence_1.1,,index_passive_identified,high,sec_ncen_c3,SEC N-CEN C.3 identifies the series as an index fund,https://www.sec.gov/Archives/edgar/data/1414040/000104916926000159/0001049169-26-000159-index.html,2026q1_ncen.zip,0001049169-26-000159,S000029786,Alerian MLP ETF,Y,Y,ticker,1.0,,True
AMOM,QRAFT AI-Enhanced U.S. Large Cap Momentum ETF,systematic_or_rules_based,management_style_evidence_1.1,S000065358,active_identified,high,primary_source_override,Issuer describes AMOM as an actively managed AI-enhanced portfolio,https://qraftaietf.com/amom,,,,,,,manual_ticker_override,,,True
AMUB,UBS ETRACS Alerian MLP Index ETN Series B,index_passive_identified,management_style_evidence_1.1,,not_applicable_security,high,primary_source_override,Issuer lists AMUB among its senior unsecured exchange-traded notes,https://etracs.ubs.com/,,,,,,,manual_ticker_override,,Debt instrument: ETF management-style taxonomy is not applicable.,True
AMZA,InfraCap MLP ETF,not_determined,management_style_evidence_1.1,S000045418,non_index_management_identified,high,sec_ncen_c3,SEC N-CEN C.3 does not identify the series as an index fund; the filing alone does not distinguish discretionary from rules-based management,https://www.sec.gov/Archives/edgar/data/1559109/000094040026000209/0000940400-26-000209-index.html,2026q1_ncen.zip,0000940400-26-000209,S000045418,InfraCap MLP ETF,Y,,series_id,1.0,,True
ANEW,ProShares MSCI Transformational Changes ETF,index_passive_identified,management_style_evidence_1.1,S000069834,index_passive_identified,high,sec_ncen_c3,SEC N-CEN C.3 identifies the series as an index fund,https://www.sec.gov/Archives/edgar/data/1174610/000175272425186802/0001752724-25-186802-index.html,2025q3_ncen.zip,0001752724-25-186802,S000069834,ProShares MSCI Transformational Changes ETF,Y,Y,series_id,1.0,,False
ANGL,VanEck Fallen Angel High Yield Bond ETF,not_determined,management_style_evidence_1.1,S000036772,index_passive_identified,high,sec_ncen_c3,SEC N-CEN C.3 identifies the series as an index fund,https://www.sec.gov/Archives/edgar/data/1137360/000175272425165267/0001752724-25-165267-index.html,2025q3_ncen.zip,0001752724-25-165267,S000036772,VanEck Fallen Angel High Yield Bond ETF,Y,Y,series_id,1.0,,True
AOA,iShares Core 80/20 Aggressive Allocation ETF,not_determined,management_style_evidence_1.1,S000023588,index_passive_identified,high,sec_ncen_c3,SEC N-CEN C.3 identifies the series as an index fund,https://www.sec.gov/Archives/edgar/data/1100663/000141036825014340/0001410368-25-014340-index.html,2025q4_ncen.zip,0001410368-25-014340,S000023588,iShares Core 80/20 Aggressive Allocation ETF,Y,Y,series_id,1.0,,True
AOK,iShares Core 30/70 Conservative Allocation ETF,not_determined,management_style_evidence_1.1,S000023585,index_passive_identified,high,sec_ncen_c3,SEC N-CEN C.3 identifies the series as an index fund,https://www.sec.gov/Archives/edgar/data/1100663/000141036825014340/0001410368-25-014340-index.html,2025q4_ncen.zip,0001410368-25-014340,S000023585,iShares Core 30/70 Conservative Allocation ETF,Y,Y,series_id,1.0,,True
AOM,iShares Core 40/60 Moderate Allocation ETF,not_determined,management_style_evidence_1.1,S000023586,index_passive_identified,high,sec_ncen_c3,SEC N-CEN C.3 identifies the series as an index fund,https://www.sec.gov/Archives/edgar/data/1100663/000141036825014340/0001410368-25-014340-index.html,2025q4_ncen.zip,0001410368-25-014340,S000023586,iShares Core 40/60 Moderate Allocation ETF,Y,Y,series_id,1.0,,True
AOR,iShares Core 60/40 Balanced Allocation ETF,not_determined,management_style_evidence_1.1,S000023587,index_passive_identified,high,sec_ncen_c3,SEC N-CEN C.3 identifies the series as an index fund,https://www.sec.gov/Archives/edgar/data/1100663/000141036825014340/0001410368-25-014340-index.html,2025q4_ncen.zip,0001410368-25-014340,S000023587,iShares Core 60/40 Balanced Allocation ETF,Y,Y,series_id,1.0,,True
AQWA,Global X Clean Water ETF,not_determined,management_style_evidence_1.1,S000071326,index_passive_identified,high,sec_ncen_c3,SEC N-CEN C.3 identifies the series as an index fund,https://www.sec.gov/Archives/edgar/data/1432353/000204825126001908/0002048251-26-001908-index.html,2026q1_ncen.zip,0002048251-26-001908,S000071326,Global X Clean Water ETF,Y,Y,series_id,1.0,,True
ARB,AltShares Merger Arbitrage ETF,active_identified,management_style_evidence_1.1,S000067196,index_passive_identified,high,sec_ncen_c3,SEC N-CEN C.3 identifies the series as an index fund,https://www.sec.gov/Archives/edgar/data/1779306/000175272425187799/0001752724-25-187799-index.html,2025q3_ncen.zip,0001752724-25-187799,S000067196,AltShares Merger Arbitrage ETF,Y,Y,series_id,1.0,,True
ARCM,Arrow Reserve Capital Management ETF,not_determined,management_style_evidence_1.1,S000056852,non_index_management_identified,high,sec_ncen_c3,SEC N-CEN C.3 does not identify the series as an index fund; the filing alone does not distinguish discretionary from rules-based management,https://www.sec.gov/Archives/edgar/data/1527428/000091047226005388/0000910472-26-005388-index.html,2026q2_ncen.zip,0000910472-26-005388,S000056852,Arrow Reserve Capital Management ETF,Y,,series_id,1.0,,True
ARGT,Global X MSCI Argentina ETF,index_passive_identified,management_style_evidence_1.1,S000024772,index_passive_identified,high,sec_ncen_c3,SEC N-CEN C.3 identifies the series as an index fund,https://www.sec.gov/Archives/edgar/data/1432353/000204825126001907/0002048251-26-001907-index.html,2026q1_ncen.zip,0002048251-26-001907,S000024772,Global X MSCI Argentina ETF,Y,Y,series_id,1.0,,False
ARKF,ARK Blockchain & Fintech Innovation ETF,active_identified,management_style_evidence_1.1,S000064752,active_identified,high,primary_source_override,Issuer lists ARKF among the ARK actively managed ETFs,https://www.ark-funds.com/our-etfs,,,,,,,manual_ticker_override,,,False
ARKG,ARK Genomic Revolution ETF,active_identified,management_style_evidence_1.1,S000042975,active_identified,high,primary_source_override,Issuer lists ARKG among the ARK actively managed ETFs,https://www.ark-funds.com/our-etfs,,,,,,,manual_ticker_override,,,False
ARKK,ARK Innovation ETF,active_identified,management_style_evidence_1.1,S000042977,active_identified,high,primary_source_override,Issuer lists ARKK among the ARK actively managed ETFs,https://www.ark-funds.com/our-etfs,,,,,,,manual_ticker_override,,,False
ARKQ,ARK Autonomous Technology & Robotics ETF,active_identified,management_style_evidence_1.1,S000042976,active_identified,high,primary_source_override,Issuer lists ARKQ among the ARK actively managed ETFs,https://www.ark-funds.com/our-etfs,,,,,,,manual_ticker_override,,,False
ARKW,ARK Next Generation Internet ETF,active_identified,management_style_evidence_1.1,S000042978,active_identified,high,primary_source_override,Issuer lists ARKW among the ARK actively managed ETFs,https://www.ark-funds.com/our-etfs,,,,,,,manual_ticker_override,,,False
ARKX,ARK Space & Defense Innovation ETF,active_identified,management_style_evidence_1.1,S000071318,active_identified,high,primary_source_override,Issuer lists ARKX among the ARK actively managed ETFs,https://www.ark-funds.com/our-etfs,,,,,,,manual_ticker_override,,,False
ARTY,iShares Future AI & Tech ETF,not_determined,management_style_evidence_1.1,,index_passive_identified,high,sec_ncen_c3,SEC N-CEN C.3 identifies the series as an index fund,https://www.sec.gov/Archives/edgar/data/1100663/000100472626004646/0001004726-26-004646-index.html,2026q2_ncen.zip,0001004726-26-004646,S000062201,iShares Future AI & Tech ETF,Y,Y,ticker,1.0,,True
ASEA,Global X FTSE Southeast Asia ETF,index_passive_identified,management_style_evidence_1.1,S000031097,index_passive_identified,high,sec_ncen_c3,SEC N-CEN C.3 identifies the series as an index fund,https://www.sec.gov/Archives/edgar/data/1432353/000204825126001907/0002048251-26-001907-index.html,2026q1_ncen.zip,0002048251-26-001907,S000031097,Global X FTSE Southeast Asia ETF,Y,Y,series_id,1.0,,False
ASHR,Xtrackers Harvest CSI 300 China A-Shares ETF,not_determined,management_style_evidence_1.1,,index_passive_identified,high,sec_ncen_c3,SEC N-CEN C.3 identifies the series as an index fund,https://www.sec.gov/Archives/edgar/data/1503123/000175272425186743/0001752724-25-186743-index.html,2025q3_ncen.zip,0001752724-25-186743,S000040415,Xtrackers Harvest CSI 300 China A-Shares ETF,Y,Y,ticker,1.0,,True
ASHS,Xtrackers Harvest CSI 500 China A-Shares Small Cap ETF,not_determined,management_style_evidence_1.1,S000044488,index_passive_identified,high,sec_ncen_c3,SEC N-CEN C.3 identifies the series as an index fund,https://www.sec.gov/Archives/edgar/data/1503123/000175272425186743/0001752724-25-186743-index.html,2025q3_ncen.zip,0001752724-25-186743,S000044488,Xtrackers Harvest CSI 500 China A-Shares Small Cap ETF,Y,Y,series_id,1.0,,True
ATFV,Alger 35 ETF,not_determined,management_style_evidence_1.1,S000069956,non_index_management_identified,high,sec_ncen_c3,SEC N-CEN C.3 does not identify the series as an index fund; the filing alone does not distinguish discretionary from rules-based management,https://www.sec.gov/Archives/edgar/data/1807486/000094040026010049/0000940400-26-010049-index.html,2026q1_ncen.zip,0000940400-26-010049,S000069956,Alger 35 ETF,Y,,series_id,1.0,,True
ATMP,Barclays ETN+ Select MLP ETN,not_determined,management_style_evidence_1.1,,not_applicable_security,high,primary_source_override,SEC pricing supplement identifies an unsecured index-linked exchange-traded note rather than a managed portfolio,https://www.sec.gov/Archives/edgar/data/312070/000110465917054938/a17-21109_39424b2.htm,,,,,,,manual_ticker_override,,Debt instrument: management-style taxonomy is not applicable.,True
AUSF,Global X Adaptive U.S. Factor ETF,systematic_or_rules_based,management_style_evidence_1.1,S000062672,index_passive_identified,high,sec_ncen_c3,SEC N-CEN C.3 identifies the series as an index fund,https://www.sec.gov/Archives/edgar/data/1432353/000204825126001908/0002048251-26-001908-index.html,2026q1_ncen.zip,0002048251-26-001908,S000062672,Global X Adaptive U.S. Factor ETF,Y,Y,series_id,1.0,,True
AVDE,Avantis International Equity ETF,active_identified,management_style_evidence_1.1,S000066456,active_identified,high,primary_source_override,Issuer states that Avantis ETFs use active management and do not replicate a specified index,https://www.avantisinvestors.com/avantis-investments/,,,,,,,manual_ticker_override,,,False
AVDV,Avantis International Small Cap Value ETF,active_identified,management_style_evidence_1.1,S000066457,active_identified,high,primary_source_override,Issuer states that Avantis ETFs use active management and do not replicate a specified index,https://www.avantisinvestors.com/avantis-investments/,,,,,,,manual_ticker_override,,,False
AVEM,Avantis Emerging Markets Equity ETF,active_identified,management_style_evidence_1.1,S000066454,active_identified,high,primary_source_override,Issuer states that Avantis ETFs use active management and do not replicate a specified index,https://www.avantisinvestors.com/avantis-investments/,,,,,,,manual_ticker_override,,,False
AVES,Avantis Emerging Markets Value ETF,active_identified,management_style_evidence_1.1,S000072996,active_identified,high,primary_source_override,Issuer states that Avantis ETFs use active management and do not replicate a specified index,https://www.avantisinvestors.com/avantis-investments/,,,,,,,manual_ticker_override,,,False
AVIG,Avantis Core Fixed Income ETF,active_identified,management_style_evidence_1.1,S000069304,active_identified,high,primary_source_override,Issuer states that Avantis ETFs use active management and do not replicate a specified index,https://www.avantisinvestors.com/avantis-investments/,,,,,,,manual_ticker_override,,,False
AVIV,Avantis International Large Cap Value ETF,active_identified,management_style_evidence_1.1,S000072997,active_identified,high,primary_source_override,Issuer states that Avantis ETFs use active management and do not replicate a specified index,https://www.avantisinvestors.com/avantis-investments/,,,,,,,manual_ticker_override,,,False
AVLV,Avantis U.S. Large Cap Value ETF,active_identified,management_style_evidence_1.1,S000072998,active_identified,high,primary_source_override,Issuer states that Avantis ETFs use active management and do not replicate a specified index,https://www.avantisinvestors.com/avantis-investments/,,,,,,,manual_ticker_override,,,False
AVMU,Avantis Core Municipal Fixed Income ETF,active_identified,management_style_evidence_1.1,S000069305,active_identified,high,primary_source_override,Issuer states that Avantis ETFs use active management and do not replicate a specified index,https://www.avantisinvestors.com/avantis-investments/,,,,,,,manual_ticker_override,,,False
AVRE,Avantis Real Estate ETF,active_identified,management_style_evidence_1.1,S000072999,active_identified,high,primary_source_override,Issuer states that AVRE is actively managed and does not replicate a specified index,https://www.avantisinvestors.com/avantis-investments/avantis-real-estate-etf/,,,,,,,manual_ticker_override,,,False
AVSC,Avantis U.S Small Cap Equity ETF,active_identified,management_style_evidence_1.1,S000074835,active_identified,high,primary_source_override,Issuer states that Avantis ETFs use active management and do not replicate a specified index,https://www.avantisinvestors.com/avantis-investments/,,,,,,,manual_ticker_override,,,False
AVSF,Avantis Short-Term Fixed Income ETF,active_identified,management_style_evidence_1.1,S000069306,active_identified,high,primary_source_override,Issuer states that Avantis ETFs use active management and do not replicate a specified index,https://www.avantisinvestors.com/avantis-investments/,,,,,,,manual_ticker_override,,,False
AVUS,Avantis U.S. Equity ETF,active_identified,management_style_evidence_1.1,S000066458,active_identified,high,primary_source_override,Issuer states that AVUS is actively managed and does not replicate a specified index,https://www.avantisinvestors.com/avantis-investments/avantis-us-equity-etf/trading-details/,,,,,,,manual_ticker_override,,,False
AVUV,Avantis U.S. Small Cap Value ETF,active_identified,management_style_evidence_1.1,S000066459,active_identified,high,primary_source_override,Issuer states that AVUV is actively managed and does not replicate a specified index,https://www.avantisinvestors.com/avantis-investments/avantis-us-small-cap-value-etf/trading-details/,,,,,,,manual_ticker_override,,,False
AWAY,Amplify Travel Tech ETF,not_determined,management_style_evidence_1.1,S000067503,index_passive_identified,high,sec_ncen_c3,SEC N-CEN C.3 identifies the series as an index fund,https://www.sec.gov/Archives/edgar/data/1633061/000114554924078539/0001145549-24-078539-index.html,2024q4_ncen.zip,0001145549-24-078539,S000082277,Amplify Travel Tech ETF,Y,Y,ticker,1.0,,True
BAB,Invesco Taxable Municipal Bond ETF,not_determined,management_style_evidence_1.1,S000019246,index_passive_identified,high,sec_ncen_c3,SEC N-CEN C.3 identifies the series as an index fund,https://www.sec.gov/Archives/edgar/data/1378872/000137887225000490/0001378872-25-000490-index.html,2025q4_ncen.zip,0001378872-25-000490,S000019246,Invesco Taxable Municipal Bond ETF,Y,Y,series_id,1.0,,True
BALT,Innovator Defined Wealth Shield ETF,not_determined,management_style_evidence_1.1,,non_index_management_identified,high,sec_ncen_c3,SEC N-CEN C.3 does not identify the series as an index fund; the filing alone does not distinguish discretionary from rules-based management,https://www.sec.gov/Archives/edgar/data/1415726/000089418926000385/0000894189-26-000385-index.html,2026q1_ncen.zip,0000894189-26-000385,S000072431,Innovator Defined Wealth Shield ETF,Y,,ticker,1.0,,True
BAR,GraniteShares Gold Trust,not_determined,management_style_evidence_1.1,,static_exposure_or_trust,high,primary_source_override,Issuer trust documentation identifies physical allocated gold exposure,https://graniteshares.com/document-search/?product=BAR,,,,,,,manual_ticker_override,,,True
BATT,Amplify Lithium & Battery Technology ETF,not_determined,management_style_evidence_1.1,S000061920,index_passive_identified,high,sec_ncen_c3,SEC N-CEN C.3 identifies the series as an index fund,https://www.sec.gov/Archives/edgar/data/1633061/000114554924078539/0001145549-24-078539-index.html,2024q4_ncen.zip,0001145549-24-078539,S000061920,Amplify Lithium & Battery Technology ETF,Y,Y,series_id,1.0,,True
BBAG,JPMorgan BetaBuilders U.S. Aggregate Bond ETF,not_determined,management_style_evidence_1.1,,index_passive_identified,high,sec_ncen_c3,SEC N-CEN C.3 identifies the series as an index fund,https://www.sec.gov/Archives/edgar/data/1485894/000207169126009455/0002071691-26-009455-index.html,2026q2_ncen.zip,0002071691-26-009455,S000063668,JPMorgan BetaBuilders U.S. Aggregate Bond ETF,Y,Y,ticker,1.0,,True
BBAX,JPMorgan BetaBuilders Developed Asia Pacific-ex Japan ETF,not_determined,management_style_evidence_1.1,S000061993,index_passive_identified,high,sec_ncen_c3,SEC N-CEN C.3 identifies the series as an index fund,https://www.sec.gov/Archives/edgar/data/1485894/000207169126000163/0002071691-26-000163-index.html,2026q1_ncen.zip,0002071691-26-000163,S000061993,JPMorgan BetaBuilders Developed Asia Pacific ex-Japan ETF,Y,Y,series_id,1.0,,True
BBC,Virtus Biotech Clinical Trials ETF,not_determined,management_style_evidence_1.1,S000047353,index_passive_identified,high,sec_ncen_c3,SEC N-CEN C.3 identifies the series as an index fund,https://www.sec.gov/Archives/edgar/data/1559109/000094040026000209/0000940400-26-000209-index.html,2026q1_ncen.zip,0000940400-26-000209,S000047353,Virtus LifeSci Biotech Clinical Trials ETF,Y,Y,series_id,0.8955223880597015,,True
BBCA,JPMorgan BetaBuilders Canada ETF,not_determined,management_style_evidence_1.1,S000061992,index_passive_identified,high,sec_ncen_c3,SEC N-CEN C.3 identifies the series as an index fund,https://www.sec.gov/Archives/edgar/data/1485894/000207169126000163/0002071691-26-000163-index.html,2026q1_ncen.zip,0002071691-26-000163,S000061992,JPMorgan BetaBuilders Canada ETF,Y,Y,series_id,1.0,,True
BBCB,JPMorgan BetaBuilders USD Investment Grade Corporate Bond ETF,not_determined,management_style_evidence_1.1,,index_passive_identified,high,sec_ncen_c3,SEC N-CEN C.3 identifies the series as an index fund,https://www.sec.gov/Archives/edgar/data/1485894/000207169126009455/0002071691-26-009455-index.html,2026q2_ncen.zip,0002071691-26-009455,S000063667,JPMorgan BetaBuilders USD Investment Grade Corporate Bond ETF,Y,Y,ticker,1.0,,True
BBEU,JPMorgan BetaBuilders Europe ETF,not_determined,management_style_evidence_1.1,S000061994,index_passive_identified,high,sec_ncen_c3,SEC N-CEN C.3 identifies the series as an index fund,https://www.sec.gov/Archives/edgar/data/1485894/000207169126000163/0002071691-26-000163-index.html,2026q1_ncen.zip,0002071691-26-000163,S000061994,JPMorgan BetaBuilders Europe ETF,Y,Y,series_id,1.0,,True
BBH,VanEck Biotech ETF,not_determined,management_style_evidence_1.1,S000034406,index_passive_identified,high,sec_ncen_c3,SEC N-CEN C.3 identifies the series as an index fund,https://www.sec.gov/Archives/edgar/data/1137360/000141036825033784/0001410368-25-033784-index.html,2025q4_ncen.zip,0001410368-25-033784,S000034406,VanEck Biotech ETF,Y,Y,series_id,1.0,,True
BBHY,JPMorgan BetaBuilders USD High Yield Corporate Bond ETF,not_determined,management_style_evidence_1.1,,index_passive_identified,high,sec_ncen_c3,SEC N-CEN C.3 identifies the series as an index fund,https://www.sec.gov/Archives/edgar/data/1485894/000207169126009455/0002071691-26-009455-index.html,2026q2_ncen.zip,0002071691-26-009455,S000054488,JPMorgan BetaBuilders USD High Yield Corporate Bond ETF,Y,Y,ticker,1.0,,True
BBIN,JPMorgan BetaBuilders International Equity ETF,not_determined,management_style_evidence_1.1,S000067203,index_passive_identified,high,sec_ncen_c3,SEC N-CEN C.3 identifies the series as an index fund,https://www.sec.gov/Archives/edgar/data/1485894/000207169126000163/0002071691-26-000163-index.html,2026q1_ncen.zip,0002071691-26-000163,S000067203,JPMorgan BetaBuilders International Equity ETF,Y,Y,series_id,1.0,,True
BBJP,JPMorgan BetaBuilders Japan ETF,not_determined,management_style_evidence_1.1,S000061995,index_passive_identified,high,sec_ncen_c3,SEC N-CEN C.3 identifies the series as an index fund,https://www.sec.gov/Archives/edgar/data/1485894/000207169126000163/0002071691-26-000163-index.html,2026q1_ncen.zip,0002071691-26-000163,S000061995,JPMorgan BetaBuilders Japan ETF,Y,Y,series_id,1.0,,True
BBMC,JPMorgan BetaBuilders U.S. Mid Cap Equity ETF,not_determined,management_style_evidence_1.1,S000068165,index_passive_identified,high,sec_ncen_c3,SEC N-CEN C.3 identifies the series as an index fund,https://www.sec.gov/Archives/edgar/data/1485894/000207169126000163/0002071691-26-000163-index.html,2026q1_ncen.zip,0002071691-26-000163,S000068165,JPMorgan BetaBuilders U.S. Mid Cap Equity ETF,Y,Y,series_id,1.0,,True
BBP,Virtus Biotech ETF,not_determined,management_style_evidence_1.1,S000047354,index_passive_identified,high,sec_ncen_c3,SEC N-CEN C.3 identifies the series as an index fund,https://www.sec.gov/Archives/edgar/data/1559109/000094040026000209/0000940400-26-000209-index.html,2026q1_ncen.zip,0000940400-26-000209,S000047354,Virtus LifeSci Biotech Products ETF,Y,Y,series_id,0.6808510638297872,,True
BBRE,JPMorgan BetaBuilders MSCI U.S. REIT ETF,index_passive_identified,management_style_evidence_1.1,S000061996,index_passive_identified,high,sec_ncen_c3,SEC N-CEN C.3 identifies the series as an index fund,https://www.sec.gov/Archives/edgar/data/1485894/000207169126009455/0002071691-26-009455-index.html,2026q2_ncen.zip,0002071691-26-009455,S000061996,JPMorgan BetaBuilders MSCI US REIT ETF,Y,Y,series_id,1.0,,False
BBSC,JPMorgan BetaBuilders U.S. Small Cap Equity ETF,not_determined,management_style_evidence_1.1,S000069185,index_passive_identified,high,sec_ncen_c3,SEC N-CEN C.3 identifies the series as an index fund,https://www.sec.gov/Archives/edgar/data/1485894/000207169126000163/0002071691-26-000163-index.html,2026q1_ncen.zip,0002071691-26-000163,S000069185,JPMorgan BetaBuilders U.S. Small Cap Equity ETF,Y,Y,series_id,1.0,,True
BBUS,JPMorgan BetaBuilders U.S. Equity ETF,not_determined,management_style_evidence_1.1,S000064872,index_passive_identified,high,sec_ncen_c3,SEC N-CEN C.3 identifies the series as an index fund,https://www.sec.gov/Archives/edgar/data/1485894/000207169126000163/0002071691-26-000163-index.html,2026q1_ncen.zip,0002071691-26-000163,S000064872,JPMorgan BetaBuilders U.S. Equity ETF,Y,Y,series_id,1.0,,True
BCD,abrdn Bloomberg All Commodity Longer Dated Strategy K-1 Free ETF,index_passive_identified,management_style_evidence_1.1,S000056193,index_passive_identified,high,sec_ncen_c3,SEC N-CEN C.3 identifies the series as an index fund,https://www.sec.gov/Archives/edgar/data/1597934/000141036826026127/0001410368-26-026127-index.html,2026q1_ncen.zip,0001410368-26-026127,S000056193,abrdn Bloomberg All Commodity Longer Dated Strategy K-1 Free ETF,Y,Y,series_id,1.0,,False
BCI,abrdn Bloomberg All Commodity Strategy K-1 Free ETF,index_passive_identified,management_style_evidence_1.1,S000056192,index_passive_identified,high,sec_ncen_c3,SEC N-CEN C.3 identifies the series as an index fund,https://www.sec.gov/Archives/edgar/data/1597934/000141036826026127/0001410368-26-026127-index.html,2026q1_ncen.zip,0001410368-26-026127,S000056192,abrdn Bloomberg All Commodity Strategy K-1 Free ETF,Y,Y,series_id,1.0,,False
BDCZ,UBS ETRACS Wells Fargo Business Development Company Index ETN,index_passive_identified,management_style_evidence_1.1,,not_applicable_security,high,primary_source_override,Issuer lists BDCZ among its senior unsecured exchange-traded notes,https://etracs.ubs.com/,,,,,,,manual_ticker_override,,Debt instrument: ETF management-style taxonomy is not applicable.,True
BDRY,Breakwave Dry Bulk Shipping ETF,not_determined,management_style_evidence_1.1,,systematic_or_rules_based,high,primary_source_override,SEC report describes a commodity-pool portfolio implemented through dry-bulk freight futures,https://www.sec.gov/Archives/edgar/data/1610940/000121390026057535/ea0289571-10q_amplify.htm,,,,,,,manual_ticker_override,,,True
BEDZ,AdvisorShares Hotel ETF,active_identified,management_style_evidence_1.1,S000071546,active_identified,high,primary_source_override,Issuer includes BEDZ in its official actively managed ETF lineup,https://insights.advisorshares.com/etf-fact-sheets,,,,,,,manual_ticker_override,,,False
BEMO,Aptus Behavioral Momentum ETF,systematic_or_rules_based,management_style_evidence_1.1,S000054088,index_passive_identified,high,primary_source_override,Issuer report states that historical BEMO tracked the Aptus Behavioral Momentum Index until it became ADME on November 8 2019,https://aptusetfs.com/wp-content/uploads/2020/09/Aptus-ETFs-4.30.20-Annual-Report.pdf,,,,,,,manual_ticker_override,,Classification refers to the BEMO ticker history; the successor ADME active history is a separate identity after the ticker change.,True
BETZ,Roundhill Sports Betting & iGaming ETF,not_determined,management_style_evidence_1.1,S000068603,index_passive_identified,high,sec_ncen_c3,SEC N-CEN C.3 identifies the series as an index fund,https://www.sec.gov/Archives/edgar/data/1683471/000089418926007824/0000894189-26-007824-index.html,2026q1_ncen.zip,0000894189-26-007824,S000068603,Roundhill Sports Betting & iGaming ETF,Y,Y,series_id,1.0,,True
BFIX,Build Bond Innovation ETF,not_determined,management_style_evidence_1.1,S000074231,non_index_management_identified,high,sec_ncen_c3,SEC N-CEN C.3 does not identify the series as an index fund; the filing alone does not distinguish discretionary from rules-based management,https://www.sec.gov/Archives/edgar/data/1875710/000114554924078635/0001145549-24-078635-index.html,2024q4_ncen.zip,0001145549-24-078635,S000074231,Build Bond Innovation ETF,Y,,series_id,1.0,,True
BFOR,Barron's 400 ETF,not_determined,management_style_evidence_1.1,,index_passive_identified,high,sec_ncen_c3,SEC N-CEN C.3 identifies the series as an index fund,https://www.sec.gov/Archives/edgar/data/1414040/000104916926000159/0001049169-26-000159-index.html,2026q1_ncen.zip,0001049169-26-000159,S000040588,Barron's 400 ETF,Y,Y,ticker,1.0,,True
BGRN,iShares USD Green Bond ETF,not_determined,management_style_evidence_1.1,S000063466,index_passive_identified,high,sec_ncen_c3,SEC N-CEN C.3 identifies the series as an index fund,https://www.sec.gov/Archives/edgar/data/1100663/000141036826001031/0001410368-26-001031-index.html,2026q1_ncen.zip,0001410368-26-001031,S000063466,iShares USD Green Bond ETF,Y,Y,series_id,1.0,,True
BIBL,Inspire 100 ETF,not_determined,management_style_evidence_1.1,S000059335,index_passive_identified,high,sec_ncen_c3,SEC N-CEN C.3 identifies the series as an index fund,https://www.sec.gov/Archives/edgar/data/1644419/000091047226001324/0000910472-26-001324-index.html,2026q1_ncen.zip,0000910472-26-001324,S000059335,Inspire 100 ETF,Y,Y,series_id,1.0,,True
BIL,State Street SPDR Bloomberg 1-3 Month T-Bill ETF,index_passive_identified,management_style_evidence_1.1,S000017326,index_passive_identified,high,sec_ncen_c3,SEC N-CEN C.3 identifies the series as an index fund,https://www.sec.gov/Archives/edgar/data/1064642/000141036826040180/0001410368-26-040180-index.html,2026q2_ncen.zip,0001410368-26-040180,S000017326,SPDR(R) Bloomberg 1-3 Month T-Bill ETF,Y,Y,series_id,0.8235294117647058,,False
BILS,State Street SPDR Bloomberg 3-12 Month T-Bill ETF,index_passive_identified,management_style_evidence_1.1,S000069594,index_passive_identified,high,sec_ncen_c3,SEC N-CEN C.3 identifies the series as an index fund,https://www.sec.gov/Archives/edgar/data/1064642/000141036826040180/0001410368-26-040180-index.html,2026q2_ncen.zip,0001410368-26-040180,S000069594,SPDR Bloomberg 3-12 Month T-Bill ETF,Y,Y,series_id,0.725,,False
BITO,ProShares Bitcoin ETF,not_determined,management_style_evidence_1.1,S000073908,non_index_management_identified,high,sec_ncen_c3,SEC N-CEN C.3 does not identify the series as an index fund; the filing alone does not distinguish discretionary from rules-based management,https://www.sec.gov/Archives/edgar/data/1174610/000175272425186802/0001752724-25-186802-index.html,2025q3_ncen.zip,0001752724-25-186802,S000073908,ProShares Bitcoin ETF,Y,,series_id,1.0,,True
BITQ,Bitwise Crypto Industry Innovators ETF,not_determined,management_style_evidence_1.1,S000071591|S000093581,index_passive_identified,high,sec_ncen_c3,SEC N-CEN C.3 identifies the series as an index fund,https://www.sec.gov/Archives/edgar/data/1928561/000094040026009968/0000940400-26-009968-index.html,2026q1_ncen.zip,0000940400-26-009968,S000093581,Bitwise Crypto Industry Innovators ETF,Y,Y,series_id,1.0,,True
BITS,Global X Blockchain & Bitcoin Strategy ETF,not_determined,management_style_evidence_1.1,S000074177,active_identified,high,primary_source_override,Issuer explicitly describes the fund as actively managed and investing in bitcoin futures and blockchain equities,https://www.globalxetfs.com/funds/bits,,,,,,,manual_ticker_override,,N-CEN bulk rows for this series omit the ETF and index boolean fields; issuer evidence controls.,True
BIV,Vanguard Intermediate-Term Bond ETF,not_determined,management_style_evidence_1.1,S000002561,index_passive_identified,high,sec_ncen_c3,SEC N-CEN C.3 identifies the series as an index fund,https://www.sec.gov/Archives/edgar/data/794105/000079410526000062/0000794105-26-000062-index.html,2026q1_ncen.zip,0000794105-26-000062,S000002561,VANGUARD INTERMEDIATE-TERM BOND INDEX FUND,Y,Y,series_id,0.9206349206349206,,True
BIZD,VanEck BDC Income ETF,not_determined,management_style_evidence_1.1,S000033466,index_passive_identified,high,sec_ncen_c3,SEC N-CEN C.3 identifies the series as an index fund,https://www.sec.gov/Archives/edgar/data/1137360/000141036826024760/0001410368-26-024760-index.html,2026q1_ncen.zip,0001410368-26-024760,S000033466,VanEck BDC Income ETF,Y,Y,series_id,1.0,,True
BKAG,BNY Mellon Core Bond ETF,not_determined,management_style_evidence_1.1,S000067265,index_passive_identified,high,sec_ncen_c3,SEC N-CEN C.3 identifies the series as an index fund,https://www.sec.gov/Archives/edgar/data/1493580/000094040026000204/0000940400-26-000204-index.html,2026q1_ncen.zip,0000940400-26-000204,S000067265,BNY Mellon Core Bond ETF,Y,Y,series_id,1.0,,True
BKCH,Global X Blockchain ETF,not_determined,management_style_evidence_1.1,S000072329,index_passive_identified,high,sec_ncen_c3,SEC N-CEN C.3 identifies the series as an index fund,https://www.sec.gov/Archives/edgar/data/1432353/000204825126001908/0002048251-26-001908-index.html,2026q1_ncen.zip,0002048251-26-001908,S000072329,Global X Blockchain ETF,Y,Y,series_id,1.0,,True
BKCI,BNY Mellon Concentrated International ETF,not_determined,management_style_evidence_1.1,S000073736,non_index_management_identified,high,sec_ncen_c3,SEC N-CEN C.3 does not identify the series as an index fund; the filing alone does not distinguish discretionary from rules-based management,https://www.sec.gov/Archives/edgar/data/1493580/000094040026000204/0000940400-26-000204-index.html,2026q1_ncen.zip,0000940400-26-000204,S000073736,BNY Mellon Concentrated International ETF,Y,,series_id,1.0,,True
BKEM,BNY Mellon Emerging Markets Equity ETF,not_determined,management_style_evidence_1.1,S000067264,index_passive_identified,high,sec_ncen_c3,SEC N-CEN C.3 identifies the series as an index fund,https://www.sec.gov/Archives/edgar/data/1493580/000094040026000204/0000940400-26-000204-index.html,2026q1_ncen.zip,0000940400-26-000204,S000067264,BNY Mellon Emerging Markets Equity ETF,Y,Y,series_id,1.0,,True
BKF,iShares MSCI BIC ETF,index_passive_identified,management_style_evidence_1.1,S000018069,index_passive_identified,high,sec_ncen_c3,SEC N-CEN C.3 identifies the series as an index fund,https://www.sec.gov/Archives/edgar/data/930667/000141036825023226/0001410368-25-023226-index.html,2025q4_ncen.zip,0001410368-25-023226,S000018069,iShares MSCI BIC ETF,Y,Y,series_id,1.0,,False
BKHY,BNY Mellon High Yield ETF,not_determined,management_style_evidence_1.1,S000067267,non_index_management_identified,high,sec_ncen_c3,SEC N-CEN C.3 does not identify the series as an index fund; the filing alone does not distinguish discretionary from rules-based management,https://www.sec.gov/Archives/edgar/data/1493580/000094040026000204/0000940400-26-000204-index.html,2026q1_ncen.zip,0000940400-26-000204,S000067267,BNY Mellon High Yield ETF,Y,,series_id,1.0,,True
BKIE,BNY Mellon International Equity ETF,not_determined,management_style_evidence_1.1,S000067263,index_passive_identified,high,sec_ncen_c3,SEC N-CEN C.3 identifies the series as an index fund,https://www.sec.gov/Archives/edgar/data/1493580/000094040026000204/0000940400-26-000204-index.html,2026q1_ncen.zip,0000940400-26-000204,S000067263,BNY Mellon International Equity ETF,Y,Y,series_id,1.0,,True
BKLC,BNY Mellon US Large Cap Core Equity ETF,not_determined,management_style_evidence_1.1,S000067260,index_passive_identified,high,sec_ncen_c3,SEC N-CEN C.3 identifies the series as an index fund,https://www.sec.gov/Archives/edgar/data/1493580/000094040026000204/0000940400-26-000204-index.html,2026q1_ncen.zip,0000940400-26-000204,S000067260,BNY Mellon US Large Cap Core Equity ETF,Y,Y,series_id,1.0,,True
BKLN,Invesco Senior Loan ETF,not_determined,management_style_evidence_1.1,S000031053,index_passive_identified,high,sec_ncen_c3,SEC N-CEN C.3 identifies the series as an index fund,https://www.sec.gov/Archives/edgar/data/1378872/000137887225000490/0001378872-25-000490-index.html,2025q4_ncen.zip,0001378872-25-000490,S000031053,Invesco Senior Loan ETF,Y,Y,series_id,1.0,,True
BKMC,BNY Mellon US Mid Cap Core Equity ETF,not_determined,management_style_evidence_1.1,S000067261,index_passive_identified,high,sec_ncen_c3,SEC N-CEN C.3 identifies the series as an index fund,https://www.sec.gov/Archives/edgar/data/1493580/000094040026000204/0000940400-26-000204-index.html,2026q1_ncen.zip,0000940400-26-000204,S000067261,BNY Mellon US Mid Cap Core Equity ETF,Y,Y,series_id,1.0,,True
BKSE,BNY Mellon US Small Cap Core Equity ETF,not_determined,management_style_evidence_1.1,S000067262,index_passive_identified,high,sec_ncen_c3,SEC N-CEN C.3 identifies the series as an index fund,https://www.sec.gov/Archives/edgar/data/1493580/000094040026000204/0000940400-26-000204-index.html,2026q1_ncen.zip,0000940400-26-000204,S000067262,BNY Mellon US Small Cap Core Equity ETF,Y,Y,series_id,1.0,,True
BKUI,BNY Mellon Ultra Short Income ETF,not_determined,management_style_evidence_1.1,S000072501,non_index_management_identified,high,sec_ncen_c3,SEC N-CEN C.3 does not identify the series as an index fund; the filing alone does not distinguish discretionary from rules-based management,https://www.sec.gov/Archives/edgar/data/1493580/000094040025000378/0000940400-25-000378-index.html,2025q3_ncen.zip,0000940400-25-000378,S000072501,BNY Mellon Ultra Short Income ETF,Y,,series_id,1.0,,True
BLDG,Cambria Global Real Estate ETF,not_determined,management_style_evidence_1.1,S000058208,non_index_management_identified,high,sec_ncen_c3,SEC N-CEN C.3 does not identify the series as an index fund; the filing alone does not distinguish discretionary from rules-based management,https://www.sec.gov/Archives/edgar/data/1529390/000089418926003379/0000894189-26-003379-index.html,2026q1_ncen.zip,0000894189-26-003379,S000058208,Cambria Global Real Estate ETF,Y,,series_id,1.0,,True
BLES,Inspire Global Hope ETF,not_determined,management_style_evidence_1.1,S000056117,index_passive_identified,high,sec_ncen_c3,SEC N-CEN C.3 identifies the series as an index fund,https://www.sec.gov/Archives/edgar/data/1644419/000091047226001324/0000910472-26-001324-index.html,2026q1_ncen.zip,0000910472-26-001324,S000056117,Inspire Global Hope ETF,Y,Y,series_id,1.0,,True
BLHY,Virtus Newfleet Dynamic Credit ETF,not_determined,management_style_evidence_1.1,S000051570,non_index_management_identified,high,sec_ncen_c3,SEC N-CEN C.3 does not identify the series as an index fund; the filing alone does not distinguish discretionary from rules-based management,https://www.sec.gov/Archives/edgar/data/1648403/000175272424228696/0001752724-24-228696-index.html,2024q4_ncen.zip,0001752724-24-228696,S000051570,Virtus Newfleet Short Duration High Yield Bond ETF,Y,,series_id,0.5753424657534246,,True
BLOK,Amplify Blockchain Technology ETF,not_determined,management_style_evidence_1.1,S000061158,non_index_management_identified,high,sec_ncen_c3,SEC N-CEN C.3 does not identify the series as an index fund; the filing alone does not distinguish discretionary from rules-based management,https://www.sec.gov/Archives/edgar/data/1633061/000114554924078539/0001145549-24-078539-index.html,2024q4_ncen.zip,0001145549-24-078539,S000061158,Amplify Transformational Data Sharing ETF,Y,,series_id,0.47761194029850745,,True
BLV,Vanguard Long-Term Bond ETF,not_determined,management_style_evidence_1.1,S000002562,index_passive_identified,high,sec_ncen_c3,SEC N-CEN C.3 identifies the series as an index fund,https://www.sec.gov/Archives/edgar/data/794105/000079410526000062/0000794105-26-000062-index.html,2026q1_ncen.zip,0000794105-26-000062,S000002562,VANGUARD LONG-TERM BOND INDEX FUND,Y,Y,series_id,0.8936170212765957,,True
BMED,iShares Health Innovation Active ETF,active_identified,management_style_evidence_1.1,,active_identified,medium,sec_ncen_c3,SEC N-CEN C.3 does not identify the series as an index fund; classification refined by transparent product-name evidence (strategy_name_identifies_active_management),https://www.sec.gov/Archives/edgar/data/1761055/000141036825014326/0001410368-25-014326-index.html,2025q4_ncen.zip,0001410368-25-014326,S000069260,iShares Health Innovation Active ETF,Y,,ticker,1.0,,False
BMVP,Invesco Bloomberg MVP Multi-factor ETF,systematic_or_rules_based,management_style_evidence_1.1,,index_passive_identified,high,sec_ncen_c3,SEC N-CEN C.3 identifies the series as an index fund,https://www.sec.gov/Archives/edgar/data/1209466/000175272425166789/0001752724-25-166789-index.html,2025q3_ncen.zip,0001752724-25-166789,S000003023,Invesco Bloomberg MVP Multi-factor ETF,Y,Y,ticker,1.0,,True
BND,Vanguard Total Bond Market ETF,not_determined,management_style_evidence_1.1,S000002564,index_passive_identified,high,sec_ncen_c3,SEC N-CEN C.3 identifies the series as an index fund,https://www.sec.gov/Archives/edgar/data/794105/000079410526000062/0000794105-26-000062-index.html,2026q1_ncen.zip,0000794105-26-000062,S000002564,VANGUARD TOTAL BOND MARKET INDEX FUND,Y,Y,series_id,0.9056603773584906,,True
BNDC,Northern Trust Core Bond ETF,not_determined,management_style_evidence_1.1,S000055516,non_index_management_identified,high,sec_ncen_c3,SEC N-CEN C.3 does not identify the series as an index fund; the filing alone does not distinguish discretionary from rules-based management,https://www.sec.gov/Archives/edgar/data/1491978/000207169126000168/0002071691-26-000168-index.html,2026q1_ncen.zip,0002071691-26-000168,S000055516,FlexShares Core Select Bond Fund,Y,,series_id,0.43478260869565216,,True
BNDD,Quadratic Deflation ETF,not_determined,management_style_evidence_1.1,S000070938,non_index_management_identified,high,sec_ncen_c3,SEC N-CEN C.3 does not identify the series as an index fund; the filing alone does not distinguish discretionary from rules-based management,https://www.sec.gov/Archives/edgar/data/1547576/000204825126004798/0002048251-26-004798-index.html,2026q2_ncen.zip,0002048251-26-004798,S000070938,Quadratic Deflation ETF,Y,,series_id,1.0,,True
BNDW,Vanguard Total World Bond ETF,not_determined,management_style_evidence_1.1,S000062658,index_passive_identified,high,sec_ncen_c3,SEC N-CEN C.3 identifies the series as an index fund,https://www.sec.gov/Archives/edgar/data/1021882/000102188225000227/0001021882-25-000227-index.html,2025q4_ncen.zip,0001021882-25-000227,S000062658,VANGUARD TOTAL WORLD BOND ETF,Y,Y,series_id,1.0,,True
BNDX,Vanguard Total International Bond ETF,not_determined,management_style_evidence_1.1,S000035729,index_passive_identified,high,sec_ncen_c3,SEC N-CEN C.3 identifies the series as an index fund,https://www.sec.gov/Archives/edgar/data/1532203/000153220326000003/0001532203-26-000003-index.html,2026q1_ncen.zip,0001532203-26-000003,S000035729,VANGUARD TOTAL INTERNATIONAL BOND INDEX FUND,Y,Y,series_id,0.9253731343283582,,True
BNGE,First Trust S-Network Streaming and Gaming ETF,not_determined,management_style_evidence_1.1,S000071853,index_passive_identified,high,sec_ncen_c3,SEC N-CEN C.3 identifies the series as an index fund,https://www.sec.gov/Archives/edgar/data/1552740/000094040026023374/0000940400-26-023374-index.html,2026q2_ncen.zip,0000940400-26-023374,S000071853,First Trust S-Network Streaming & Gaming ETF,Y,Y,series_id,0.96,,True
BNO,"United States Brent Oil Fund, LP ETV",not_determined,management_style_evidence_1.1,,systematic_or_rules_based,high,primary_source_override,Issuer describes rules-governed benchmark exposure through Brent crude oil futures,https://www.uscfinvestments.com/bno,,,,,,,manual_ticker_override,,,True
BOAT,SonicShares Global Shipping ETF,not_determined,management_style_evidence_1.1,S000072647,index_passive_identified,high,sec_ncen_c3,SEC N-CEN C.3 identifies the series as an index fund,https://www.sec.gov/Archives/edgar/data/1742912/000200032426002272/0002000324-26-002272-index.html,2026q2_ncen.zip,0002000324-26-002272,S000072647,SonicShares Global Shipping ETF,Y,Y,series_id,1.0,,True
BOND,PIMCO Active Bond Exchange-Traded Fund Exchange-Traded Fund,active_identified,management_style_evidence_1.1,S000033233,active_identified,medium,sec_ncen_c3,SEC N-CEN C.3 does not identify the series as an index fund; classification refined by transparent product-name evidence (strategy_name_identifies_active_management),https://www.sec.gov/Archives/edgar/data/1450011/000145001125000520/0001450011-25-000520-index.html,2025q3_ncen.zip,0001450011-25-000520,S000033233,PIMCO Active Bond Exchange-Traded Fund,Y,,series_id,0.8571428571428571,,False
BOTZ,Global X Robotics & Artificial Intelligence ETF,not_determined,management_style_evidence_1.1,S000054693,index_passive_identified,high,sec_ncen_c3,SEC N-CEN C.3 identifies the series as an index fund,https://www.sec.gov/Archives/edgar/data/1432353/000204825126001908/0002048251-26-001908-index.html,2026q1_ncen.zip,0002048251-26-001908,S000054693,Global X Robotics & Artificial Intelligence ETF,Y,Y,series_id,1.0,,True
BOUT,CapForce IBD Breakout Opportunities ETF,not_determined,management_style_evidence_1.1,,index_passive_identified,high,sec_ncen_c3,SEC N-CEN C.3 identifies the series as an index fund,https://www.sec.gov/Archives/edgar/data/1415726/000089418926000385/0000894189-26-000385-index.html,2026q1_ncen.zip,0000894189-26-000385,S000063057,Innovator IBD(R) Breakout Opportunities ETF,Y,Y,ticker,0.8333333333333334,,True
BRF,VanEck Brazil Small-Cap ETF,not_determined,management_style_evidence_1.1,S000025533,index_passive_identified,high,sec_ncen_c3,SEC N-CEN C.3 identifies the series as an index fund,https://www.sec.gov/Archives/edgar/data/1137360/000141036826024760/0001410368-26-024760-index.html,2026q1_ncen.zip,0001410368-26-024760,S000025533,VanEck Brazil Small-Cap ETF,Y,Y,series_id,1.0,,True
BSCQ,Invesco BulletShares 2026 Corporate Bond ETF,not_determined,management_style_evidence_1.1,S000060840,index_passive_identified,high,sec_ncen_c3,SEC N-CEN C.3 identifies the series as an index fund,https://www.sec.gov/Archives/edgar/data/1657201/000165720125000196/0001657201-25-000196-index.html,2025q4_ncen.zip,0001657201-25-000196,S000060840,Invesco BulletShares 2026 Corporate Bond ETF,Y,Y,series_id,1.0,,True
BSCR,Invesco BulletShares 2027 Corporate Bond ETF,not_determined,management_style_evidence_1.1,S000060831,index_passive_identified,high,sec_ncen_c3,SEC N-CEN C.3 identifies the series as an index fund,https://www.sec.gov/Archives/edgar/data/1657201/000165720125000196/0001657201-25-000196-index.html,2025q4_ncen.zip,0001657201-25-000196,S000060831,Invesco BulletShares 2027 Corporate Bond ETF,Y,Y,series_id,1.0,,True
BSCS,Invesco BulletShares 2028 Corporate Bond ETF,not_determined,management_style_evidence_1.1,S000062551,index_passive_identified,high,sec_ncen_c3,SEC N-CEN C.3 identifies the series as an index fund,https://www.sec.gov/Archives/edgar/data/1657201/000165720125000196/0001657201-25-000196-index.html,2025q4_ncen.zip,0001657201-25-000196,S000062551,Invesco BulletShares 2028 Corporate Bond ETF,Y,Y,series_id,1.0,,True
BSCT,Invesco BulletShares 2029 Corporate Bond ETF,not_determined,management_style_evidence_1.1,S000066016,index_passive_identified,high,sec_ncen_c3,SEC N-CEN C.3 identifies the series as an index fund,https://www.sec.gov/Archives/edgar/data/1657201/000165720125000196/0001657201-25-000196-index.html,2025q4_ncen.zip,0001657201-25-000196,S000066016,Invesco BulletShares 2029 Corporate Bond ETF,Y,Y,series_id,1.0,,True
BSCU,Invesco BulletShares 2030 Corporate Bond ETF,not_determined,management_style_evidence_1.1,S000069363,index_passive_identified,high,sec_ncen_c3,SEC N-CEN C.3 identifies the series as an index fund,https://www.sec.gov/Archives/edgar/data/1657201/000165720125000196/0001657201-25-000196-index.html,2025q4_ncen.zip,0001657201-25-000196,S000069363,Invesco BulletShares 2030 Corporate Bond ETF,Y,Y,series_id,1.0,,True
BSCV,Invesco BulletShares 2031 Corporate Bond ETF,not_determined,management_style_evidence_1.1,,index_passive_identified,high,sec_ncen_c3,SEC N-CEN C.3 identifies the series as an index fund,https://www.sec.gov/Archives/edgar/data/1657201/000165720125000196/0001657201-25-000196-index.html,2025q4_ncen.zip,0001657201-25-000196,S000073018,Invesco BulletShares 2031 Corporate Bond ETF,Y,Y,ticker,1.0,,True
BSJQ,Invesco BulletShares 2026 High Yield Corporate Bond ETF,not_determined,management_style_evidence_1.1,S000062552,index_passive_identified,high,sec_ncen_c3,SEC N-CEN C.3 identifies the series as an index fund,https://www.sec.gov/Archives/edgar/data/1657201/000165720125000196/0001657201-25-000196-index.html,2025q4_ncen.zip,0001657201-25-000196,S000062552,Invesco BulletShares 2026 High Yield Corporate Bond ETF,Y,Y,series_id,1.0,,True
BSJR,Invesco BulletShares 2027 High Yield Corporate Bond ETF,not_determined,management_style_evidence_1.1,S000066017,index_passive_identified,high,sec_ncen_c3,SEC N-CEN C.3 identifies the series as an index fund,https://www.sec.gov/Archives/edgar/data/1657201/000165720125000196/0001657201-25-000196-index.html,2025q4_ncen.zip,0001657201-25-000196,S000066017,Invesco BulletShares 2027 High Yield Corporate Bond ETF,Y,Y,series_id,1.0,,True
BSJS,Invesco BulletShares 2028 High Yield Corporate Bond ETF,not_determined,management_style_evidence_1.1,S000069362,index_passive_identified,high,sec_ncen_c3,SEC N-CEN C.3 identifies the series as an index fund,https://www.sec.gov/Archives/edgar/data/1657201/000165720125000196/0001657201-25-000196-index.html,2025q4_ncen.zip,0001657201-25-000196,S000069362,Invesco BulletShares 2028 High Yield Corporate Bond ETF,Y,Y,series_id,1.0,,True
BSJT,Invesco BulletShares 2029 High Yield Corporate Bond ETF,not_determined,management_style_evidence_1.1,,index_passive_identified,high,sec_ncen_c3,SEC N-CEN C.3 identifies the series as an index fund,https://www.sec.gov/Archives/edgar/data/1657201/000165720125000196/0001657201-25-000196-index.html,2025q4_ncen.zip,0001657201-25-000196,S000073019,Invesco BulletShares 2029 High Yield Corporate Bond ETF,Y,Y,ticker,1.0,,True
BSMQ,Invesco BulletShares 2026 Municipal Bond ETF,not_determined,management_style_evidence_1.1,S000062848,index_passive_identified,high,sec_ncen_c3,SEC N-CEN C.3 identifies the series as an index fund,https://www.sec.gov/Archives/edgar/data/1657201/000165720125000196/0001657201-25-000196-index.html,2025q4_ncen.zip,0001657201-25-000196,S000062848,Invesco BulletShares 2026 Municipal Bond ETF,Y,Y,series_id,1.0,,True
BSMR,Invesco BulletShares 2027 Municipal Bond ETF,not_determined,management_style_evidence_1.1,S000062849,index_passive_identified,high,sec_ncen_c3,SEC N-CEN C.3 identifies the series as an index fund,https://www.sec.gov/Archives/edgar/data/1657201/000165720125000196/0001657201-25-000196-index.html,2025q4_ncen.zip,0001657201-25-000196,S000062849,Invesco BulletShares 2027 Municipal Bond ETF,Y,Y,series_id,1.0,,True
BSMS,Invesco BulletShares 2028 Municipal Bond ETF,not_determined,management_style_evidence_1.1,S000062841,index_passive_identified,high,sec_ncen_c3,SEC N-CEN C.3 identifies the series as an index fund,https://www.sec.gov/Archives/edgar/data/1657201/000165720125000196/0001657201-25-000196-index.html,2025q4_ncen.zip,0001657201-25-000196,S000062841,Invesco BulletShares 2028 Municipal Bond ETF,Y,Y,series_id,1.0,,True
BSMT,Invesco BulletShares 2029 Municipal Bond ETF,not_determined,management_style_evidence_1.1,S000066147,index_passive_identified,high,sec_ncen_c3,SEC N-CEN C.3 identifies the series as an index fund,https://www.sec.gov/Archives/edgar/data/1657201/000165720125000196/0001657201-25-000196-index.html,2025q4_ncen.zip,0001657201-25-000196,S000066147,Invesco BulletShares 2029 Municipal Bond ETF,Y,Y,series_id,1.0,,True
BSMU,Invesco BulletShares 2030 Municipal Bond ETF,not_determined,management_style_evidence_1.1,S000066148,index_passive_identified,high,sec_ncen_c3,SEC N-CEN C.3 identifies the series as an index fund,https://www.sec.gov/Archives/edgar/data/1657201/000165720125000196/0001657201-25-000196-index.html,2025q4_ncen.zip,0001657201-25-000196,S000066148,Invesco BulletShares 2030 Municipal Bond ETF,Y,Y,series_id,1.0,,True
BSMV,Invesco BulletShares 2031 Municipal Bond ETF,not_determined,management_style_evidence_1.1,,index_passive_identified,high,sec_ncen_c3,SEC N-CEN C.3 identifies the series as an index fund,https://www.sec.gov/Archives/edgar/data/1657201/000165720125000196/0001657201-25-000196-index.html,2025q4_ncen.zip,0001657201-25-000196,S000073020,Invesco BulletShares 2031 Municipal Bond ETF,Y,Y,ticker,1.0,,True
BSV,Vanguard Short-Term Bond ETF,not_determined,management_style_evidence_1.1,S000002563,index_passive_identified,high,sec_ncen_c3,SEC N-CEN C.3 identifies the series as an index fund,https://www.sec.gov/Archives/edgar/data/794105/000079410526000062/0000794105-26-000062-index.html,2026q1_ncen.zip,0000794105-26-000062,S000002563,VANGUARD SHORT-TERM BOND INDEX FUND,Y,Y,series_id,0.8979591836734694,,True
BTAL,AGF U.S. Market Neutral Anti-Beta Fund,active_identified,management_style_evidence_1.1,S000033013,mixed_or_changed_mandate,high,primary_source_override,SEC filing documents the conversion from passive index tracking to a rules-based active strategy effective February 2022,https://www.sec.gov/Archives/edgar/data/1479599/000110465921144570/tm2134162-1_497.htm,,,,,,,manual_ticker_override,,History spans an index mandate before February 2022 and an active mandate afterward; exclude from whole-history active attribution.,True
BTF,CoinShares Bitcoin and Ether ETF,not_determined,management_style_evidence_1.1,S000074058,non_index_management_identified,high,sec_ncen_c3,SEC N-CEN C.3 does not identify the series as an index fund; the filing alone does not distinguish discretionary from rules-based management,https://www.sec.gov/Archives/edgar/data/1877493/000114554924078706/0001145549-24-078706-index.html,2024q4_ncen.zip,0001145549-24-078706,S000074058,Valkyrie Bitcoin and Ether Strategy ETF,Y,,series_id,0.6785714285714286,,True
BUG,Global X Cybersecurity ETF,not_determined,management_style_evidence_1.1,S000066713,index_passive_identified,high,sec_ncen_c3,SEC N-CEN C.3 identifies the series as an index fund,https://www.sec.gov/Archives/edgar/data/1432353/000204825126001908/0002048251-26-001908-index.html,2026q1_ncen.zip,0002048251-26-001908,S000066713,Global X Cybersecurity ETF,Y,Y,series_id,1.0,,True
BUL,Pacer US Cash Cows Growth ETF,systematic_or_rules_based,management_style_evidence_1.1,S000064825,index_passive_identified,high,sec_ncen_c3,SEC N-CEN C.3 identifies the series as an index fund,https://www.sec.gov/Archives/edgar/data/1616668/000114554925046416/0001145549-25-046416-index.html,2025q3_ncen.zip,0001145549-25-046416,S000064825,Pacer US Cash Cows Growth ETF,Y,Y,series_id,1.0,,True
BUYZ,Franklin Disruptive Commerce ETF,not_determined,management_style_evidence_1.1,S000067392,non_index_management_identified,high,sec_ncen_c3,SEC N-CEN C.3 does not identify the series as an index fund; the filing alone does not distinguish discretionary from rules-based management,https://www.sec.gov/Archives/edgar/data/1655589/000094040026023418/0000940400-26-023418-index.html,2026q2_ncen.zip,0000940400-26-023418,S000067392,Franklin Disruptive Commerce ETF,Y,,series_id,1.0,,True
BUZZ,VanEck Social Sentiment ETF,not_determined,management_style_evidence_1.1,S000071092,index_passive_identified,high,sec_ncen_c3,SEC N-CEN C.3 identifies the series as an index fund,https://www.sec.gov/Archives/edgar/data/1137360/000141036825033784/0001410368-25-033784-index.html,2025q4_ncen.zip,0001410368-25-033784,S000071092,VanEck Social Sentiment ETF,Y,Y,series_id,1.0,,True
BWVTF,iPath CBOE S&P 500 BuyWrite Index(SM) ETN,index_passive_identified,management_style_evidence_1.1,,not_applicable_security,high,primary_source_override,SEC pricing supplement identifies the instrument as a Barclays exchange-traded note linked to the CBOE S&P 500 BuyWrite Index,https://www.sec.gov/Archives/edgar/data/312070/000119312507120898/d424b3.htm,,,,,,,manual_ticker_override,,Debt instrument now trading under an OTC-suffixed ticker; ETF management-style taxonomy is not applicable.,True
BWX,State Street SPDR Bloomberg International Treasury Bond ETF,index_passive_identified,management_style_evidence_1.1,S000018782,index_passive_identified,high,sec_ncen_c3,SEC N-CEN C.3 identifies the series as an index fund,https://www.sec.gov/Archives/edgar/data/1064642/000141036826023902/0001410368-26-023902-index.html,2026q1_ncen.zip,0001410368-26-023902,S000018782,SPDR(R) Bloomberg International Treasury Bond ETF,Y,Y,series_id,0.8723404255319149,,False
BWZ,State Street SPDR Bloomberg Short Term International Treasury Bond ETF,index_passive_identified,management_style_evidence_1.1,S000023655,index_passive_identified,high,sec_ncen_c3,SEC N-CEN C.3 identifies the series as an index fund,https://www.sec.gov/Archives/edgar/data/1064642/000141036826023902/0001410368-26-023902-index.html,2026q1_ncen.zip,0001410368-26-023902,S000023655,SPDR(R) Bloomberg Short Term International Treasury Bond ETF,Y,Y,series_id,0.8928571428571429,,False
BYLD,iShares Yield Optimized Bond ETF,not_determined,management_style_evidence_1.1,S000044409,index_passive_identified,high,sec_ncen_c3,SEC N-CEN C.3 identifies the series as an index fund,https://www.sec.gov/Archives/edgar/data/1100663/000141036826001031/0001410368-26-001031-index.html,2026q1_ncen.zip,0001410368-26-001031,S000044409,iShares Yield Optimized Bond ETF,Y,Y,series_id,1.0,,True
CALF,Pacer US Small Cap Cash Cows ETF,systematic_or_rules_based,management_style_evidence_1.1,S000055468,index_passive_identified,high,sec_ncen_c3,SEC N-CEN C.3 identifies the series as an index fund,https://www.sec.gov/Archives/edgar/data/1616668/000114554925046416/0001145549-25-046416-index.html,2025q3_ncen.zip,0001145549-25-046416,S000055468,Pacer US Small Cap Cash Cows 100 ETF,Y,Y,series_id,0.9454545454545454,,True
CANE,Teucrium Sugar Fund ETV,not_determined,management_style_evidence_1.1,,systematic_or_rules_based,high,primary_source_override,Issuer describes benchmark commodity exposure implemented through sugar futures,https://teucrium.com/cane,,,,,,,manual_ticker_override,,,True
CARZ,First Trust S-Network Future Vehicles & Technology ETF,not_determined,management_style_evidence_1.1,S000032974,index_passive_identified,high,sec_ncen_c3,SEC N-CEN C.3 identifies the series as an index fund,https://www.sec.gov/Archives/edgar/data/1364608/000175272424283612/0001752724-24-283612-index.html,2024q4_ncen.zip,0001752724-24-283612,S000032974,First Trust S-Network Future Vehicles & Technology ETF,Y,Y,series_id,1.0,,True
CATH,Global X S&P 500 Catholic Values ETF,index_passive_identified,management_style_evidence_1.1,S000050646,index_passive_identified,high,sec_ncen_c3,SEC N-CEN C.3 identifies the series as an index fund,https://www.sec.gov/Archives/edgar/data/1432353/000204825126001907/0002048251-26-001907-index.html,2026q1_ncen.zip,0002048251-26-001907,S000050646,Global X S&P 500 Catholic Values ETF,Y,Y,series_id,1.0,,False
CBLS,Clough Hedged Equity ETF,not_determined,management_style_evidence_1.1,S000089015,non_index_management_identified,high,sec_ncen_c3,SEC N-CEN C.3 does not identify the series as an index fund; the filing alone does not distinguish discretionary from rules-based management,https://www.sec.gov/Archives/edgar/data/1936157/000193615726000008/0001936157-26-000008-index.html,2026q1_ncen.zip,0001936157-26-000008,S000089015,Clough Hedged Equity ETF,Y,,series_id,1.0,,True
CBND,SPDR Barclays Issuer Scored Corporate Bond ETF (CBND),not_determined,management_style_evidence_1.1,S000031836,index_passive_identified,high,sec_ncen_c3,SEC N-CEN C.3 identifies the series as an index fund,https://www.sec.gov/Archives/edgar/data/1064642/000141036826040180/0001410368-26-040180-index.html,2026q2_ncen.zip,0001410368-26-040180,S000031836,SPDR Portfolio Corporate Bond ETF,Y,Y,series_id,0.6027397260273972,,True
CBON,VanEck China Bond ETF,not_determined,management_style_evidence_1.1,S000046742,index_passive_identified,high,sec_ncen_c3,SEC N-CEN C.3 identifies the series as an index fund,https://www.sec.gov/Archives/edgar/data/1137360/000141036826024760/0001410368-26-024760-index.html,2026q1_ncen.zip,0001410368-26-024760,S000046742,VanEck China Bond ETF,Y,Y,series_id,1.0,,True
CBSE,Clough Select Equity ETF,not_determined,management_style_evidence_1.1,S000089016,non_index_management_identified,high,sec_ncen_c3,SEC N-CEN C.3 does not identify the series as an index fund; the filing alone does not distinguish discretionary from rules-based management,https://www.sec.gov/Archives/edgar/data/1936157/000193615726000008/0001936157-26-000008-index.html,2026q1_ncen.zip,0001936157-26-000008,S000089016,Clough Select Equity ETF,Y,,series_id,1.0,,True
CCOR,Core Alternative ETF,not_determined,management_style_evidence_1.1,S000066967,non_index_management_identified,high,sec_ncen_c3,SEC N-CEN C.3 does not identify the series as an index fund; the filing alone does not distinguish discretionary from rules-based management,https://www.sec.gov/Archives/edgar/data/1683471/000114554925045898/0001145549-25-045898-index.html,2025q3_ncen.zip,0001145549-25-045898,S000066967,Core Alternative ETF,Y,,series_id,1.0,,True
CDC,VictoryShares US EQ Income Enhanced Volatility Wtd ETF,not_determined,management_style_evidence_1.1,S000044753,index_passive_identified,high,sec_ncen_c3,SEC N-CEN C.3 identifies the series as an index fund,https://www.sec.gov/Archives/edgar/data/1547580/000100472625001640/0001004726-25-001640-index.html,2025q4_ncen.zip,0001004726-25-001640,S000044753,VictoryShares US EQ Income Enhanced Volatility Wtd ETF,Y,Y,series_id,1.0,,True
CDL,VictoryShares US Large Cap High Div Volatility Wtd ETF,not_determined,management_style_evidence_1.1,S000049907,index_passive_identified,high,sec_ncen_c3,SEC N-CEN C.3 identifies the series as an index fund,https://www.sec.gov/Archives/edgar/data/1547580/000100472625001640/0001004726-25-001640-index.html,2025q4_ncen.zip,0001004726-25-001640,S000049907,VictoryShares US Large Cap High Div Volatility Wtd ETF,Y,Y,series_id,1.0,,True
CDX,Simplify High Yield ETF,not_determined,management_style_evidence_1.1,S000075090,non_index_management_identified,high,sec_ncen_c3,SEC N-CEN C.3 does not identify the series as an index fund; the filing alone does not distinguish discretionary from rules-based management,https://www.sec.gov/Archives/edgar/data/1810747/000175272425213393/0001752724-25-213393-index.html,2025q3_ncen.zip,0001752724-25-213393,S000075090,Simplify High Yield ETF,Y,,series_id,1.0,,True
CEF,Sprott Physical Gold and Silver Trust Units,not_determined,management_style_evidence_1.1,,static_exposure_or_trust,high,primary_source_override,Issuer lists the closed-end trust among its fully allocated physical bullion trusts,https://sprott.com/investment-strategies/exchange-listed-products/,,,,,,,manual_ticker_override,,,True
CEFA,Global X S&P Catholic Values Developed ex-U.S. ETF,index_passive_identified,management_style_evidence_1.1,S000068649,index_passive_identified,high,sec_ncen_c3,SEC N-CEN C.3 identifies the series as an index fund,https://www.sec.gov/Archives/edgar/data/1432353/000204825126001907/0002048251-26-001907-index.html,2026q1_ncen.zip,0002048251-26-001907,S000068649,Global X S&P Catholic Values Developed ex-U.S. ETF,Y,Y,series_id,1.0,,False
CEFS,Saba Opportunistically Hedged Closed-End Funds ETF,not_determined,management_style_evidence_1.1,S000056657,non_index_management_identified,high,sec_ncen_c3,SEC N-CEN C.3 does not identify the series as an index fund; the filing alone does not distinguish discretionary from rules-based management,https://www.sec.gov/Archives/edgar/data/1547950/000091047226001323/0000910472-26-001323-index.html,2026q1_ncen.zip,0000910472-26-001323,S000056657,Saba Closed-End Funds ETF,Y,,series_id,0.6461538461538462,,True
CEMB,iShares J.P. Morgan EM Corporate Bond ETF,not_determined,management_style_evidence_1.1,S000036776,index_passive_identified,high,sec_ncen_c3,SEC N-CEN C.3 identifies the series as an index fund,https://www.sec.gov/Archives/edgar/data/930667/000141036826001032/0001410368-26-001032-index.html,2026q1_ncen.zip,0001410368-26-001032,S000036776,iShares J.P. Morgan EM Corporate Bond ETF,Y,Y,series_id,1.0,,True
CEW,WisdomTree Emerging Currency Strategy Fund,not_determined,management_style_evidence_1.1,S000021346,non_index_management_identified,high,sec_ncen_c3,SEC N-CEN C.3 does not identify the series as an index fund; the filing alone does not distinguish discretionary from rules-based management,https://www.sec.gov/Archives/edgar/data/1350487/000094040025005898/0000940400-25-005898-index.html,2025q4_ncen.zip,0000940400-25-005898,S000021346,WisdomTree Emerging Currency Strategy Fund,Y,,series_id,1.0,,True
CFA,VictoryShares US 500 Volatility Wtd ETF,not_determined,management_style_evidence_1.1,S000044749,index_passive_identified,high,sec_ncen_c3,SEC N-CEN C.3 identifies the series as an index fund,https://www.sec.gov/Archives/edgar/data/1547580/000100472625001640/0001004726-25-001640-index.html,2025q4_ncen.zip,0001004726-25-001640,S000044749,VictoryShares US 500 Volatility Wtd ETF,Y,Y,series_id,1.0,,True
CFO,VictoryShares US 500 Enhanced Volatility Wtd ETF,not_determined,management_style_evidence_1.1,S000044751,index_passive_identified,high,sec_ncen_c3,SEC N-CEN C.3 identifies the series as an index fund,https://www.sec.gov/Archives/edgar/data/1547580/000100472625001640/0001004726-25-001640-index.html,2025q4_ncen.zip,0001004726-25-001640,S000044751,VictoryShares US 500 Enhanced Volatility Wtd ETF,Y,Y,series_id,1.0,,True
CGCP,Capital Group Core Plus Income ETF,active_identified,management_style_evidence_1.1,S000074251,active_identified,high,primary_source_override,Issuer launch release explicitly identifies CGCP as one of its active transparent ETFs,https://www.capitalgroup.com/about-us/news-room/etf-launch-6-strategies.html,,,,,,,manual_ticker_override,,,False
CGDV,Capital Group Dividend Value ETF,active_identified,management_style_evidence_1.1,S000074249,active_identified,high,primary_source_override,Issuer launch release explicitly identifies CGDV as one of its active transparent ETFs,https://www.capitalgroup.com/about-us/news-room/etf-launch-6-strategies.html,,,,,,,manual_ticker_override,,,False
CGGO,Capital Group Global Growth Equity ETF,active_identified,management_style_evidence_1.1,S000074250,active_identified,high,primary_source_override,Issuer launch release explicitly identifies CGGO as one of its active transparent ETFs,https://www.capitalgroup.com/about-us/news-room/etf-launch-6-strategies.html,,,,,,,manual_ticker_override,,,False
CGGR,Capital Group Growth ETF,active_identified,management_style_evidence_1.1,S000074246,active_identified,high,primary_source_override,Issuer launch release explicitly identifies CGGR as one of its active transparent ETFs,https://www.capitalgroup.com/about-us/news-room/etf-launch-6-strategies.html,,,,,,,manual_ticker_override,,,False
CGUS,Capital Group Core Equity ETF,active_identified,management_style_evidence_1.1,S000074247,active_identified,high,primary_source_override,Issuer launch release explicitly identifies CGUS as one of its active transparent ETFs,https://www.capitalgroup.com/about-us/news-room/etf-launch-6-strategies.html,,,,,,,manual_ticker_override,,,False
CGW,Invesco S&P Global Water Index ETF,index_passive_identified,management_style_evidence_1.1,S000060819,index_passive_identified,high,sec_ncen_c3,SEC N-CEN C.3 identifies the series as an index fund,https://www.sec.gov/Archives/edgar/data/1378872/000137887226000052/0001378872-26-000052-index.html,2026q1_ncen.zip,0001378872-26-000052,S000060819,Invesco S&P Global Water Index ETF,Y,Y,series_id,1.0,,False
CGXU,Capital Group International Focus Equity ETF,active_identified,management_style_evidence_1.1,S000074248,active_identified,high,primary_source_override,Issuer launch release explicitly identifies CGXU as one of its active transparent ETFs,https://www.capitalgroup.com/about-us/news-room/etf-launch-6-strategies.html,,,,,,,manual_ticker_override,,,False
CHGX,Stance Sustainable Beta ETF,not_determined,management_style_evidence_1.1,S000087815,index_passive_identified,high,sec_ncen_c3,SEC N-CEN C.3 identifies the series as an index fund,https://www.sec.gov/Archives/edgar/data/1592900/000119312526270543/0001193125-26-270543-index.html,2026q2_ncen.zip,0001193125-26-270543,S000087815,Stance Sustainable Beta ETF,Y,Y,series_id,1.0,,True
CHIQ,Global X MSCI China Consumer Discretionary ETF,index_passive_identified,management_style_evidence_1.1,S000026979,index_passive_identified,high,sec_ncen_c3,SEC N-CEN C.3 identifies the series as an index fund,https://www.sec.gov/Archives/edgar/data/1432353/000204825126001907/0002048251-26-001907-index.html,2026q1_ncen.zip,0002048251-26-001907,S000026979,Global X MSCI China Consumer Discretionary ETF,Y,Y,series_id,1.0,,False
CIBR,First Trust NASDAQ Cybersecurity ETF,index_passive_identified,management_style_evidence_1.1,S000050385,index_passive_identified,high,sec_ncen_c3,SEC N-CEN C.3 identifies the series as an index fund,https://www.sec.gov/Archives/edgar/data/1364608/000175272424283612/0001752724-24-283612-index.html,2024q4_ncen.zip,0001752724-24-283612,S000050385,First Trust Nasdaq Cybersecurity ETF,Y,Y,series_id,1.0,,False
CLIX,ProShares Long Online/Short Stores ETF,not_determined,management_style_evidence_1.1,S000059656,index_passive_identified,high,sec_ncen_c3,SEC N-CEN C.3 identifies the series as an index fund,https://www.sec.gov/Archives/edgar/data/1174610/000175272425186802/0001752724-25-186802-index.html,2025q3_ncen.zip,0001752724-25-186802,S000059656,ProShares Long Online/Short Stores ETF,Y,Y,series_id,1.0,,True
CLOU,Global X Cloud Computing ETF,not_determined,management_style_evidence_1.1,S000065121,index_passive_identified,high,sec_ncen_c3,SEC N-CEN C.3 identifies the series as an index fund,https://www.sec.gov/Archives/edgar/data/1432353/000204825126001908/0002048251-26-001908-index.html,2026q1_ncen.zip,0002048251-26-001908,S000065121,Global X Cloud Computing ETF,Y,Y,series_id,1.0,,True
CLSE,Convergence Long/Short Equity ETF,active_identified,management_style_evidence_1.1,S000074838,active_identified,high,primary_source_override,SEC shareholder report describes CLSE as an actively managed long-short equity strategy,https://www.sec.gov/Archives/edgar/data/1141819/000089853123000336/clseetf-ncsrs.htm,,,,,,,manual_ticker_override,,,False
CLSM,ETC Cabana Target Leading Sector Moderate ETF,not_determined,management_style_evidence_1.1,S000072148,non_index_management_identified,high,sec_ncen_c3,SEC N-CEN C.3 does not identify the series as an index fund; the filing alone does not distinguish discretionary from rules-based management,https://www.sec.gov/Archives/edgar/data/1547950/000175272425166790/0001752724-25-166790-index.html,2025q3_ncen.zip,0001752724-25-166790,S000072148,Cabana Target Leading Sector Moderate ETF,Y,,series_id,0.9230769230769231,,True
CLTL,Invesco Treasury Collateral ETF,not_determined,management_style_evidence_1.1,S000055054,index_passive_identified,high,sec_ncen_c3,SEC N-CEN C.3 identifies the series as an index fund,https://www.sec.gov/Archives/edgar/data/1378872/000137887225000490/0001378872-25-000490-index.html,2025q4_ncen.zip,0001378872-25-000490,S000055054,Invesco Short Term Treasury ETF,Y,Y,series_id,0.6545454545454545,,True
CMBS,iShares CMBS Bond ETF,not_determined,management_style_evidence_1.1,S000035914,index_passive_identified,high,sec_ncen_c3,SEC N-CEN C.3 identifies the series as an index fund,https://www.sec.gov/Archives/edgar/data/1100663/000141036826001031/0001410368-26-001031-index.html,2026q1_ncen.zip,0001410368-26-001031,S000035914,iShares CMBS ETF,Y,Y,series_id,0.8,,True
CMDY,iShares Bloomberg Roll Select Commodity Strategy ETF,index_passive_identified,management_style_evidence_1.1,S000061337,index_passive_identified,high,sec_ncen_c3,SEC N-CEN C.3 identifies the series as an index fund,https://www.sec.gov/Archives/edgar/data/1524513/000141036826001033/0001410368-26-001033-index.html,2026q1_ncen.zip,0001410368-26-001033,S000061337,iShares Bloomberg Roll Select Commodity Strategy ETF,Y,Y,series_id,1.0,,False
CMF,iShares California Muni Bond ETF,not_determined,management_style_evidence_1.1,S000019341,index_passive_identified,high,sec_ncen_c3,SEC N-CEN C.3 identifies the series as an index fund,https://www.sec.gov/Archives/edgar/data/1100663/000141036826044733/0001410368-26-044733-index.html,2026q2_ncen.zip,0001410368-26-044733,S000019341,iShares California Muni Bond ETF,Y,Y,series_id,1.0,,True
CNRG,State Street SPDR S&P Kensho Clean Power ETF,index_passive_identified,management_style_evidence_1.1,S000063360,index_passive_identified,high,sec_ncen_c3,SEC N-CEN C.3 identifies the series as an index fund,https://www.sec.gov/Archives/edgar/data/1064642/000141036826040180/0001410368-26-040180-index.html,2026q2_ncen.zip,0001410368-26-040180,S000063360,SPDR S&P Kensho Clean Power ETF,Y,Y,series_id,0.6944444444444444,,False
CNXT,VanEck ChiNext Innovators ETF,not_determined,management_style_evidence_1.1,S000044444,index_passive_identified,high,sec_ncen_c3,SEC N-CEN C.3 identifies the series as an index fund,https://www.sec.gov/Archives/edgar/data/1137360/000141036826024760/0001410368-26-024760-index.html,2026q1_ncen.zip,0001410368-26-024760,S000044444,VanEck ChiNext ETF,Y,Y,series_id,0.7619047619047619,,True
CNYA,iShares MSCI China A ETF,index_passive_identified,management_style_evidence_1.1,S000047435,index_passive_identified,high,sec_ncen_c3,SEC N-CEN C.3 identifies the series as an index fund,https://www.sec.gov/Archives/edgar/data/1100663/000141036825014340/0001410368-25-014340-index.html,2025q4_ncen.zip,0001410368-25-014340,S000047435,iShares MSCI China A ETF,Y,Y,series_id,1.0,,False
COLO,Global X MSCI Colombia ETF,index_passive_identified,management_style_evidence_1.1,,index_passive_identified,high,sec_ncen_c3,SEC N-CEN C.3 identifies the series as an index fund,https://www.sec.gov/Archives/edgar/data/1432353/000204825126001907/0002048251-26-001907-index.html,2026q1_ncen.zip,0002048251-26-001907,S000024773,Global X MSCI Colombia ETF,Y,Y,ticker,1.0,,False
COM,Direxion Auspice Broad Commodity Strategy ETF,not_determined,management_style_evidence_1.1,S000054803,index_passive_identified,high,sec_ncen_c3,SEC N-CEN C.3 identifies the series as an index fund,https://www.sec.gov/Archives/edgar/data/1424958/000119312526012900/0001193125-26-012900-index.html,2026q1_ncen.zip,0001193125-26-012900,S000054803,Direxion Auspice Broad Commodity Strategy ETF,Y,Y,series_id,1.0,,True
COMB,GraniteShares Bloomberg Commodity Broad Strategy No K-1 ETF,index_passive_identified,management_style_evidence_1.1,S000056279,active_identified,high,primary_source_override,SEC prospectus identifies COMB as an actively managed commodity ETF,https://www.sec.gov/Archives/edgar/data/1689873/000149315225019252/form485bpos.htm,,,,,,,manual_ticker_override,,Previous name-only classification incorrectly treated the Bloomberg benchmark reference as index replication.,True
COMT,iShares GSCI Commodity Dynamic Roll Strategy ETF,not_determined,management_style_evidence_1.1,S000044971,index_passive_identified,high,sec_ncen_c3,SEC N-CEN C.3 identifies the series as an index fund,https://www.sec.gov/Archives/edgar/data/1524513/000141036826001033/0001410368-26-001033-index.html,2026q1_ncen.zip,0001410368-26-001033,S000044971,iShares GSCI Commodity Dynamic Roll Strategy ETF,Y,Y,series_id,1.0,,True
COPX,Global X Copper Miners ETF,not_determined,management_style_evidence_1.1,S000028727,index_passive_identified,high,sec_ncen_c3,SEC N-CEN C.3 identifies the series as an index fund,https://www.sec.gov/Archives/edgar/data/1432353/000204825126001907/0002048251-26-001907-index.html,2026q1_ncen.zip,0002048251-26-001907,S000028727,Global X Copper Miners ETF,Y,Y,series_id,1.0,,True
CORN,Teucrium Corn Fund ETV,not_determined,management_style_evidence_1.1,,systematic_or_rules_based,high,primary_source_override,Issuer describes benchmark commodity exposure implemented through corn futures,https://teucrium.com/corn,,,,,,,manual_ticker_override,,,True
CORP,PIMCO Investment Grade Corporate Bond Index Exchange-Traded Fund,index_passive_identified,management_style_evidence_1.1,S000028999,index_passive_identified,high,sec_ncen_c3,SEC N-CEN C.3 identifies the series as an index fund,https://www.sec.gov/Archives/edgar/data/1450011/000145001125000520/0001450011-25-000520-index.html,2025q3_ncen.zip,0001450011-25-000520,S000028999,PIMCO Investment Grade Corporate Bond Index Exchange-Traded Fund,Y,Y,series_id,1.0,,False
COWZ,Pacer US Cash Cows 100 ETF,systematic_or_rules_based,management_style_evidence_1.1,S000055466,index_passive_identified,high,sec_ncen_c3,SEC N-CEN C.3 identifies the series as an index fund,https://www.sec.gov/Archives/edgar/data/1616668/000114554925046416/0001145549-25-046416-index.html,2025q3_ncen.zip,0001145549-25-046416,S000055466,Pacer US Cash Cows 100 ETF,Y,Y,series_id,1.0,,True
CPER,United States Copper Index Fund ETV,index_passive_identified,management_style_evidence_1.1,,index_passive_identified,high,primary_source_override,Issuer states that daily NAV changes seek to reflect the SummerHaven Copper Index Total Return less expenses,https://www.uscfinvestments.com/cper,,,,,,,manual_ticker_override,,Commodity-pool exchange-traded security; index objective is explicit.,False
CPLB,NYLIM MacKay Core Plus Bond ETF,not_determined,management_style_evidence_1.1,,non_index_management_identified,high,sec_ncen_c3,SEC N-CEN C.3 does not identify the series as an index fund; the filing alone does not distinguish discretionary from rules-based management,https://www.sec.gov/Archives/edgar/data/1426439/000175272425165944/0001752724-25-165944-index.html,2025q3_ncen.zip,0001752724-25-165944,S000071156,NYLI MacKay Core Plus Bond ETF,Y,,ticker,0.9803921568627451,,True
CPTL,Global X Morningstar Capital Allocation Leaders ETF,index_passive_identified,management_style_evidence_1.1,,index_passive_identified,high,primary_source_override,Issuer states that the fund tracks the Morningstar US Capital Allocation Leaders Index,https://www.globalxetfs.com/funds/cptl,,,,,,,manual_ticker_override,,The underlying index changed in July 2026; both the previous and current mandates are index based.,False
CQQQ,Invesco China Technology ETF,not_determined,management_style_evidence_1.1,S000060828,index_passive_identified,high,sec_ncen_c3,SEC N-CEN C.3 identifies the series as an index fund,https://www.sec.gov/Archives/edgar/data/1378872/000137887226000052/0001378872-26-000052-index.html,2026q1_ncen.zip,0001378872-26-000052,S000060828,Invesco China Technology ETF,Y,Y,series_id,1.0,,True
CRAK,VanEck Oil Refiners ETF,not_determined,management_style_evidence_1.1,S000050231,index_passive_identified,high,sec_ncen_c3,SEC N-CEN C.3 identifies the series as an index fund,https://www.sec.gov/Archives/edgar/data/1137360/000141036826024760/0001410368-26-024760-index.html,2026q1_ncen.zip,0001410368-26-024760,S000050231,VanEck Oil Refiners ETF,Y,Y,series_id,1.0,,True
CRBN,iShares Low Carbon Optimized MSCI ACWI ETF,index_passive_identified,management_style_evidence_1.1,S000047644,index_passive_identified,high,sec_ncen_c3,SEC N-CEN C.3 identifies the series as an index fund,https://www.sec.gov/Archives/edgar/data/1100663/000141036825014340/0001410368-25-014340-index.html,2025q4_ncen.zip,0001410368-25-014340,S000047644,iShares MSCI ACWI Low Carbon Target ETF,Y,Y,series_id,0.5263157894736842,,False
CRPT,First Trust SkyBridge Crypto Industry and Digital Economy ETF,not_determined,management_style_evidence_1.1,S000073441,non_index_management_identified,high,sec_ncen_c3,SEC N-CEN C.3 does not identify the series as an index fund; the filing alone does not distinguish discretionary from rules-based management,https://www.sec.gov/Archives/edgar/data/1667919/000094040025005820/0000940400-25-005820-index.html,2025q4_ncen.zip,0000940400-25-005820,S000073441,First Trust SkyBridge Crypto Industry and Digital Economy ETF,Y,,series_id,1.0,,True
CSB,VictoryShares US Small Cap High Div Volatility Wtd ETF,not_determined,management_style_evidence_1.1,S000049908,index_passive_identified,high,sec_ncen_c3,SEC N-CEN C.3 identifies the series as an index fund,https://www.sec.gov/Archives/edgar/data/1547580/000100472625001640/0001004726-25-001640-index.html,2025q4_ncen.zip,0001004726-25-001640,S000049908,VictoryShares US Small Cap High Div Volatility Wtd ETF,Y,Y,series_id,1.0,,True
CSD,Invesco S&P Spin-Off ETF,index_passive_identified,management_style_evidence_1.1,S000060807,index_passive_identified,high,sec_ncen_c3,SEC N-CEN C.3 identifies the series as an index fund,https://www.sec.gov/Archives/edgar/data/1209466/000175272425166789/0001752724-25-166789-index.html,2025q3_ncen.zip,0001752724-25-166789,S000060807,Invesco S&P Spin-Off ETF,Y,Y,series_id,1.0,,False
CSM,ProShares Large Cap Core Plus,not_determined,management_style_evidence_1.1,S000020962,index_passive_identified,high,sec_ncen_c3,SEC N-CEN C.3 identifies the series as an index fund,https://www.sec.gov/Archives/edgar/data/1174610/000175272425186802/0001752724-25-186802-index.html,2025q3_ncen.zip,0001752724-25-186802,S000020962,ProShares Large Cap Core Plus,Y,Y,series_id,1.0,,True
CSTNL,iShares VII Public Limited Company - iShares Core S&P 500 UCITS ETF,index_passive_identified,management_style_evidence_1.1,,index_passive_identified,high,primary_source_override,Issuer states that the UCITS fund tracks the S&P 500 Index,https://www.ishares.com/uk/individual/en/products/253743/ishares-core-s-p-500-ucits-etf,,,,,,,manual_ticker_override,,Foreign OTC ticker for a UCITS share class; management classification follows the legal fund.,False
CTEC,Global X ClimateTech ETF,not_determined,management_style_evidence_1.1,S000069640,index_passive_identified,high,sec_ncen_c3,SEC N-CEN C.3 identifies the series as an index fund,https://www.sec.gov/Archives/edgar/data/1432353/000204825126001908/0002048251-26-001908-index.html,2026q1_ncen.zip,0002048251-26-001908,S000069640,Global X CleanTech ETF,Y,Y,series_id,0.85,,True
CTEX,ProShares S&P Kensho Cleantech ETF,index_passive_identified,management_style_evidence_1.1,S000073419,index_passive_identified,high,sec_ncen_c3,SEC N-CEN C.3 identifies the series as an index fund,https://www.sec.gov/Archives/edgar/data/1174610/000175272425186802/0001752724-25-186802-index.html,2025q3_ncen.zip,0001752724-25-186802,S000073419,ProShares S&P Kensho Cleantech ETF,Y,Y,series_id,1.0,,False
CUT,Invesco MSCI Global Timber ETF,index_passive_identified,management_style_evidence_1.1,S000060818,index_passive_identified,high,sec_ncen_c3,SEC N-CEN C.3 identifies the series as an index fund,https://www.sec.gov/Archives/edgar/data/1378872/000137887226000052/0001378872-26-000052-index.html,2026q1_ncen.zip,0001378872-26-000052,S000060818,Invesco MSCI Global Timber ETF,Y,Y,series_id,1.0,,False
CVAR,Cultivar ETF,not_determined,management_style_evidence_1.1,S000074803,non_index_management_identified,high,sec_ncen_c3,SEC N-CEN C.3 does not identify the series as an index fund; the filing alone does not distinguish discretionary from rules-based management,https://www.sec.gov/Archives/edgar/data/1771146/000100472625001072/0001004726-25-001072-index.html,2025q4_ncen.zip,0001004726-25-001072,S000074803,Cultivar ETF,Y,,series_id,1.0,,True
CVY,Invesco Zacks Multi-Asset Income ETF,not_determined,management_style_evidence_1.1,S000060805,index_passive_identified,high,sec_ncen_c3,SEC N-CEN C.3 identifies the series as an index fund,https://www.sec.gov/Archives/edgar/data/1209466/000175272425166789/0001752724-25-166789-index.html,2025q3_ncen.zip,0001752724-25-166789,S000060805,Invesco Zacks Multi-Asset Income ETF,Y,Y,series_id,1.0,,True
CWB,State Street SPDR Bloomberg Convertible Securities ETF,index_passive_identified,management_style_evidence_1.1,S000022925,index_passive_identified,high,sec_ncen_c3,SEC N-CEN C.3 identifies the series as an index fund,https://www.sec.gov/Archives/edgar/data/1064642/000141036826040180/0001410368-26-040180-index.html,2026q2_ncen.zip,0001410368-26-040180,S000022925,SPDR(R) Bloomberg Convertible Securities ETF,Y,Y,series_id,0.8604651162790697,,False
CWC,Clockwise Capital Innovation ETF,not_determined,management_style_evidence_1.1,S000074761,active_identified,high,primary_source_override,SEC registration statement describes the fund as actively managed,https://www.sec.gov/Archives/edgar/data/1587551/000158064221004736/clockwise-capitaletf_485a.htm,,,,,,,manual_ticker_override,,,True
CWI,State Street SPDR MSCI ACWI ex-US ETF,index_passive_identified,management_style_evidence_1.1,S000014042,index_passive_identified,high,sec_ncen_c3,SEC N-CEN C.3 identifies the series as an index fund,https://www.sec.gov/Archives/edgar/data/1168164/000141036825034454/0001410368-25-034454-index.html,2025q4_ncen.zip,0001410368-25-034454,S000014042,SPDR(R) MSCI ACWI EX-US ETF,Y,Y,series_id,0.76,,False
CWS,AdvisorShares Focused Equity ETF,active_identified,management_style_evidence_1.1,S000055090,active_identified,high,primary_source_override,Issuer includes CWS in its official actively managed ETF lineup,https://insights.advisorshares.com/etf-fact-sheets,,,,,,,manual_ticker_override,,,False
CXSE,WisdomTree China ex-State-Owned Enterprises Fund,not_determined,management_style_evidence_1.1,S000036809,index_passive_identified,high,sec_ncen_c3,SEC N-CEN C.3 identifies the series as an index fund,https://www.sec.gov/Archives/edgar/data/1350487/000094040026023461/0000940400-26-023461-index.html,2026q2_ncen.zip,0000940400-26-023461,S000036809,WisdomTree China ex-State-Owned Enterprises Fund,Y,Y,series_id,1.0,,True
CZA,Invesco Zacks Mid-Cap ETF,not_determined,management_style_evidence_1.1,S000060804,index_passive_identified,high,sec_ncen_c3,SEC N-CEN C.3 identifies the series as an index fund,https://www.sec.gov/Archives/edgar/data/1209466/000175272425166789/0001752724-25-166789-index.html,2025q3_ncen.zip,0001752724-25-166789,S000060804,Invesco Zacks Mid-Cap ETF,Y,Y,series_id,1.0,,True
DALI,First Trust Dorsey Wright DALI Equity ETF,not_determined,management_style_evidence_1.1,S000061869,index_passive_identified,high,sec_ncen_c3,SEC N-CEN C.3 identifies the series as an index fund,https://www.sec.gov/Archives/edgar/data/1552740/000094040026023288/0000940400-26-023288-index.html,2026q2_ncen.zip,0000940400-26-023288,S000061869,First Trust Dorsey Wright DALI Equity ETF,Y,Y,series_id,1.0,,True
DAPP,VanEck Digital Transformation ETF,not_determined,management_style_evidence_1.1,S000071425,index_passive_identified,high,sec_ncen_c3,SEC N-CEN C.3 identifies the series as an index fund,https://www.sec.gov/Archives/edgar/data/1137360/000141036825033784/0001410368-25-033784-index.html,2025q4_ncen.zip,0001410368-25-033784,S000071425,VanEck Digital Transformation ETF,Y,Y,series_id,1.0,,True
DARP,Grizzle Growth ETF,systematic_or_rules_based,management_style_evidence_1.1,S000081338,active_identified,high,primary_source_override,Issuer states that DARP is an actively managed growth ETF,https://www.etf.grizzle.com/,,,,,,,manual_ticker_override,,,True
DAT,ProShares Big Data Refiners ETF,not_determined,management_style_evidence_1.1,S000073423,index_passive_identified,high,sec_ncen_c3,SEC N-CEN C.3 identifies the series as an index fund,https://www.sec.gov/Archives/edgar/data/1174610/000175272425186802/0001752724-25-186802-index.html,2025q3_ncen.zip,0001752724-25-186802,S000073423,ProShares Big Data Refiners ETF,Y,Y,series_id,1.0,,True
DAX,Global X DAX Germany ETF,not_determined,management_style_evidence_1.1,S000063351,index_passive_identified,high,sec_ncen_c3,SEC N-CEN C.3 identifies the series as an index fund,https://www.sec.gov/Archives/edgar/data/1432353/000204825126001907/0002048251-26-001907-index.html,2026q1_ncen.zip,0002048251-26-001907,S000063351,Global X DAX Germany ETF,Y,Y,series_id,1.0,,True
DBA,Invesco DB Agriculture Fund,not_determined,management_style_evidence_1.1,,index_passive_identified,high,primary_source_override,Issuer classifies the DB commodity funds as passive index-based exchange-traded products,https://www.invesco.com/us/en/solutions/invesco-etfs/commodity-investing.html,,,,,,,manual_ticker_override,,,True
DBAW,Xtrackers MSCI All World ex US Hedged Equity ETF,index_passive_identified,management_style_evidence_1.1,S000043730,index_passive_identified,high,sec_ncen_c3,SEC N-CEN C.3 identifies the series as an index fund,https://www.sec.gov/Archives/edgar/data/1503123/000175272425186743/0001752724-25-186743-index.html,2025q3_ncen.zip,0001752724-25-186743,S000043730,Xtrackers MSCI All World ex US Hedged Equity ETF,Y,Y,series_id,1.0,,False
DBB,Invesco DB Base Metals Fund,not_determined,management_style_evidence_1.1,,index_passive_identified,high,primary_source_override,Issuer classifies the DB commodity funds as passive index-based exchange-traded products,https://www.invesco.com/us/en/solutions/invesco-etfs/commodity-investing.html,,,,,,,manual_ticker_override,,,True
DBC,Invesco DB Commodity Index Tracking Fund,index_passive_identified,management_style_evidence_1.1,,index_passive_identified,high,primary_source_override,Issuer classifies DBC in its passive index-based commodity ETP range,https://www.invesco.com/us/en/solutions/invesco-etfs/commodity-investing.html,,,,,,,manual_ticker_override,,Commodity-pool exchange-traded product; index objective is explicit.,False
DBE,Invesco DB Energy Fund,not_determined,management_style_evidence_1.1,,index_passive_identified,high,primary_source_override,Issuer classifies the DB commodity funds as passive index-based exchange-traded products,https://www.invesco.com/us/en/solutions/invesco-etfs/commodity-investing.html,,,,,,,manual_ticker_override,,,True
DBEF,Xtrackers MSCI EAFE Hedged Equity ETF,index_passive_identified,management_style_evidence_1.1,S000030999,index_passive_identified,high,sec_ncen_c3,SEC N-CEN C.3 identifies the series as an index fund,https://www.sec.gov/Archives/edgar/data/1503123/000175272425186743/0001752724-25-186743-index.html,2025q3_ncen.zip,0001752724-25-186743,S000030999,Xtrackers MSCI EAFE Hedged Equity ETF,Y,Y,series_id,1.0,,False
DBEM,Xtrackers MSCI Emerging Markets Hedged Equity ETF,index_passive_identified,management_style_evidence_1.1,S000030998,index_passive_identified,high,sec_ncen_c3,SEC N-CEN C.3 identifies the series as an index fund,https://www.sec.gov/Archives/edgar/data/1503123/000175272425186743/0001752724-25-186743-index.html,2025q3_ncen.zip,0001752724-25-186743,S000030998,Xtrackers MSCI Emerging Markets Hedged Equity ETF,Y,Y,series_id,1.0,,False
DBEU,Xtrackers MSCI Europe Hedged Equity ETF,index_passive_identified,management_style_evidence_1.1,S000042012,index_passive_identified,high,sec_ncen_c3,SEC N-CEN C.3 identifies the series as an index fund,https://www.sec.gov/Archives/edgar/data/1503123/000175272425186743/0001752724-25-186743-index.html,2025q3_ncen.zip,0001752724-25-186743,S000042012,Xtrackers MSCI Europe Hedged Equity ETF,Y,Y,series_id,1.0,,False
DBEZ,Xtrackers MSCI Eurozone Hedged Equity ETF,index_passive_identified,management_style_evidence_1.1,S000046156,index_passive_identified,high,sec_ncen_c3,SEC N-CEN C.3 identifies the series as an index fund,https://www.sec.gov/Archives/edgar/data/1503123/000175272425186743/0001752724-25-186743-index.html,2025q3_ncen.zip,0001752724-25-186743,S000046156,Xtrackers MSCI Eurozone Hedged Equity ETF,Y,Y,series_id,1.0,,False
DBJP,Xtrackers MSCI Japan Hedged Equity ETF,index_passive_identified,management_style_evidence_1.1,S000031002,index_passive_identified,high,sec_ncen_c3,SEC N-CEN C.3 identifies the series as an index fund,https://www.sec.gov/Archives/edgar/data/1503123/000175272425186743/0001752724-25-186743-index.html,2025q3_ncen.zip,0001752724-25-186743,S000031002,Xtrackers MSCI Japan Hedged Equity ETF,Y,Y,series_id,1.0,,False
DBMF,iMGP DBi Managed Futures Strategy ETF,active_identified,management_style_evidence_1.1,S000064047|S000072813,active_identified,high,primary_source_override,Issuer product page classifies DBMF as an active managed futures ETF,https://www.imgp.com/us/fund/US53700T8273/,,,,,,,manual_ticker_override,,,False
DBO,Invesco DB Oil Fund,not_determined,management_style_evidence_1.1,,index_passive_identified,high,primary_source_override,Issuer classifies the DB commodity funds as passive index-based exchange-traded products,https://www.invesco.com/us/en/solutions/invesco-etfs/commodity-investing.html,,,,,,,manual_ticker_override,,,True
DBP,Invesco DB Precious Metals Fund,not_determined,management_style_evidence_1.1,,index_passive_identified,high,primary_source_override,Issuer classifies the DB commodity funds as passive index-based exchange-traded products,https://www.invesco.com/us/en/solutions/invesco-etfs/commodity-investing.html,,,,,,,manual_ticker_override,,,True
DDIV,First Trust Dorsey Wright Momentum & Dividend ETF,systematic_or_rules_based,management_style_evidence_1.1,,index_passive_identified,high,sec_ncen_c3,SEC N-CEN C.3 identifies the series as an index fund,https://www.sec.gov/Archives/edgar/data/1552740/000175272424283605/0001752724-24-283605-index.html,2024q4_ncen.zip,0001752724-24-283605,S000044210,First Trust Dorsey Wright Momentum & Dividend ETF,Y,Y,ticker,1.0,,True
DDLS,WisdomTree Dynamic International SmallCap Equity Fund,not_determined,management_style_evidence_1.1,S000052351,index_passive_identified,high,sec_ncen_c3,SEC N-CEN C.3 identifies the series as an index fund,https://www.sec.gov/Archives/edgar/data/1350487/000094040025000407/0000940400-25-000407-index.html,2025q3_ncen.zip,0000940400-25-000407,S000052351,WisdomTree Dynamic International SmallCap Equity Fund,Y,Y,series_id,1.0,,True
DDWM,WisdomTree Dynamic International Equity Fund,not_determined,management_style_evidence_1.1,S000052353,index_passive_identified,high,sec_ncen_c3,SEC N-CEN C.3 identifies the series as an index fund,https://www.sec.gov/Archives/edgar/data/1350487/000094040025000407/0000940400-25-000407-index.html,2025q3_ncen.zip,0000940400-25-000407,S000052353,WisdomTree Dynamic International Equity Fund,Y,Y,series_id,1.0,,True
DDX,Defined Duration 10 ETF,not_determined,management_style_evidence_1.1,,systematic_or_rules_based,high,primary_source_override,Issuer describes a rules-based duration-management process,https://disciplinefunds.com/ddx/,,,,,,,manual_ticker_override,,,True
DEED,First Trust Securitized Plus ETF,not_determined,management_style_evidence_1.1,S000068300,non_index_management_identified,high,sec_ncen_c3,SEC N-CEN C.3 does not identify the series as an index fund; the filing alone does not distinguish discretionary from rules-based management,https://www.sec.gov/Archives/edgar/data/1667919/000094040025005820/0000940400-25-005820-index.html,2025q4_ncen.zip,0000940400-25-005820,S000068300,First Trust Securitized Plus ETF,Y,,series_id,1.0,,True
DEEF,Xtrackers FTSE Developed ex US Multifactor ETF,systematic_or_rules_based,management_style_evidence_1.1,S000048523,index_passive_identified,high,sec_ncen_c3,SEC N-CEN C.3 identifies the series as an index fund,https://www.sec.gov/Archives/edgar/data/1503123/000094040025005824/0000940400-25-005824-index.html,2025q4_ncen.zip,0000940400-25-005824,S000048523,Xtrackers FTSE Developed ex US Multifactor ETF,Y,Y,series_id,1.0,,True
DEEP,Acquirers Small and Micro Deep Value ETF,systematic_or_rules_based,management_style_evidence_1.1,,index_passive_identified,high,sec_ncen_c3,SEC N-CEN C.3 identifies the series as an index fund,https://www.sec.gov/Archives/edgar/data/1540305/000089418926000095/0000894189-26-000095-index.html,2026q1_ncen.zip,0000894189-26-000095,S000046243,Acquirers Small and Micro Deep Value ETF,Y,Y,ticker,1.0,,True
DEF,Invesco Defensive Equity ETF,not_determined,management_style_evidence_1.1,S000060841,index_passive_identified,high,primary_source_override,SEC filing states that the fund seeks to track the Invesco Defensive Equity Index,https://www.sec.gov/Archives/edgar/data/1657201/000110465922127366/R206.htm,,,,,,,manual_ticker_override,,,True
DEM,WisdomTree Emerging Markets High Dividend Fund,systematic_or_rules_based,management_style_evidence_1.1,S000015483,index_passive_identified,high,sec_ncen_c3,SEC N-CEN C.3 identifies the series as an index fund,https://www.sec.gov/Archives/edgar/data/1350487/000094040026023461/0000940400-26-023461-index.html,2026q2_ncen.zip,0000940400-26-023461,S000015483,WisdomTree Emerging Markets High Dividend Fund,Y,Y,series_id,1.0,,True
DEMZ,Democratic Large Cap Core ETF,not_determined,management_style_evidence_1.1,S000069948,index_passive_identified,high,sec_ncen_c3,SEC N-CEN C.3 identifies the series as an index fund,https://www.sec.gov/Archives/edgar/data/1593547/000204825125003438/0002048251-25-003438-index.html,2025q4_ncen.zip,0002048251-25-003438,S000069948,Democratic Large Cap Core ETF,Y,Y,series_id,1.0,,True
DES,WisdomTree U.S. SmallCap Dividend Fund,systematic_or_rules_based,management_style_evidence_1.1,S000012394,index_passive_identified,high,sec_ncen_c3,SEC N-CEN C.3 identifies the series as an index fund,https://www.sec.gov/Archives/edgar/data/1350487/000094040026023461/0000940400-26-023461-index.html,2026q2_ncen.zip,0000940400-26-023461,S000012394,WisdomTree U.S. SmallCap Dividend Fund,Y,Y,series_id,1.0,,True
DEUS,Xtrackers Russell US Multifactor ETF,systematic_or_rules_based,management_style_evidence_1.1,S000048521,index_passive_identified,high,sec_ncen_c3,SEC N-CEN C.3 identifies the series as an index fund,https://www.sec.gov/Archives/edgar/data/1503123/000094040025005824/0000940400-25-005824-index.html,2025q4_ncen.zip,0000940400-25-005824,S000048521,Xtrackers Russell US Multifactor ETF,Y,Y,series_id,1.0,,True
DEW,WisdomTree Global High Dividend Fund,systematic_or_rules_based,management_style_evidence_1.1,S000012397,index_passive_identified,high,sec_ncen_c3,SEC N-CEN C.3 identifies the series as an index fund,https://www.sec.gov/Archives/edgar/data/1350487/000094040026023461/0000940400-26-023461-index.html,2026q2_ncen.zip,0000940400-26-023461,S000012397,WisdomTree Global High Dividend Fund,Y,Y,series_id,1.0,,True
DFAC,Dimensional U.S. Core Equity 2 ETF,active_identified,management_style_evidence_1.1,S000070903,active_identified,high,primary_source_override,Issuer states that Dimensional ETFs use a systematic process in an actively managed transparent ETF structure,https://www.dimensional.com/us-en/insights/dimensional-investing-in-an-active-etf-structure,,,,,,,manual_ticker_override,,Systematic implementation is retained as a strategy attribute and does not negate the active management classification.,False
DFAE,Dimensional Emerging Core Equity Market ETF,active_identified,management_style_evidence_1.1,S000069434,active_identified,high,primary_source_override,Issuer states that Dimensional ETFs use a systematic process in an actively managed transparent ETF structure,https://www.dimensional.com/us-en/insights/dimensional-investing-in-an-active-etf-structure,,,,,,,manual_ticker_override,,Systematic implementation is retained as a strategy attribute and does not negate the active management classification.,False
DFAI,Dimensional International Core Equity Market ETF,active_identified,management_style_evidence_1.1,S000069433,active_identified,high,primary_source_override,Issuer states that Dimensional ETFs use a systematic process in an actively managed transparent ETF structure,https://www.dimensional.com/us-en/insights/dimensional-investing-in-an-active-etf-structure,,,,,,,manual_ticker_override,,Systematic implementation is retained as a strategy attribute and does not negate the active management classification.,False
DFAR,Dimensional US Real Estate ETF,active_identified,management_style_evidence_1.1,S000075150,active_identified,high,primary_source_override,Issuer states that Dimensional ETFs use a systematic process in an actively managed transparent ETF structure,https://www.dimensional.com/us-en/insights/dimensional-investing-in-an-active-etf-structure,,,,,,,manual_ticker_override,,Systematic implementation is retained as a strategy attribute and does not negate the active management classification.,False
DFAS,Dimensional U.S. Small Cap ETF,active_identified,management_style_evidence_1.1,S000070906,active_identified,high,primary_source_override,Issuer identifies DFAS as an active transparent ETF,https://www.dimensional.com/us-en/newsroom/dimensional-lists-four-new-etfs-following-the-industrys-largest-mutual-fund-to-etf-conversion,,,,,,,manual_ticker_override,,Systematic implementation is retained as a strategy attribute and does not negate the active management classification.,False
DFAT,Dimensional U.S. Targeted Value ETF,active_identified,management_style_evidence_1.1,S000070901,active_identified,high,primary_source_override,Issuer identifies DFAT as an active transparent ETF,https://www.dimensional.com/us-en/newsroom/dimensional-lists-four-new-etfs-following-the-industrys-largest-mutual-fund-to-etf-conversion,,,,,,,manual_ticker_override,,Systematic implementation is retained as a strategy attribute and does not negate the active management classification.,False
DFAU,Dimensional US Core Equity Market ETF,active_identified,management_style_evidence_1.1,S000069432,active_identified,high,primary_source_override,Issuer states that Dimensional ETFs use a systematic process in an actively managed transparent ETF structure,https://www.dimensional.com/us-en/insights/dimensional-investing-in-an-active-etf-structure,,,,,,,manual_ticker_override,,Systematic implementation is retained as a strategy attribute and does not negate the active management classification.,False
DFAX,Dimensional World ex U.S. Core Equity 2 ETF,active_identified,management_style_evidence_1.1,S000070905,active_identified,high,primary_source_override,Issuer states that Dimensional ETFs use a systematic process in an actively managed transparent ETF structure,https://www.dimensional.com/us-en/insights/dimensional-investing-in-an-active-etf-structure,,,,,,,manual_ticker_override,,Systematic implementation is retained as a strategy attribute and does not negate the active management classification.,False
DFCF,Dimensional Core Fixed Income ETF,active_identified,management_style_evidence_1.1,S000073559,active_identified,high,primary_source_override,Issuer states that Dimensional ETFs use active portfolio implementation in an actively managed transparent ETF structure,https://www.dimensional.com/us-en/insights/dimensional-investing-in-an-active-etf-structure,,,,,,,manual_ticker_override,,,False
DFE,WisdomTree Europe SmallCap Dividend Fund,systematic_or_rules_based,management_style_evidence_1.1,S000012398,index_passive_identified,high,sec_ncen_c3,SEC N-CEN C.3 identifies the series as an index fund,https://www.sec.gov/Archives/edgar/data/1350487/000094040026023461/0000940400-26-023461-index.html,2026q2_ncen.zip,0000940400-26-023461,S000012398,WisdomTree Europe SmallCap Dividend Fund,Y,Y,series_id,1.0,,True
DFIP,Dimensional Inflation-Protected Securities ETF,active_identified,management_style_evidence_1.1,S000073561,active_identified,high,primary_source_override,Issuer states that Dimensional ETFs use active portfolio implementation in an actively managed transparent ETF structure,https://www.dimensional.com/us-en/insights/dimensional-investing-in-an-active-etf-structure,,,,,,,manual_ticker_override,,,False
DFIV,Dimensional International Value ETF,active_identified,management_style_evidence_1.1,S000070904,active_identified,high,primary_source_override,Issuer states that Dimensional ETFs use a systematic process in an actively managed transparent ETF structure,https://www.dimensional.com/us-en/insights/dimensional-investing-in-an-active-etf-structure,,,,,,,manual_ticker_override,,Systematic implementation is retained as a strategy attribute and does not negate the active management classification.,False
DFJ,WisdomTree Japan SmallCap Fund,not_determined,management_style_evidence_1.1,S000012382,index_passive_identified,high,sec_ncen_c3,SEC N-CEN C.3 identifies the series as an index fund,https://www.sec.gov/Archives/edgar/data/1350487/000094040026023461/0000940400-26-023461-index.html,2026q2_ncen.zip,0000940400-26-023461,S000012382,WisdomTree Japan SmallCap Dividend Fund,Y,Y,series_id,0.8709677419354839,,True
DFNL,Davis Select Financial ETF,active_identified,management_style_evidence_1.1,S000055343,active_identified,high,primary_source_override,Issuer prospectus identifies DFNL as an actively managed ETF,https://www.davisetfs.com/etfs/financial/document-viewer?document=statutory-prospectus,,,,,,,manual_ticker_override,,,False
DFNM,Dimensional National Municipal Bond ETF,active_identified,management_style_evidence_1.1,S000073562,active_identified,high,primary_source_override,Issuer states that Dimensional ETFs use active portfolio implementation in an actively managed transparent ETF structure,https://www.dimensional.com/us-en/insights/dimensional-investing-in-an-active-etf-structure,,,,,,,manual_ticker_override,,,False
DFSD,Dimensional Short-Duration Fixed Income ETF,active_identified,management_style_evidence_1.1,S000073560,active_identified,high,primary_source_override,Issuer states that Dimensional ETFs use active portfolio implementation in an actively managed transparent ETF structure,https://www.dimensional.com/us-en/insights/dimensional-investing-in-an-active-etf-structure,,,,,,,manual_ticker_override,,,False
DFSV,Dimensional US Small Cap Value ETF,active_identified,management_style_evidence_1.1,S000075151,active_identified,high,primary_source_override,Issuer states that Dimensional ETFs use a systematic process in an actively managed transparent ETF structure,https://www.dimensional.com/us-en/insights/dimensional-investing-in-an-active-etf-structure,,,,,,,manual_ticker_override,,Systematic implementation is retained as a strategy attribute and does not negate the active management classification.,False
DFUS,Dimensional U.S. Equity Market ETF,active_identified,management_style_evidence_1.1,S000070902,active_identified,high,primary_source_override,Issuer identifies DFUS as an active transparent ETF,https://www.dimensional.com/us-en/newsroom/dimensional-lists-four-new-etfs-following-the-industrys-largest-mutual-fund-to-etf-conversion,,,,,,,manual_ticker_override,,Systematic implementation is retained as a strategy attribute and does not negate the active management classification.,False
DGIN,VanEck Digital India ETF,not_determined,management_style_evidence_1.1,S000074784,index_passive_identified,high,sec_ncen_c3,SEC N-CEN C.3 identifies the series as an index fund,https://www.sec.gov/Archives/edgar/data/1137360/000141036826024760/0001410368-26-024760-index.html,2026q1_ncen.zip,0001410368-26-024760,S000074784,VanEck Digital India ETF,Y,Y,series_id,1.0,,True
DGRE,WisdomTree Emerging Markets Quality Dividend Growth Fund,systematic_or_rules_based,management_style_evidence_1.1,S000041433,mixed_or_changed_mandate,high,primary_source_override,Issuer documents that DGRE changed from index tracking to active management on October 19 2018,https://www.wisdomtree.com/us/products/equity/dgre,,,,,,,manual_ticker_override,,History spans an index mandate before October 19 2018 and an active mandate afterward; exclude from whole-history active attribution.,True
DGRO,iShares Core Dividend Growth ETF,systematic_or_rules_based,management_style_evidence_1.1,S000045648,index_passive_identified,high,sec_ncen_c3,SEC N-CEN C.3 identifies the series as an index fund,https://www.sec.gov/Archives/edgar/data/1100663/000175272425166094/0001752724-25-166094-index.html,2025q3_ncen.zip,0001752724-25-166094,S000045648,iShares Core Dividend Growth ETF,Y,Y,series_id,1.0,,True
DGRS,WisdomTree U.S. SmallCap Quality Dividend Growth Fund,systematic_or_rules_based,management_style_evidence_1.1,S000040817,index_passive_identified,high,sec_ncen_c3,SEC N-CEN C.3 identifies the series as an index fund,https://www.sec.gov/Archives/edgar/data/1350487/000094040026023461/0000940400-26-023461-index.html,2026q2_ncen.zip,0000940400-26-023461,S000040817,WisdomTree U.S. SmallCap Quality Dividend Growth Fund,Y,Y,series_id,1.0,,True
DGRW,WisdomTree U.S. Quality Dividend Growth Fund,systematic_or_rules_based,management_style_evidence_1.1,S000040816,index_passive_identified,high,sec_ncen_c3,SEC N-CEN C.3 identifies the series as an index fund,https://www.sec.gov/Archives/edgar/data/1350487/000094040026023461/0000940400-26-023461-index.html,2026q2_ncen.zip,0000940400-26-023461,S000040816,WisdomTree U.S. Quality Dividend Growth Fund,Y,Y,series_id,1.0,,True
DGS,WisdomTree Emerging Market SmallCap Fund,not_determined,management_style_evidence_1.1,S000019332,index_passive_identified,high,sec_ncen_c3,SEC N-CEN C.3 identifies the series as an index fund,https://www.sec.gov/Archives/edgar/data/1350487/000094040026023461/0000940400-26-023461-index.html,2026q2_ncen.zip,0000940400-26-023461,S000019332,WisdomTree Emerging Markets SmallCap Dividend Fund,Y,Y,series_id,0.8888888888888888,,True
DGT,State Street SPDR Global Dow ETF,not_determined,management_style_evidence_1.1,S000006975,index_passive_identified,high,sec_ncen_c3,SEC N-CEN C.3 identifies the series as an index fund,https://www.sec.gov/Archives/edgar/data/1064642/000141036826040180/0001410368-26-040180-index.html,2026q2_ncen.zip,0001410368-26-040180,S000006975,SPDR(R) Global Dow ETF,Y,Y,series_id,0.7272727272727273,,True
DHS,WisdomTree U.S. High Dividend Fund,systematic_or_rules_based,management_style_evidence_1.1,S000012390,index_passive_identified,high,sec_ncen_c3,SEC N-CEN C.3 identifies the series as an index fund,https://www.sec.gov/Archives/edgar/data/1350487/000094040026023461/0000940400-26-023461-index.html,2026q2_ncen.zip,0000940400-26-023461,S000012390,WisdomTree U.S. High Dividend Fund,Y,Y,series_id,1.0,,True
DIA,State Street SPDR Dow Jones Industrial Average ETF Trust,index_passive_identified,management_style_evidence_1.1,,index_passive_identified,high,primary_source_override,Issuer states that the unit investment trust seeks to track the Dow Jones Industrial Average,https://www.ssga.com/us/en/intermediary/etfs/state-street-spdr-dow-jones-industrial-average-etf-trust-dia,,,,,,,manual_ticker_override,,Unit investment trust outside ordinary N-CEN registered-fund coverage.,False
DIAL,Columbia Diversified Fixed Income Allocation ETF,not_determined,management_style_evidence_1.1,S000059078,index_passive_identified,high,sec_ncen_c3,SEC N-CEN C.3 identifies the series as an index fund,https://www.sec.gov/Archives/edgar/data/1551950/000119312526008591/0001193125-26-008591-index.html,2026q1_ncen.zip,0001193125-26-008591,S000059078,Columbia Diversified Fixed Income Allocation ETF,Y,Y,series_id,1.0,,True
DIEM,Franklin Emerging Market Core Dividend Tilt Index ETF,systematic_or_rules_based,management_style_evidence_1.1,,index_passive_identified,high,sec_ncen_c3,SEC N-CEN C.3 identifies the series as an index fund,https://www.sec.gov/Archives/edgar/data/1655589/000094040026023418/0000940400-26-023418-index.html,2026q2_ncen.zip,0000940400-26-023418,S000053152,Franklin Emerging Market Core Dividend Tilt Index ETF,Y,Y,ticker,1.0,,True
DIM,WisdomTree International MidCap Dividend Fund,systematic_or_rules_based,management_style_evidence_1.1,S000012385,index_passive_identified,high,sec_ncen_c3,SEC N-CEN C.3 identifies the series as an index fund,https://www.sec.gov/Archives/edgar/data/1350487/000094040026023461/0000940400-26-023461-index.html,2026q2_ncen.zip,0000940400-26-023461,S000012385,WisdomTree International MidCap Dividend Fund,Y,Y,series_id,1.0,,True
DINT,Davis Select International ETF,active_identified,management_style_evidence_1.1,S000061340,active_identified,high,primary_source_override,Issuer prospectus identifies DINT as an actively managed ETF,https://www.davisetfs.com/etfs/financial/document-viewer?document=statutory-prospectus,,,,,,,manual_ticker_override,,,False
DIV,Global X Super Dividend ETF,systematic_or_rules_based,management_style_evidence_1.1,,index_passive_identified,high,sec_ncen_c3,SEC N-CEN C.3 identifies the series as an index fund,https://www.sec.gov/Archives/edgar/data/1432353/000204825126001907/0002048251-26-001907-index.html,2026q1_ncen.zip,0002048251-26-001907,S000039638,Global X SuperDividend U.S. ETF,Y,Y,ticker,0.9583333333333334,,True
DIVB,iShares Core Dividend ETF,systematic_or_rules_based,management_style_evidence_1.1,S000059298,index_passive_identified,high,sec_ncen_c3,SEC N-CEN C.3 identifies the series as an index fund,https://www.sec.gov/Archives/edgar/data/1100663/000175272425166094/0001752724-25-166094-index.html,2025q3_ncen.zip,0001752724-25-166094,S000059298,iShares Core Dividend ETF,Y,Y,series_id,1.0,,True
DIVI,Franklin International Core Dividend Tilt Index ETF,systematic_or_rules_based,management_style_evidence_1.1,,index_passive_identified,high,sec_ncen_c3,SEC N-CEN C.3 identifies the series as an index fund,https://www.sec.gov/Archives/edgar/data/1655589/000094040026023418/0000940400-26-023418-index.html,2026q2_ncen.zip,0000940400-26-023418,S000053151,Franklin International Core Dividend Tilt Index ETF,Y,Y,ticker,1.0,,True
DIVO,Amplify CWP Enhanced Dividend Income ETF,systematic_or_rules_based,management_style_evidence_1.1,S000055107,active_identified,high,primary_source_override,Issuer states that DIVO is actively managed with a tactical covered-call process,https://amplifyetfs.com/cwp-covered-call-suite/,,,,,,,manual_ticker_override,,,True
DIVS,Guinness Atkinson Dividend Builder ETF,systematic_or_rules_based,management_style_evidence_1.1,S000069135,active_identified,high,primary_source_override,Issuer states that its ETFs use actively managed high-conviction portfolios,https://www.gafunds.com/,,,,,,,manual_ticker_override,,,True
DIVY,Sound Equity Dividend Income ETF,systematic_or_rules_based,management_style_evidence_1.1,,active_identified,high,primary_source_override,Issuer states that DIVY is an actively managed ETF,https://www.soundetfs.com/divy/,,,,,,,manual_ticker_override,,,True
DIVZ,Polen Dividend Income ETF,systematic_or_rules_based,management_style_evidence_1.1,S000092120,active_identified,high,primary_source_override,Issuer includes DIVZ in its actively managed ETF suite,https://www.polencapital.com/etfs,,,,,,,manual_ticker_override,,,True
DJD,Invesco Dow Jones Industrial Average Dividend ETF,systematic_or_rules_based,management_style_evidence_1.1,S000060802,index_passive_identified,high,sec_ncen_c3,SEC N-CEN C.3 identifies the series as an index fund,https://www.sec.gov/Archives/edgar/data/1209466/000175272425166789/0001752724-25-166789-index.html,2025q3_ncen.zip,0001752724-25-166789,S000060802,Invesco Dow Jones Industrial Average Dividend ETF,Y,Y,series_id,1.0,,True
DJIA,Global X Dow 30 Covered Call ETF,not_determined,management_style_evidence_1.1,S000075250,index_passive_identified,high,sec_ncen_c3,SEC N-CEN C.3 identifies the series as an index fund,https://www.sec.gov/Archives/edgar/data/1432353/000204825126001907/0002048251-26-001907-index.html,2026q1_ncen.zip,0002048251-26-001907,S000075250,Global X Dow 30 Covered Call ETF,Y,Y,series_id,1.0,,True
DJP,iPath Bloomberg Commodity Index Total Return(SM) ETN,index_passive_identified,management_style_evidence_1.1,,not_applicable_security,high,primary_source_override,SEC filing identifies an unsecured Barclays exchange-traded note linked to the Bloomberg Commodity Index Total Return,https://www.sec.gov/Archives/edgar/data/312070/000119312515043533/d871238dfwp.htm,,,,,,,manual_ticker_override,,Debt instrument: ETF management-style taxonomy is not applicable.,True
DLN,WisdomTree U.S. LargeCap Dividend Fund,systematic_or_rules_based,management_style_evidence_1.1,S000012392,index_passive_identified,high,sec_ncen_c3,SEC N-CEN C.3 identifies the series as an index fund,https://www.sec.gov/Archives/edgar/data/1350487/000094040026023461/0000940400-26-023461-index.html,2026q2_ncen.zip,0000940400-26-023461,S000012392,WisdomTree U.S. LargeCap Dividend Fund,Y,Y,series_id,1.0,,True
DLS,WisdomTree International SmallCap Fund,not_determined,management_style_evidence_1.1,S000012386,index_passive_identified,high,sec_ncen_c3,SEC N-CEN C.3 identifies the series as an index fund,https://www.sec.gov/Archives/edgar/data/1350487/000094040026023461/0000940400-26-023461-index.html,2026q2_ncen.zip,0000940400-26-023461,S000012386,WisdomTree International SmallCap Dividend Fund,Y,Y,series_id,0.8974358974358975,,True
DMXF,iShares ESG Advanced MSCI EAFE ETF,systematic_or_rules_based,management_style_evidence_1.1,S000068771,index_passive_identified,high,sec_ncen_c3,SEC N-CEN C.3 identifies the series as an index fund,https://www.sec.gov/Archives/edgar/data/1100663/000141036825023225/0001410368-25-023225-index.html,2025q4_ncen.zip,0001410368-25-023225,S000068771,iShares ESG Advanced MSCI EAFE ETF,Y,Y,series_id,1.0,,True
DNL,WisdomTree Global ex-U.S. Quality Growth Fund,systematic_or_rules_based,management_style_evidence_1.1,S000012381,index_passive_identified,high,sec_ncen_c3,SEC N-CEN C.3 identifies the series as an index fund,https://www.sec.gov/Archives/edgar/data/1350487/000094040026023461/0000940400-26-023461-index.html,2026q2_ncen.zip,0000940400-26-023461,S000012381,WisdomTree Global ex-U.S. Quality Growth Fund,Y,Y,series_id,1.0,,True
DOL,WisdomTree True Developed International Fund,not_determined,management_style_evidence_1.1,S000012384,index_passive_identified,high,sec_ncen_c3,SEC N-CEN C.3 identifies the series as an index fund,https://www.sec.gov/Archives/edgar/data/1350487/000094040026023461/0000940400-26-023461-index.html,2026q2_ncen.zip,0000940400-26-023461,S000012384,WisdomTree True Developed International Fund,Y,Y,series_id,1.0,,True
DON,WisdomTree U.S. MidCap Dividend Fund,systematic_or_rules_based,management_style_evidence_1.1,S000012393,index_passive_identified,high,sec_ncen_c3,SEC N-CEN C.3 identifies the series as an index fund,https://www.sec.gov/Archives/edgar/data/1350487/000094040026023461/0000940400-26-023461-index.html,2026q2_ncen.zip,0000940400-26-023461,S000012393,WisdomTree U.S. Midcap Dividend Fund,Y,Y,series_id,1.0,,True
DRIV,Global X Autonomous & Electric Vehicles ETF,not_determined,management_style_evidence_1.1,S000061415,index_passive_identified,high,sec_ncen_c3,SEC N-CEN C.3 identifies the series as an index fund,https://www.sec.gov/Archives/edgar/data/1432353/000204825126001908/0002048251-26-001908-index.html,2026q1_ncen.zip,0002048251-26-001908,S000061415,Global X Autonomous & Electric Vehicles ETF,Y,Y,series_id,1.0,,True
DRSK,Aptus Defined Risk ETF,not_determined,management_style_evidence_1.1,S000062593,non_index_management_identified,high,sec_ncen_c3,SEC N-CEN C.3 does not identify the series as an index fund; the filing alone does not distinguish discretionary from rules-based management,https://www.sec.gov/Archives/edgar/data/1540305/000114554925046410/0001145549-25-046410-index.html,2025q3_ncen.zip,0001145549-25-046410,S000062593,Aptus Defined Risk ETF,Y,,series_id,1.0,,True
DRUP,GraniteShares Nasdaq Select Disruptors ETF,index_passive_identified,management_style_evidence_1.1,,index_passive_identified,high,sec_ncen_c3,SEC N-CEN C.3 identifies the series as an index fund,https://www.sec.gov/Archives/edgar/data/1689873/000175272425214843/0001752724-25-214843-index.html,2025q3_ncen.zip,0001752724-25-214843,S000066595,GraniteShares Nasdaq Select Disruptors ETF,Y,Y,ticker,1.0,,False
DSI,iShares ESG MSCI KLD 400 ETF,systematic_or_rules_based,management_style_evidence_1.1,S000013931,index_passive_identified,high,sec_ncen_c3,SEC N-CEN C.3 identifies the series as an index fund,https://www.sec.gov/Archives/edgar/data/1100663/000175272425166094/0001752724-25-166094-index.html,2025q3_ncen.zip,0001752724-25-166094,S000013931,iShares ESG MSCI KLD 400 ETF,Y,Y,series_id,1.0,,True
DSTL,Distillate U.S. Fundamental Stability & Value ETF,systematic_or_rules_based,management_style_evidence_1.1,S000063127,mixed_or_changed_mandate,high,primary_source_override,SEC filing documents conversion from index tracking to active management effective April 3 2023,https://www.sec.gov/Archives/edgar/data/1540305/000089418926003119/dstlsummary.htm,,,,,,,manual_ticker_override,,History spans an index mandate before April 3 2023 and an active mandate afterward; exclude from whole-history active attribution.,True
DSTX,Distillate International Fundamental Stability & Value ETF,systematic_or_rules_based,management_style_evidence_1.1,S000070185,active_identified,high,primary_source_override,Issuer prospectus identifies DSTX as an actively managed ETF using a systematic process,https://distillatecapital.com/wp-content/uploads/pdfs/Distillate-DSTL-DSTX-DSMC-Prospectus.pdf,,,,,,,manual_ticker_override,,Systematic implementation is a strategy attribute and does not negate the active management classification.,True
DTCR,Global X Data Center & Digital Infrastructure ETF,not_determined,management_style_evidence_1.1,,index_passive_identified,high,sec_ncen_c3,SEC N-CEN C.3 identifies the series as an index fund,https://www.sec.gov/Archives/edgar/data/1432353/000204825126001908/0002048251-26-001908-index.html,2026q1_ncen.zip,0002048251-26-001908,S000069709,Global X Data Center & Digital Infrastructure ETF,Y,Y,ticker,1.0,,True
DTD,WisdomTree U.S. Total Dividend Fund,systematic_or_rules_based,management_style_evidence_1.1,S000012379,index_passive_identified,high,sec_ncen_c3,SEC N-CEN C.3 identifies the series as an index fund,https://www.sec.gov/Archives/edgar/data/1350487/000094040026023461/0000940400-26-023461-index.html,2026q2_ncen.zip,0000940400-26-023461,S000012379,WisdomTree U.S. Total Dividend Fund,Y,Y,series_id,1.0,,True
DTEC,ALPS Disruptive Technologies ETF,not_determined,management_style_evidence_1.1,S000060186,index_passive_identified,high,sec_ncen_c3,SEC N-CEN C.3 identifies the series as an index fund,https://www.sec.gov/Archives/edgar/data/1414040/000104916926000159/0001049169-26-000159-index.html,2026q1_ncen.zip,0001049169-26-000159,S000060186,ALPS Disruptive Technologies ETF,Y,Y,series_id,1.0,,True
DTH,WisdomTree International High Dividend Fund,systematic_or_rules_based,management_style_evidence_1.1,S000012395,index_passive_identified,high,sec_ncen_c3,SEC N-CEN C.3 identifies the series as an index fund,https://www.sec.gov/Archives/edgar/data/1350487/000094040026023461/0000940400-26-023461-index.html,2026q2_ncen.zip,0000940400-26-023461,S000012395,WisdomTree International High Dividend Fund,Y,Y,series_id,1.0,,True
DTRE,First Trust Alerian Disruptive Technology Real Estate ETF,not_determined,management_style_evidence_1.1,,index_passive_identified,high,sec_ncen_c3,SEC N-CEN C.3 identifies the series as an index fund,https://www.sec.gov/Archives/edgar/data/1364608/000175272424283612/0001752724-24-283612-index.html,2024q4_ncen.zip,0001752724-24-283612,S000018785,First Trust Alerian Disruptive Technology Real Estate ETF,Y,Y,ticker,1.0,,True
DUHP,Dimensional US High Profitability ETF,active_identified,management_style_evidence_1.1,S000075148,active_identified,high,primary_source_override,Issuer states that Dimensional ETFs use a systematic process in an actively managed transparent ETF structure,https://www.dimensional.com/us-en/insights/dimensional-investing-in-an-active-etf-structure,,,,,,,manual_ticker_override,,Systematic implementation is retained as a strategy attribute and does not negate the active management classification.,False
DURA,VanEck Durable High Dividend ETF,systematic_or_rules_based,management_style_evidence_1.1,S000062396,index_passive_identified,high,sec_ncen_c3,SEC N-CEN C.3 identifies the series as an index fund,https://www.sec.gov/Archives/edgar/data/1137360/000141036825033784/0001410368-25-033784-index.html,2025q4_ncen.zip,0001410368-25-033784,S000062396,VanEck Durable High Dividend ETF,Y,Y,series_id,1.0,,True
DUSA,Davis Select U.S. Equity ETF,active_identified,management_style_evidence_1.1,S000055342,active_identified,high,primary_source_override,Issuer prospectus identifies DUSA as an actively managed ETF,https://www.davisetfs.com/etfs/financial/document-viewer?document=statutory-prospectus,,,,,,,manual_ticker_override,,,False
DVLU,First Trust Dorsey Wright Momentum & Value ETF,systematic_or_rules_based,management_style_evidence_1.1,S000062934,index_passive_identified,high,sec_ncen_c3,SEC N-CEN C.3 identifies the series as an index fund,https://www.sec.gov/Archives/edgar/data/1552740/000175272424283605/0001752724-24-283605-index.html,2024q4_ncen.zip,0001752724-24-283605,S000062934,First Trust Dorsey Wright Momentum & Value ETF,Y,Y,series_id,1.0,,True
DVOL,First Trust Dorsey Wright Momentum & Low Volatility ETF,systematic_or_rules_based,management_style_evidence_1.1,S000062933,index_passive_identified,high,sec_ncen_c3,SEC N-CEN C.3 identifies the series as an index fund,https://www.sec.gov/Archives/edgar/data/1552740/000175272424283605/0001752724-24-283605-index.html,2024q4_ncen.zip,0001752724-24-283605,S000062933,First Trust Dorsey Wright Momentum & Low Volatility ETF,Y,Y,series_id,1.0,,True
DVY,iShares Select Dividend ETF,systematic_or_rules_based,management_style_evidence_1.1,S000004334,index_passive_identified,high,sec_ncen_c3,SEC N-CEN C.3 identifies the series as an index fund,https://www.sec.gov/Archives/edgar/data/1100663/000175272425166094/0001752724-25-166094-index.html,2025q3_ncen.zip,0001752724-25-166094,S000004334,iShares Select Dividend ETF,Y,Y,series_id,1.0,,True
DVYA,iShares Asia / Pacific Dividend 30 Index Fund Exchange Traded Fund,systematic_or_rules_based,management_style_evidence_1.1,S000035998,index_passive_identified,high,sec_ncen_c3,SEC N-CEN C.3 identifies the series as an index fund,https://www.sec.gov/Archives/edgar/data/930667/000175272425165979/0001752724-25-165979-index.html,2025q3_ncen.zip,0001752724-25-165979,S000035998,iShares Asia/Pacific Dividend ETF,Y,Y,series_id,0.8846153846153846,,True
DVYE,iShares Emerging Markets Dividend Index Fund Exchange Traded Fund,systematic_or_rules_based,management_style_evidence_1.1,S000036004,index_passive_identified,high,sec_ncen_c3,SEC N-CEN C.3 identifies the series as an index fund,https://www.sec.gov/Archives/edgar/data/930667/000175272425165979/0001752724-25-165979-index.html,2025q3_ncen.zip,0001752724-25-165979,S000036004,iShares Emerging Markets Dividend ETF,Y,Y,series_id,0.9310344827586207,,True
DWAS,Invesco Dorsey Wright SmallCap Momentum ETF,systematic_or_rules_based,management_style_evidence_1.1,S000037586,index_passive_identified,high,sec_ncen_c3,SEC N-CEN C.3 identifies the series as an index fund,https://www.sec.gov/Archives/edgar/data/1378872/000137887225000490/0001378872-25-000490-index.html,2025q4_ncen.zip,0001378872-25-000490,S000037586,Invesco Dorsey Wright SmallCap Momentum ETF,Y,Y,series_id,1.0,,True
DWAW,AdvisorShares Dorsey Wright FSM All Cap World ETF,active_identified,management_style_evidence_1.1,S000067383,active_identified,high,primary_source_override,Issuer includes DWAW in its official actively managed ETF lineup,https://insights.advisorshares.com/etf-fact-sheets,,,,,,,manual_ticker_override,,,False
DWLD,Davis Select Worldwide ETF,active_identified,management_style_evidence_1.1,S000055344,active_identified,high,primary_source_override,Issuer prospectus identifies DWLD as an actively managed ETF,https://www.davisetfs.com/etfs/financial/document-viewer?document=statutory-prospectus,,,,,,,manual_ticker_override,,,False
DWM,WisdomTree International Equity Fund,not_determined,management_style_evidence_1.1,S000012388,index_passive_identified,high,sec_ncen_c3,SEC N-CEN C.3 identifies the series as an index fund,https://www.sec.gov/Archives/edgar/data/1350487/000094040026023461/0000940400-26-023461-index.html,2026q2_ncen.zip,0000940400-26-023461,S000012388,WisdomTree International Equity Fund,Y,Y,series_id,1.0,,True
DWMF,WisdomTree International Multifactor Fund,systematic_or_rules_based,management_style_evidence_1.1,S000062306,active_identified,high,primary_source_override,Issuer identifies DWMF as an actively managed systematic multifactor fund,https://www.wisdomtree.com/us/products/equity/dwmf,,,,,,,manual_ticker_override,,Systematic implementation is a strategy attribute and does not negate the active management classification.,True
DWUS,AdvisorShares Dorsey Wright FSM US Core ETF,active_identified,management_style_evidence_1.1,S000067384,active_identified,high,primary_source_override,Issuer includes DWUS in its official actively managed ETF lineup,https://insights.advisorshares.com/etf-fact-sheets,,,,,,,manual_ticker_override,,,False
DWX,State Street SPDR S&P International Dividend ETF,systematic_or_rules_based,management_style_evidence_1.1,S000020665,index_passive_identified,high,sec_ncen_c3,SEC N-CEN C.3 identifies the series as an index fund,https://www.sec.gov/Archives/edgar/data/1168164/000141036825034454/0001410368-25-034454-index.html,2025q4_ncen.zip,0001410368-25-034454,S000020665,SPDR (R) S&P (R) International Dividend ETF,Y,Y,series_id,0.821917808219178,,True
DXJ,WisdomTree Japan Hedged Equity Fund,not_determined,management_style_evidence_1.1,S000012380,index_passive_identified,high,sec_ncen_c3,SEC N-CEN C.3 identifies the series as an index fund,https://www.sec.gov/Archives/edgar/data/1350487/000094040026023461/0000940400-26-023461-index.html,2026q2_ncen.zip,0000940400-26-023461,S000012380,WisdomTree Japan Hedged Equity Fund,Y,Y,series_id,1.0,,True
DYLD,LeaderShares Dynamic Yield ETF,not_determined,management_style_evidence_1.1,S000089059,non_index_management_identified,high,sec_ncen_c3,SEC N-CEN C.3 does not identify the series as an index fund; the filing alone does not distinguish discretionary from rules-based management,https://www.sec.gov/Archives/edgar/data/1552947/000091047226000300/0000910472-26-000300-index.html,2026q1_ncen.zip,0000910472-26-000300,S000072292,LeaderShares Dynamic Yield ETF,Y,,ticker,1.0,,True
DYNF,iShares U.S. Equity Factor Rotation Active ETF,active_identified,management_style_evidence_1.1,S000064945,active_identified,medium,sec_ncen_c3,SEC N-CEN C.3 does not identify the series as an index fund; classification refined by transparent product-name evidence (strategy_name_identifies_active_management),https://www.sec.gov/Archives/edgar/data/1761055/000141036825014326/0001410368-25-014326-index.html,2025q4_ncen.zip,0001410368-25-014326,S000064945,iShares U.S. Equity Factor Rotation Active ETF,Y,,series_id,1.0,,False
EAGG,iShares ESG Aware U.S. Aggregate Bond ETF,systematic_or_rules_based,management_style_evidence_1.1,S000062159,index_passive_identified,high,sec_ncen_c3,SEC N-CEN C.3 identifies the series as an index fund,https://www.sec.gov/Archives/edgar/data/1100663/000141036826044733/0001410368-26-044733-index.html,2026q2_ncen.zip,0001410368-26-044733,S000062159,iShares ESG Aware U.S. Aggregate Bond ETF,Y,Y,series_id,1.0,,True
EART,Global X Rare Earth & Critical Materials ETF,not_determined,management_style_evidence_1.1,,index_passive_identified,high,sec_ncen_c3,SEC N-CEN C.3 identifies the series as an index fund,https://www.sec.gov/Archives/edgar/data/1432353/000204825126001907/0002048251-26-001907-index.html,2026q1_ncen.zip,0002048251-26-001907,S000034190,Global X Rare Earth & Critical Materials ETF,Y,Y,ticker,1.0,,True
EASG,Xtrackers MSCI EAFE Selection Equity ETF,index_passive_identified,management_style_evidence_1.1,S000060055,index_passive_identified,high,sec_ncen_c3,SEC N-CEN C.3 identifies the series as an index fund,https://www.sec.gov/Archives/edgar/data/1503123/000094040025005824/0000940400-25-005824-index.html,2025q4_ncen.zip,0000940400-25-005824,S000060055,Xtrackers MSCI EAFE Selection Equity ETF,Y,Y,series_id,1.0,,False
EBIZ,Global X E-commerce ETF,not_determined,management_style_evidence_1.1,S000062674,index_passive_identified,high,sec_ncen_c3,SEC N-CEN C.3 identifies the series as an index fund,https://www.sec.gov/Archives/edgar/data/1432353/000204825126001907/0002048251-26-001907-index.html,2026q1_ncen.zip,0002048251-26-001907,S000062674,Global X E-commerce ETF,Y,Y,series_id,1.0,,True
EBND,State Street SPDR Bloomberg Emerging Markets Local Bond ETF,index_passive_identified,management_style_evidence_1.1,S000022631,index_passive_identified,high,sec_ncen_c3,SEC N-CEN C.3 identifies the series as an index fund,https://www.sec.gov/Archives/edgar/data/1064642/000141036826023902/0001410368-26-023902-index.html,2026q1_ncen.zip,0001410368-26-023902,S000022631,SPDR(R) Bloomberg Emerging Markets Local Bond ETF,Y,Y,series_id,0.8695652173913043,,False
ECH,iShares MSCI Chile ETF,index_passive_identified,management_style_evidence_1.1,S000018070,index_passive_identified,high,sec_ncen_c3,SEC N-CEN C.3 identifies the series as an index fund,https://www.sec.gov/Archives/edgar/data/930667/000141036825023226/0001410368-25-023226-index.html,2025q4_ncen.zip,0001410368-25-023226,S000018070,iShares MSCI Chile ETF,Y,Y,series_id,1.0,,False
ECNS,iShares MSCI China Small-Cap ETF,index_passive_identified,management_style_evidence_1.1,S000028552,index_passive_identified,high,sec_ncen_c3,SEC N-CEN C.3 identifies the series as an index fund,https://www.sec.gov/Archives/edgar/data/1100663/000141036825023225/0001410368-25-023225-index.html,2025q4_ncen.zip,0001410368-25-023225,S000028552,iShares MSCI China Small-Cap ETF,Y,Y,series_id,1.0,,False
ECON,Columbia Research Enhanced Emerging Economies ETF,not_determined,management_style_evidence_1.1,S000028760,index_passive_identified,high,sec_ncen_c3,SEC N-CEN C.3 identifies the series as an index fund,https://www.sec.gov/Archives/edgar/data/1450501/000141036826060043/0001410368-26-060043-index.html,2026q2_ncen.zip,0001410368-26-060043,S000028760,Columbia Research Enhanced Emerging Economies ETF,Y,Y,series_id,1.0,,True
ECOW,Pacer Emerging Markets Cash Cows 100 ETF,systematic_or_rules_based,management_style_evidence_1.1,S000064827,index_passive_identified,high,sec_ncen_c3,SEC N-CEN C.3 identifies the series as an index fund,https://www.sec.gov/Archives/edgar/data/1616668/000114554925046416/0001145549-25-046416-index.html,2025q3_ncen.zip,0001145549-25-046416,S000064827,Pacer Emerging Markets Cash Cows 100 ETF,Y,Y,series_id,1.0,,True
EDEN,iShares MSCI Denmark ETF,index_passive_identified,management_style_evidence_1.1,S000035383,index_passive_identified,high,sec_ncen_c3,SEC N-CEN C.3 identifies the series as an index fund,https://www.sec.gov/Archives/edgar/data/1100663/000141036825023225/0001410368-25-023225-index.html,2025q4_ncen.zip,0001410368-25-023225,S000035383,iShares MSCI Denmark ETF,Y,Y,series_id,1.0,,False
EDIV,State Street SPDR S&P Emerging Markets Dividend ETF,systematic_or_rules_based,management_style_evidence_1.1,S000031174,index_passive_identified,high,sec_ncen_c3,SEC N-CEN C.3 identifies the series as an index fund,https://www.sec.gov/Archives/edgar/data/1168164/000141036825034454/0001410368-25-034454-index.html,2025q4_ncen.zip,0001410368-25-034454,S000031174,SPDR(R) S&P(R) Emerging Markets Dividend ETF,Y,Y,series_id,0.8311688311688312,,True
EDOG,ALPS Emerging Sector Dividend Dogs ETF,systematic_or_rules_based,management_style_evidence_1.1,S000044070,index_passive_identified,high,sec_ncen_c3,SEC N-CEN C.3 identifies the series as an index fund,https://www.sec.gov/Archives/edgar/data/1414040/000104916926000159/0001049169-26-000159-index.html,2026q1_ncen.zip,0001049169-26-000159,S000044070,ALPS Emerging Sector Dividend Dogs ETF,Y,Y,series_id,1.0,,True
EDOW,First Trust Dow 30 Equal Weight ETF,systematic_or_rules_based,management_style_evidence_1.1,S000058339,index_passive_identified,high,sec_ncen_c3,SEC N-CEN C.3 identifies the series as an index fund,https://www.sec.gov/Archives/edgar/data/1329377/000094040026009992/0000940400-26-009992-index.html,2026q1_ncen.zip,0000940400-26-009992,S000058339,First Trust Dow 30 Equal Weight ETF,Y,Y,series_id,1.0,,True
EDV,Vanguard Extended Duration Treasury ETF,not_determined,management_style_evidence_1.1,S000018789,index_passive_identified,high,sec_ncen_c3,SEC N-CEN C.3 identifies the series as an index fund,https://www.sec.gov/Archives/edgar/data/52848/000005284825000301/0000052848-25-000301-index.html,2025q4_ncen.zip,0000052848-25-000301,S000018789,VANGUARD EXTENDED DURATION TREASURY INDEX FUND,Y,Y,series_id,0.9295774647887324,,True
EELV,Invesco S&P Emerging Markets Low Volatility ETF,systematic_or_rules_based,management_style_evidence_1.1,S000034749,index_passive_identified,high,sec_ncen_c3,SEC N-CEN C.3 identifies the series as an index fund,https://www.sec.gov/Archives/edgar/data/1378872/000137887226000052/0001378872-26-000052-index.html,2026q1_ncen.zip,0001378872-26-000052,S000034749,Invesco S&P Emerging Markets Low Volatility ETF,Y,Y,series_id,1.0,,True
EEM,iShares MSCI Emerging Index Fund,index_passive_identified,management_style_evidence_1.1,S000004266,index_passive_identified,high,sec_ncen_c3,SEC N-CEN C.3 identifies the series as an index fund,https://www.sec.gov/Archives/edgar/data/930667/000141036825023226/0001410368-25-023226-index.html,2025q4_ncen.zip,0001410368-25-023226,S000004266,iShares MSCI Emerging Markets ETF,Y,Y,series_id,0.7,,False
EEMA,iShares MSCI Emerging Markets Asia ETF,index_passive_identified,management_style_evidence_1.1,S000034697,index_passive_identified,high,sec_ncen_c3,SEC N-CEN C.3 identifies the series as an index fund,https://www.sec.gov/Archives/edgar/data/930667/000141036825023226/0001410368-25-023226-index.html,2025q4_ncen.zip,0001410368-25-023226,S000034697,iShares MSCI Emerging Markets Asia ETF,Y,Y,series_id,1.0,,False
EEMO,Invesco S&P Emerging Markets Momentum ETF,systematic_or_rules_based,management_style_evidence_1.1,,index_passive_identified,high,sec_ncen_c3,SEC N-CEN C.3 identifies the series as an index fund,https://www.sec.gov/Archives/edgar/data/1378872/000137887226000052/0001378872-26-000052-index.html,2026q1_ncen.zip,0001378872-26-000052,S000034748,Invesco S&P Emerging Markets Momentum ETF,Y,Y,ticker,1.0,,True
EEMS,iShares MSCI Emerging Markets Small Cap ETF,index_passive_identified,management_style_evidence_1.1,S000019125,index_passive_identified,high,sec_ncen_c3,SEC N-CEN C.3 identifies the series as an index fund,https://www.sec.gov/Archives/edgar/data/930667/000141036825023226/0001410368-25-023226-index.html,2025q4_ncen.zip,0001410368-25-023226,S000019125,iShares MSCI Emerging Markets Small-Cap ETF,Y,Y,series_id,1.0,,False
EEMV,iShares MSCI Emerging Markets Min Vol Factor ETF,systematic_or_rules_based,management_style_evidence_1.1,S000032497,index_passive_identified,high,sec_ncen_c3,SEC N-CEN C.3 identifies the series as an index fund,https://www.sec.gov/Archives/edgar/data/930667/000141036825023226/0001410368-25-023226-index.html,2025q4_ncen.zip,0001410368-25-023226,S000032497,iShares MSCI Emerging Markets Min Vol Factor ETF,Y,Y,series_id,1.0,,True
EEMX,State Street SPDR MSCI Emerging Markets Fossil Fuel Reserves Free ETF,index_passive_identified,management_style_evidence_1.1,S000053084,index_passive_identified,high,sec_ncen_c3,SEC N-CEN C.3 identifies the series as an index fund,https://www.sec.gov/Archives/edgar/data/1168164/000141036825034454/0001410368-25-034454-index.html,2025q4_ncen.zip,0001410368-25-034454,S000053084,SPDR MSCI Emerging Markets Fossil Fuel Reserves Free ETF,Y,Y,series_id,0.8135593220338984,,False
EES,WisdomTree U.S. SmallCap Fund,not_determined,management_style_evidence_1.1,S000015507,index_passive_identified,high,sec_ncen_c3,SEC N-CEN C.3 identifies the series as an index fund,https://www.sec.gov/Archives/edgar/data/1350487/000094040026023461/0000940400-26-023461-index.html,2026q2_ncen.zip,0000940400-26-023461,S000015507,WisdomTree U.S. SmallCap Fund,Y,Y,series_id,1.0,,True
EFA,iShares MSCI EAFE ETF,index_passive_identified,management_style_evidence_1.1,S000004351,index_passive_identified,high,sec_ncen_c3,SEC N-CEN C.3 identifies the series as an index fund,https://www.sec.gov/Archives/edgar/data/1100663/000141036825014340/0001410368-25-014340-index.html,2025q4_ncen.zip,0001410368-25-014340,S000004351,iShares MSCI EAFE ETF,Y,Y,series_id,1.0,,False
EFAD,ProShares MSCI EAFE Dividend Growers ETF,systematic_or_rules_based,management_style_evidence_1.1,S000046273,index_passive_identified,high,sec_ncen_c3,SEC N-CEN C.3 identifies the series as an index fund,https://www.sec.gov/Archives/edgar/data/1174610/000175272425186802/0001752724-25-186802-index.html,2025q3_ncen.zip,0001752724-25-186802,S000046273,ProShares MSCI EAFE Dividend Growers ETF,Y,Y,series_id,1.0,,True
EFAS,Global X MSCI SuperDividend EAFE ETF,index_passive_identified,management_style_evidence_1.1,S000055354,index_passive_identified,high,sec_ncen_c3,SEC N-CEN C.3 identifies the series as an index fund,https://www.sec.gov/Archives/edgar/data/1432353/000204825126001907/0002048251-26-001907-index.html,2026q1_ncen.zip,0002048251-26-001907,S000055354,Global X MSCI SuperDividend EAFE ETF,Y,Y,series_id,1.0,,False
EFAV,iShares MSCI EAFE Min Vol Factor ETF,systematic_or_rules_based,management_style_evidence_1.1,S000031837,index_passive_identified,high,sec_ncen_c3,SEC N-CEN C.3 identifies the series as an index fund,https://www.sec.gov/Archives/edgar/data/1100663/000141036825014340/0001410368-25-014340-index.html,2025q4_ncen.zip,0001410368-25-014340,S000031837,iShares MSCI EAFE Min Vol Factor ETF,Y,Y,series_id,1.0,,True
EFAX,State Street SPDR MSCI EAFE Fossil Fuel Reserves Free ETF,index_passive_identified,management_style_evidence_1.1,S000053083,index_passive_identified,high,sec_ncen_c3,SEC N-CEN C.3 identifies the series as an index fund,https://www.sec.gov/Archives/edgar/data/1168164/000141036825034454/0001410368-25-034454-index.html,2025q4_ncen.zip,0001410368-25-034454,S000053083,SPDR MSCI EAFE Fossil Fuel Reserves Free ETF,Y,Y,series_id,0.7708333333333334,,False
EFG,iShares MSCI EAFE Growth ETF,systematic_or_rules_based,management_style_evidence_1.1,S000004437,index_passive_identified,high,sec_ncen_c3,SEC N-CEN C.3 identifies the series as an index fund,https://www.sec.gov/Archives/edgar/data/1100663/000141036825014340/0001410368-25-014340-index.html,2025q4_ncen.zip,0001410368-25-014340,S000004437,iShares MSCI EAFE Growth ETF,Y,Y,series_id,1.0,,True
EFIV,State Street SPDR S&P 500 ESG ETF,systematic_or_rules_based,management_style_evidence_1.1,S000069051,index_passive_identified,high,sec_ncen_c3,SEC N-CEN C.3 identifies the series as an index fund,https://www.sec.gov/Archives/edgar/data/1064642/000141036826040180/0001410368-26-040180-index.html,2026q2_ncen.zip,0001410368-26-040180,S000069051,SPDR S&P 500 ESG ETF,Y,Y,series_id,0.5769230769230769,,True
EFNL,iShares MSCI Finland ETF,index_passive_identified,management_style_evidence_1.1,S000035386,index_passive_identified,high,sec_ncen_c3,SEC N-CEN C.3 identifies the series as an index fund,https://www.sec.gov/Archives/edgar/data/1100663/000141036825023225/0001410368-25-023225-index.html,2025q4_ncen.zip,0001410368-25-023225,S000035386,iShares MSCI Finland ETF,Y,Y,series_id,1.0,,False
EFV,iShares MSCI EAFE Value ETF,systematic_or_rules_based,management_style_evidence_1.1,S000004438,index_passive_identified,high,sec_ncen_c3,SEC N-CEN C.3 identifies the series as an index fund,https://www.sec.gov/Archives/edgar/data/1100663/000141036825014340/0001410368-25-014340-index.html,2025q4_ncen.zip,0001410368-25-014340,S000004438,iShares MSCI EAFE Value ETF,Y,Y,series_id,1.0,,True
EIDO,iShares MSCI Indonesia ETF,index_passive_identified,management_style_evidence_1.1,S000028553,index_passive_identified,high,sec_ncen_c3,SEC N-CEN C.3 identifies the series as an index fund,https://www.sec.gov/Archives/edgar/data/1100663/000141036825023225/0001410368-25-023225-index.html,2025q4_ncen.zip,0001410368-25-023225,S000028553,iShares MSCI Indonesia ETF,Y,Y,series_id,1.0,,False
EINC,VanEck Energy Income ETF,not_determined,management_style_evidence_1.1,,index_passive_identified,high,sec_ncen_c3,SEC N-CEN C.3 identifies the series as an index fund,https://www.sec.gov/Archives/edgar/data/1137360/000141036825033784/0001410368-25-033784-index.html,2025q4_ncen.zip,0001410368-25-033784,S000051241,VanEck Energy Income ETF,Y,Y,ticker,1.0,,True
EIRL,iShares MSCI Ireland ETF,index_passive_identified,management_style_evidence_1.1,S000028681,index_passive_identified,high,sec_ncen_c3,SEC N-CEN C.3 identifies the series as an index fund,https://www.sec.gov/Archives/edgar/data/1100663/000141036825023225/0001410368-25-023225-index.html,2025q4_ncen.zip,0001410368-25-023225,S000028681,iShares MSCI Ireland ETF,Y,Y,series_id,1.0,,False
EIS,iShares MSCI Israel ETF,index_passive_identified,management_style_evidence_1.1,S000021462,index_passive_identified,high,sec_ncen_c3,SEC N-CEN C.3 identifies the series as an index fund,https://www.sec.gov/Archives/edgar/data/930667/000141036825023226/0001410368-25-023226-index.html,2025q4_ncen.zip,0001410368-25-023226,S000021462,iShares MSCI Israel ETF,Y,Y,series_id,1.0,,False
ELD,WisdomTree Emerging Markets Local Debt Fund,not_determined,management_style_evidence_1.1,S000028984,non_index_management_identified,high,sec_ncen_c3,SEC N-CEN C.3 does not identify the series as an index fund; the filing alone does not distinguish discretionary from rules-based management,https://www.sec.gov/Archives/edgar/data/1350487/000094040025005898/0000940400-25-005898-index.html,2025q4_ncen.zip,0000940400-25-005898,S000028984,WisdomTree Emerging Markets Local Debt Fund,Y,,series_id,1.0,,True
EMB,iShares J.P. Morgan USD Emerging Markets Bond ETF,not_determined,management_style_evidence_1.1,S000019798,index_passive_identified,high,sec_ncen_c3,SEC N-CEN C.3 identifies the series as an index fund,https://www.sec.gov/Archives/edgar/data/1100663/000141036826001031/0001410368-26-001031-index.html,2026q1_ncen.zip,0001410368-26-001031,S000019798,iShares J.P. Morgan USD Emerging Markets Bond ETF,Y,Y,series_id,1.0,,True
EMBD,Global X Emerging Markets Bond ETF,not_determined,management_style_evidence_1.1,S000068582,non_index_management_identified,high,sec_ncen_c3,SEC N-CEN C.3 does not identify the series as an index fund; the filing alone does not distinguish discretionary from rules-based management,https://www.sec.gov/Archives/edgar/data/1432353/000204825126001908/0002048251-26-001908-index.html,2026q1_ncen.zip,0002048251-26-001908,S000068582,Global X Emerging Markets Bond ETF,Y,,series_id,1.0,,True
EMBX,VanEck Emerging Markets Bond ETF,not_determined,management_style_evidence_1.1,S000094755,non_index_management_identified,high,sec_ncen_c3,SEC N-CEN C.3 does not identify the series as an index fund; the filing alone does not distinguish discretionary from rules-based management,https://www.sec.gov/Archives/edgar/data/768847/000141036826024761/0001410368-26-024761-index.html,2026q1_ncen.zip,0001410368-26-024761,S000094755,VanEck Emerging Markets Bond ETF,Y,,series_id,1.0,,True
EMCB,WisdomTree Emerging Markets Corporate Bond Fund,not_determined,management_style_evidence_1.1,S000033843,non_index_management_identified,high,sec_ncen_c3,SEC N-CEN C.3 does not identify the series as an index fund; the filing alone does not distinguish discretionary from rules-based management,https://www.sec.gov/Archives/edgar/data/1350487/000094040025005898/0000940400-25-005898-index.html,2025q4_ncen.zip,0000940400-25-005898,S000033843,WisdomTree Emerging Markets Corporate Bond Fund,Y,,series_id,1.0,,True
EMCR,Xtrackers Emerging Markets Carbon Reduction and Climate Improvers ETF,not_determined,management_style_evidence_1.1,,index_passive_identified,high,sec_ncen_c3,SEC N-CEN C.3 identifies the series as an index fund,https://www.sec.gov/Archives/edgar/data/1503123/000094040025005824/0000940400-25-005824-index.html,2025q4_ncen.zip,0000940400-25-005824,S000060056,Xtrackers Emerging Markets Carbon Reduction and Climate Improvers ETF,Y,Y,ticker,1.0,,True
EMCS,Xtrackers MSCI Emerging Markets Select ETF,index_passive_identified,management_style_evidence_1.1,,index_passive_identified,high,sec_ncen_c3,SEC N-CEN C.3 identifies the series as an index fund,https://www.sec.gov/Archives/edgar/data/1503123/000094040025005824/0000940400-25-005824-index.html,2025q4_ncen.zip,0000940400-25-005824,S000060054,Xtrackers MSCI Emerging Markets Climate Selection ETF,Y,Y,ticker,0.8809523809523809,,False
EMDV,ProShares MSCI Emerging Markets Dividend Growers ETF,systematic_or_rules_based,management_style_evidence_1.1,S000046274,index_passive_identified,high,sec_ncen_c3,SEC N-CEN C.3 identifies the series as an index fund,https://www.sec.gov/Archives/edgar/data/1174610/000175272425186802/0001752724-25-186802-index.html,2025q3_ncen.zip,0001752724-25-186802,S000046274,ProShares MSCI Emerging Markets Dividend Growers ETF,Y,Y,series_id,1.0,,True
EMET,VanEck Copper and Electrification Metals ETF,not_determined,management_style_evidence_1.1,,index_passive_identified,high,sec_ncen_c3,SEC N-CEN C.3 identifies the series as an index fund,https://www.sec.gov/Archives/edgar/data/1137360/000141036826024760/0001410368-26-024760-index.html,2026q1_ncen.zip,0001410368-26-024760,S000073995,VanEck Copper and Green Metals ETF,Y,Y,ticker,0.7941176470588235,,True
EMGF,iShares Emerging Markets Equity Factor ETF,systematic_or_rules_based,management_style_evidence_1.1,S000049021,index_passive_identified,high,sec_ncen_c3,SEC N-CEN C.3 identifies the series as an index fund,https://www.sec.gov/Archives/edgar/data/930667/000141036825023226/0001410368-25-023226-index.html,2025q4_ncen.zip,0001410368-25-023226,S000049021,iShares Emerging Markets Equity Factor ETF,Y,Y,series_id,1.0,,True
EMHC,State Street SPDR Bloomberg Emerging Markets USD Bond ETF,index_passive_identified,management_style_evidence_1.1,S000068660,index_passive_identified,high,sec_ncen_c3,SEC N-CEN C.3 identifies the series as an index fund,https://www.sec.gov/Archives/edgar/data/1064642/000141036826040180/0001410368-26-040180-index.html,2026q2_ncen.zip,0001410368-26-040180,S000068660,SPDR Bloomberg Emerging Markets USD Bond ETF,Y,Y,series_id,0.7755102040816326,,False
EMHY,iShares J.P. Morgan EM High Yield Bond ETF,not_determined,management_style_evidence_1.1,S000036777,index_passive_identified,high,sec_ncen_c3,SEC N-CEN C.3 identifies the series as an index fund,https://www.sec.gov/Archives/edgar/data/930667/000141036826001032/0001410368-26-001032-index.html,2026q1_ncen.zip,0001410368-26-001032,S000036777,iShares J.P. Morgan EM High Yield Bond ETF,Y,Y,series_id,1.0,,True
EMIF,iShares Emerging Markets Infrastructure ETF,not_determined,management_style_evidence_1.1,S000022497,index_passive_identified,high,sec_ncen_c3,SEC N-CEN C.3 identifies the series as an index fund,https://www.sec.gov/Archives/edgar/data/1100663/000100472626004646/0001004726-26-004646-index.html,2026q2_ncen.zip,0001004726-26-004646,S000022497,iShares Emerging Markets Infrastructure ETF,Y,Y,series_id,1.0,,True
EMLC,VanEck J. P. Morgan EM Local Currency Bond ET,not_determined,management_style_evidence_1.1,S000028941,index_passive_identified,high,sec_ncen_c3,SEC N-CEN C.3 identifies the series as an index fund,https://www.sec.gov/Archives/edgar/data/1137360/000141036826024760/0001410368-26-024760-index.html,2026q1_ncen.zip,0001410368-26-024760,S000028941,VanEck J.P. Morgan EM Local Currency Bond ETF,Y,Y,series_id,0.9722222222222222,,True
EMLP,First Trust North American Energy Infrastructure Fund,not_determined,management_style_evidence_1.1,S000033458,non_index_management_identified,high,sec_ncen_c3,SEC N-CEN C.3 does not identify the series as an index fund; the filing alone does not distinguish discretionary from rules-based management,https://www.sec.gov/Archives/edgar/data/1517936/000094040026000180/0000940400-26-000180-index.html,2026q1_ncen.zip,0000940400-26-000180,S000033458,First Trust North American Energy Infrastructure Fund,Y,,series_id,1.0,,True
EMMF,WisdomTree Emerging Markets Multifactor Fund,systematic_or_rules_based,management_style_evidence_1.1,S000062304,active_identified,high,primary_source_override,Issuer identifies EMMF as an actively managed systematic multifactor fund,https://www.wisdomtree.com/us/products/equity/emmf,,,,,,,manual_ticker_override,,Systematic implementation is a strategy attribute and does not negate the active management classification.,True
EMNT,PIMCO Enhanced Short Maturity Active ESG Exchange-Traded Fund,active_identified,management_style_evidence_1.1,S000066983,active_identified,medium,sec_ncen_c3,SEC N-CEN C.3 does not identify the series as an index fund; classification refined by transparent product-name evidence (strategy_name_identifies_active_management),https://www.sec.gov/Archives/edgar/data/1450011/000145001125000520/0001450011-25-000520-index.html,2025q3_ncen.zip,0001450011-25-000520,S000066983,PIMCO Enhanced Short Maturity Active ESG Exchange-Traded Fund,Y,,series_id,1.0,,False
EMQQ,EMQQ The Emerging Markets Internet ETF,not_determined,management_style_evidence_1.1,S000047306,index_passive_identified,high,sec_ncen_c3,SEC N-CEN C.3 identifies the series as an index fund,https://www.sec.gov/Archives/edgar/data/1452937/000204825125002330/0002048251-25-002330-index.html,2025q4_ncen.zip,0002048251-25-002330,S000047306,EMQQ The Emerging Markets Internet ETF,Y,Y,series_id,1.0,,True
EMSG,Xtrackers MSCI Emerging Markets ESG Leaders Equity ETF,systematic_or_rules_based,management_style_evidence_1.1,S000060054,index_passive_identified,high,sec_ncen_c3,SEC N-CEN C.3 identifies the series as an index fund,https://www.sec.gov/Archives/edgar/data/1503123/000175272424248018/0001752724-24-248018-index.html,2024q4_ncen.zip,0001752724-24-248018,S000060054,Xtrackers MSCI Emerging Markets ESG Leaders Equity ETF,Y,Y,series_id,1.0,,True
EMTY,ProShares Decline of the Retail Store ETF,not_determined,management_style_evidence_1.1,S000059653,index_passive_identified,high,sec_ncen_c3,SEC N-CEN C.3 identifies the series as an index fund,https://www.sec.gov/Archives/edgar/data/1174610/000175272425186802/0001752724-25-186802-index.html,2025q3_ncen.zip,0001752724-25-186802,S000059653,ProShares Decline of the Retail Store ETF,Y,Y,series_id,1.0,,True
EMXC,iShares MSCI Emerging Markets ex China ETF,index_passive_identified,management_style_evidence_1.1,S000057835,index_passive_identified,high,sec_ncen_c3,SEC N-CEN C.3 identifies the series as an index fund,https://www.sec.gov/Archives/edgar/data/930667/000141036825023226/0001410368-25-023226-index.html,2025q4_ncen.zip,0001410368-25-023226,S000057835,iShares MSCI Emerging Markets ex China ETF,Y,Y,series_id,1.0,,False
EMXF,iShares ESG Advanced MSCI EM ETF,systematic_or_rules_based,management_style_evidence_1.1,S000068773,index_passive_identified,high,sec_ncen_c3,SEC N-CEN C.3 identifies the series as an index fund,https://www.sec.gov/Archives/edgar/data/1100663/000141036825023225/0001410368-25-023225-index.html,2025q4_ncen.zip,0001410368-25-023225,S000068773,iShares ESG Advanced MSCI EM ETF,Y,Y,series_id,1.0,,True
ENFR,Alerian Energy Infrastructure ETF,not_determined,management_style_evidence_1.1,S000042676,index_passive_identified,high,sec_ncen_c3,SEC N-CEN C.3 identifies the series as an index fund,https://www.sec.gov/Archives/edgar/data/1414040/000104916926000159/0001049169-26-000159-index.html,2026q1_ncen.zip,0001049169-26-000159,S000042676,Alerian Energy Infrastructure ETF,Y,Y,series_id,1.0,,True
ENOR,iShares MSCI Norway ETF,index_passive_identified,management_style_evidence_1.1,S000035389,index_passive_identified,high,sec_ncen_c3,SEC N-CEN C.3 identifies the series as an index fund,https://www.sec.gov/Archives/edgar/data/1100663/000141036825023225/0001410368-25-023225-index.html,2025q4_ncen.zip,0001410368-25-023225,S000035389,iShares MSCI Norway ETF,Y,Y,series_id,1.0,,False
ENTR,ERShares Entrepreneur 30 ETF,not_determined,management_style_evidence_1.1,S000059420,non_index_management_identified,high,sec_ncen_c3,SEC N-CEN C.3 does not identify the series as an index fund; the filing alone does not distinguish discretionary from rules-based management,https://www.sec.gov/Archives/edgar/data/1495922/000175272424202603/0001752724-24-202603-index.html,2024q3_ncen.zip,0001752724-24-202603,S000059420,ERShares Entrepreneurs ETF,Y,,series_id,0.918918918918919,,True
ENZL,iShares MSCI New Zealand ETF,index_passive_identified,management_style_evidence_1.1,S000028554,index_passive_identified,high,sec_ncen_c3,SEC N-CEN C.3 identifies the series as an index fund,https://www.sec.gov/Archives/edgar/data/1100663/000141036825023225/0001410368-25-023225-index.html,2025q4_ncen.zip,0001410368-25-023225,S000028554,iShares MSCI New Zealand ETF,Y,Y,series_id,1.0,,False
EPHE,iShares MSCI Philippines ETF,index_passive_identified,management_style_evidence_1.1,S000028735,index_passive_identified,high,sec_ncen_c3,SEC N-CEN C.3 identifies the series as an index fund,https://www.sec.gov/Archives/edgar/data/1100663/000141036825023225/0001410368-25-023225-index.html,2025q4_ncen.zip,0001410368-25-023225,S000028735,iShares MSCI Philippines ETF,Y,Y,series_id,1.0,,False
EPI,WisdomTree India Earnings Fund,not_determined,management_style_evidence_1.1,S000020636,index_passive_identified,high,sec_ncen_c3,SEC N-CEN C.3 identifies the series as an index fund,https://www.sec.gov/Archives/edgar/data/1350487/000094040026023461/0000940400-26-023461-index.html,2026q2_ncen.zip,0000940400-26-023461,S000020636,WisdomTree India Earnings Fund,Y,Y,series_id,1.0,,True
EPOL,iShares MSCI Poland ETF,index_passive_identified,management_style_evidence_1.1,S000028556,index_passive_identified,high,sec_ncen_c3,SEC N-CEN C.3 identifies the series as an index fund,https://www.sec.gov/Archives/edgar/data/1100663/000141036825023225/0001410368-25-023225-index.html,2025q4_ncen.zip,0001410368-25-023225,S000028556,iShares MSCI Poland ETF,Y,Y,series_id,1.0,,False
EPP,iShares MSCI Pacific Ex-Japan Index Fund,index_passive_identified,management_style_evidence_1.1,S000004253,index_passive_identified,high,sec_ncen_c3,SEC N-CEN C.3 identifies the series as an index fund,https://www.sec.gov/Archives/edgar/data/930667/000141036825023226/0001410368-25-023226-index.html,2025q4_ncen.zip,0001410368-25-023226,S000004253,iShares MSCI Pacific ex Japan ETF,Y,Y,series_id,0.8888888888888888,,False
EPRF,Innovator S&P Investment Grade Preferred ETF,index_passive_identified,management_style_evidence_1.1,,index_passive_identified,high,sec_ncen_c3,SEC N-CEN C.3 identifies the series as an index fund,https://www.sec.gov/Archives/edgar/data/1415726/000089418926000385/0000894189-26-000385-index.html,2026q1_ncen.zip,0000894189-26-000385,S000073678,Innovator S&P Investment Grade Preferred ETF,Y,Y,ticker,1.0,,False
EPS,WisdomTree U.S. LargeCap Fund,not_determined,management_style_evidence_1.1,S000015505,index_passive_identified,high,sec_ncen_c3,SEC N-CEN C.3 identifies the series as an index fund,https://www.sec.gov/Archives/edgar/data/1350487/000094040026023461/0000940400-26-023461-index.html,2026q2_ncen.zip,0000940400-26-023461,S000015505,WisdomTree U.S. LargeCap Fund,Y,Y,series_id,1.0,,True
EPU,iShares MSCI Peru and Global Exposure ETF,index_passive_identified,management_style_evidence_1.1,S000024426,index_passive_identified,high,sec_ncen_c3,SEC N-CEN C.3 identifies the series as an index fund,https://www.sec.gov/Archives/edgar/data/1100663/000141036825023225/0001410368-25-023225-index.html,2025q4_ncen.zip,0001410368-25-023225,S000024426,iShares MSCI Peru and Global Exposure ETF,Y,Y,series_id,1.0,,False
EQAL,Invesco Russell 1000 Equal Weight ETF,systematic_or_rules_based,management_style_evidence_1.1,S000047524,index_passive_identified,high,sec_ncen_c3,SEC N-CEN C.3 identifies the series as an index fund,https://www.sec.gov/Archives/edgar/data/1378872/000137887225000490/0001378872-25-000490-index.html,2025q4_ncen.zip,0001378872-25-000490,S000047524,Invesco Russell 1000 Equal Weight ETF,Y,Y,series_id,1.0,,True
EQIN,Columbia U.S. Equity Income ETF,not_determined,management_style_evidence_1.1,,index_passive_identified,high,sec_ncen_c3,SEC N-CEN C.3 identifies the series as an index fund,https://www.sec.gov/Archives/edgar/data/1551950/000119312526008591/0001193125-26-008591-index.html,2026q1_ncen.zip,0001193125-26-008591,S000053879,Columbia U.S. Equity Income ETF,Y,Y,ticker,1.0,,True
EQL,ALPS Equal Sector Weight ETF,not_determined,management_style_evidence_1.1,,index_passive_identified,high,sec_ncen_c3,SEC N-CEN C.3 identifies the series as an index fund,https://www.sec.gov/Archives/edgar/data/1414040/000104916926000159/0001049169-26-000159-index.html,2026q1_ncen.zip,0001049169-26-000159,S000025771,ALPS Equal Sector Weight ETF,Y,Y,ticker,1.0,,True
EQLT,iShares MSCI Emerging Markets Quality Factor ETF,systematic_or_rules_based,management_style_evidence_1.1,S000081635,index_passive_identified,high,sec_ncen_c3,SEC N-CEN C.3 identifies the series as an index fund,https://www.sec.gov/Archives/edgar/data/1100663/000141036825023225/0001410368-25-023225-index.html,2025q4_ncen.zip,0001410368-25-023225,S000081635,iShares MSCI Emerging Markets Quality Factor ETF,Y,Y,series_id,1.0,,True
EQRR,ProShares Equities for Rising Rates ETF,not_determined,management_style_evidence_1.1,S000057332,index_passive_identified,high,sec_ncen_c3,SEC N-CEN C.3 identifies the series as an index fund,https://www.sec.gov/Archives/edgar/data/1174610/000175272425186802/0001752724-25-186802-index.html,2025q3_ncen.zip,0001752724-25-186802,S000057332,ProShares Equities for Rising Rates ETF,Y,Y,series_id,1.0,,True
EQWL,Invesco S&P 100 Equal Weight ETF,systematic_or_rules_based,management_style_evidence_1.1,,index_passive_identified,high,sec_ncen_c3,SEC N-CEN C.3 identifies the series as an index fund,https://www.sec.gov/Archives/edgar/data/1209466/000175272425166789/0001752724-25-166789-index.html,2025q3_ncen.zip,0001752724-25-166789,S000013106,Invesco S&P 100 Equal Weight ETF,Y,Y,ticker,1.0,,True
ERTH,Invesco MSCI Sustainable Future ETF,index_passive_identified,management_style_evidence_1.1,,index_passive_identified,high,sec_ncen_c3,SEC N-CEN C.3 identifies the series as an index fund,https://www.sec.gov/Archives/edgar/data/1209466/000175272425166789/0001752724-25-166789-index.html,2025q3_ncen.zip,0001752724-25-166789,S000013122,Invesco MSCI Sustainable Future ETF,Y,Y,ticker,1.0,,False
ESG,Northern Trust STOXX US ESG Select ETF,systematic_or_rules_based,management_style_evidence_1.1,S000054498,index_passive_identified,high,sec_ncen_c3,SEC N-CEN C.3 identifies the series as an index fund,https://www.sec.gov/Archives/edgar/data/1491978/000207169126000168/0002071691-26-000168-index.html,2026q1_ncen.zip,0002071691-26-000168,S000054498,FlexShares STOXX US ESG Select Index Fund,Y,Y,series_id,0.6428571428571429,,True
ESGB,IQ MacKay ESG Core Plus Bond ETF,systematic_or_rules_based,management_style_evidence_1.1,S000071156,active_identified,high,primary_source_override,SEC prospectus identifies portfolio-manager selection rather than index replication,https://www.sec.gov/Archives/edgar/data/1426439/000199937124010790/esgb-497k_082824.htm,,,,,,,manual_ticker_override,,,True
ESGD,iShares ESG Aware MSCI EAFE ETF,systematic_or_rules_based,management_style_evidence_1.1,S000054185,index_passive_identified,high,sec_ncen_c3,SEC N-CEN C.3 identifies the series as an index fund,https://www.sec.gov/Archives/edgar/data/1100663/000141036825023225/0001410368-25-023225-index.html,2025q4_ncen.zip,0001410368-25-023225,S000054185,iShares ESG Aware MSCI EAFE ETF,Y,Y,series_id,1.0,,True
ESGE,iShares ESG Aware MSCI EM ETF,systematic_or_rules_based,management_style_evidence_1.1,S000054183,index_passive_identified,high,sec_ncen_c3,SEC N-CEN C.3 identifies the series as an index fund,https://www.sec.gov/Archives/edgar/data/930667/000141036825023226/0001410368-25-023226-index.html,2025q4_ncen.zip,0001410368-25-023226,S000054183,iShares ESG Aware MSCI EM ETF,Y,Y,series_id,1.0,,True
ESGF,Invesco Global ESG Revenue ETF,systematic_or_rules_based,management_style_evidence_1.1,S000064599,index_passive_identified,high,primary_source_override,SEC filing identifies the underlying revenue-weighted global ESG index tracked by the fund,https://www.sec.gov/Archives/edgar/data/1657201/000119312519039959/d641420d485bpos.htm,,,,,,,manual_ticker_override,,Historical fund liquidated in 2020; classification refers to its former mandate.,True
ESGG,Northern Trust STOXX Global ESG Select ETF,systematic_or_rules_based,management_style_evidence_1.1,S000054499,index_passive_identified,high,sec_ncen_c3,SEC N-CEN C.3 identifies the series as an index fund,https://www.sec.gov/Archives/edgar/data/1491978/000207169126000168/0002071691-26-000168-index.html,2026q1_ncen.zip,0002071691-26-000168,S000054499,FlexShares STOXX Global ESG Select Index Fund,Y,Y,series_id,0.6875,,True
ESGN,Columbia Sustainable International Equity Income ETF,not_determined,management_style_evidence_1.1,S000053878,index_passive_identified,high,sec_ncen_c3,SEC N-CEN C.3 identifies the series as an index fund,https://www.sec.gov/Archives/edgar/data/1551950/000119312526008591/0001193125-26-008591-index.html,2026q1_ncen.zip,0001193125-26-008591,S000053878,Columbia International Equity Income ETF,Y,Y,series_id,0.8674698795180723,,True
ESGS,Columbia Sustainable U.S. Equity Income ETF,not_determined,management_style_evidence_1.1,S000053879,index_passive_identified,high,sec_ncen_c3,SEC N-CEN C.3 identifies the series as an index fund,https://www.sec.gov/Archives/edgar/data/1551950/000119312526008591/0001193125-26-008591-index.html,2026q1_ncen.zip,0001193125-26-008591,S000053879,Columbia U.S. Equity Income ETF,Y,Y,series_id,0.819672131147541,,True
ESGU,iShares ESG Aware MSCI USA ETF,systematic_or_rules_based,management_style_evidence_1.1,S000055381,index_passive_identified,high,sec_ncen_c3,SEC N-CEN C.3 identifies the series as an index fund,https://www.sec.gov/Archives/edgar/data/1100663/000141036825023225/0001410368-25-023225-index.html,2025q4_ncen.zip,0001410368-25-023225,S000055381,iShares ESG Aware MSCI USA ETF,Y,Y,series_id,1.0,,True
ESGV,Vanguard ESG U.S. Stock ETF,systematic_or_rules_based,management_style_evidence_1.1,S000063075,index_passive_identified,high,sec_ncen_c3,SEC N-CEN C.3 identifies the series as an index fund,https://www.sec.gov/Archives/edgar/data/52848/000005284825000301/0000052848-25-000301-index.html,2025q4_ncen.zip,0000052848-25-000301,S000063075,VANGUARD ESG U.S. STOCK ETF,Y,Y,series_id,1.0,,True
ESML,iShares ESG Aware MSCI USA Small-Cap ETF,systematic_or_rules_based,management_style_evidence_1.1,S000061604,index_passive_identified,high,sec_ncen_c3,SEC N-CEN C.3 identifies the series as an index fund,https://www.sec.gov/Archives/edgar/data/1100663/000141036825023225/0001410368-25-023225-index.html,2025q4_ncen.zip,0001410368-25-023225,S000061604,iShares ESG Aware MSCI USA Small-Cap ETF,Y,Y,series_id,1.0,,True
ESMV,iShares ESG Optimized MSCI USA Min Vol Factor ETF,systematic_or_rules_based,management_style_evidence_1.1,S000073837,index_passive_identified,high,sec_ncen_c3,SEC N-CEN C.3 identifies the series as an index fund,https://www.sec.gov/Archives/edgar/data/1100663/000141036825014340/0001410368-25-014340-index.html,2025q4_ncen.zip,0001410368-25-014340,S000073837,iShares ESG Optimized MSCI USA Min Vol Factor ETF,Y,Y,series_id,1.0,,True
ESPO,VanEck Video Gaming and eSports ETF,not_determined,management_style_evidence_1.1,S000062930,index_passive_identified,high,sec_ncen_c3,SEC N-CEN C.3 identifies the series as an index fund,https://www.sec.gov/Archives/edgar/data/1137360/000141036825033784/0001410368-25-033784-index.html,2025q4_ncen.zip,0001410368-25-033784,S000062930,VanEck Video Gaming and eSports ETF,Y,Y,series_id,1.0,,True
ETHO,Amplify Etho Climate Leadership U.S. ETF,not_determined,management_style_evidence_1.1,S000051348,index_passive_identified,high,sec_ncen_c3,SEC N-CEN C.3 identifies the series as an index fund,https://www.sec.gov/Archives/edgar/data/1633061/000114554924078539/0001145549-24-078539-index.html,2024q4_ncen.zip,0001145549-24-078539,S000082271,Amplify Etho Climate Leadership U.S. ETF,Y,Y,ticker,1.0,,True
EUDG,WisdomTree Europe Quality Dividend Growth Fund,systematic_or_rules_based,management_style_evidence_1.1,S000045345,index_passive_identified,high,sec_ncen_c3,SEC N-CEN C.3 identifies the series as an index fund,https://www.sec.gov/Archives/edgar/data/1350487/000094040026023461/0000940400-26-023461-index.html,2026q2_ncen.zip,0000940400-26-023461,S000045345,WisdomTree Europe Quality Dividend Growth Fund,Y,Y,series_id,1.0,,True
EUDV,ProShares MSCI Europe Dividend Growers ETF,systematic_or_rules_based,management_style_evidence_1.1,S000046275,index_passive_identified,high,sec_ncen_c3,SEC N-CEN C.3 identifies the series as an index fund,https://www.sec.gov/Archives/edgar/data/1174610/000175272425186802/0001752724-25-186802-index.html,2025q3_ncen.zip,0001752724-25-186802,S000046275,ProShares MSCI Europe Dividend Growers ETF,Y,Y,series_id,1.0,,True
EUFN,iShares MSCI Europe Financials ETF,index_passive_identified,management_style_evidence_1.1,S000027327,index_passive_identified,high,sec_ncen_c3,SEC N-CEN C.3 identifies the series as an index fund,https://www.sec.gov/Archives/edgar/data/1100663/000141036825014340/0001410368-25-014340-index.html,2025q4_ncen.zip,0001410368-25-014340,S000027327,iShares MSCI Europe Financials ETF,Y,Y,series_id,1.0,,False
EUHY,iShares Euro High Yield Corporate Bond USD Hedged ETF,not_determined,management_style_evidence_1.1,,index_passive_identified,high,sec_ncen_c3,SEC N-CEN C.3 identifies the series as an index fund,https://www.sec.gov/Archives/edgar/data/930667/000141036826001032/0001410368-26-001032-index.html,2026q1_ncen.zip,0001410368-26-001032,S000036907,iShares Euro High Yield Corporate Bond USD Hedged ETF,Y,Y,ticker,1.0,,True
EUSA,iShares MSCI USA Equal Weighted ETF,index_passive_identified,management_style_evidence_1.1,S000028709,index_passive_identified,high,sec_ncen_c3,SEC N-CEN C.3 identifies the series as an index fund,https://www.sec.gov/Archives/edgar/data/930667/000141036825023226/0001410368-25-023226-index.html,2025q4_ncen.zip,0001410368-25-023226,S000028709,iShares MSCI USA Equal Weighted ETF,Y,Y,series_id,1.0,,False
EUSB,iShares ESG Advanced Universal USD Bond ETF,systematic_or_rules_based,management_style_evidence_1.1,S000068817,index_passive_identified,high,sec_ncen_c3,SEC N-CEN C.3 identifies the series as an index fund,https://www.sec.gov/Archives/edgar/data/1100663/000141036826044733/0001410368-26-044733-index.html,2026q2_ncen.zip,0001410368-26-044733,S000068817,iShares ESG Advanced Universal USD Bond ETF,Y,Y,series_id,1.0,,True
EVNT,AltShares Event-Driven ETF,not_determined,management_style_evidence_1.1,S000072757,non_index_management_identified,high,sec_ncen_c3,SEC N-CEN C.3 does not identify the series as an index fund; the filing alone does not distinguish discretionary from rules-based management,https://www.sec.gov/Archives/edgar/data/1779306/000175272425187799/0001752724-25-187799-index.html,2025q3_ncen.zip,0001752724-25-187799,S000072757,AltShares Event-Driven ETF,Y,,series_id,1.0,,True
EVX,VanEck Environmental Services ETF,not_determined,management_style_evidence_1.1,S000013722,index_passive_identified,high,sec_ncen_c3,SEC N-CEN C.3 identifies the series as an index fund,https://www.sec.gov/Archives/edgar/data/1137360/000141036825033784/0001410368-25-033784-index.html,2025q4_ncen.zip,0001410368-25-033784,S000013722,VanEck Environmental Services ETF,Y,Y,series_id,1.0,,True
EWA,iShares MSCI Australia Index Fund,index_passive_identified,management_style_evidence_1.1,S000004246,index_passive_identified,high,sec_ncen_c3,SEC N-CEN C.3 identifies the series as an index fund,https://www.sec.gov/Archives/edgar/data/930667/000141036825023226/0001410368-25-023226-index.html,2025q4_ncen.zip,0001410368-25-023226,S000004246,iShares MSCI Australia ETF,Y,Y,series_id,0.8571428571428571,,False
EWC,iShares MSCI Canada Index Fund,index_passive_identified,management_style_evidence_1.1,S000004265,index_passive_identified,high,sec_ncen_c3,SEC N-CEN C.3 identifies the series as an index fund,https://www.sec.gov/Archives/edgar/data/930667/000141036825023226/0001410368-25-023226-index.html,2025q4_ncen.zip,0001410368-25-023226,S000004265,iShares MSCI Canada ETF,Y,Y,series_id,0.8275862068965517,,False
EWCO,Invesco S&P 500 (R) Equal Weight Communication Services ETF,systematic_or_rules_based,management_style_evidence_1.1,S000063395,index_passive_identified,high,sec_ncen_c3,SEC N-CEN C.3 identifies the series as an index fund,https://www.sec.gov/Archives/edgar/data/1209466/000175272425166789/0001752724-25-166789-index.html,2025q3_ncen.zip,0001752724-25-166789,S000063395,Invesco S&P 500 Equal Weight Communication Services ETF,Y,Y,series_id,0.9894736842105263,,True
EWD,iShares MSCI Sweden ETF,index_passive_identified,management_style_evidence_1.1,S000004259,index_passive_identified,high,sec_ncen_c3,SEC N-CEN C.3 identifies the series as an index fund,https://www.sec.gov/Archives/edgar/data/930667/000141036825023226/0001410368-25-023226-index.html,2025q4_ncen.zip,0001410368-25-023226,S000004259,iShares MSCI Sweden ETF,Y,Y,series_id,1.0,,False
EWG,iShares MSCI Germany Index Fund,index_passive_identified,management_style_evidence_1.1,S000004269,index_passive_identified,high,sec_ncen_c3,SEC N-CEN C.3 identifies the series as an index fund,https://www.sec.gov/Archives/edgar/data/930667/000141036825023226/0001410368-25-023226-index.html,2025q4_ncen.zip,0001410368-25-023226,S000004269,iShares MSCI Germany ETF,Y,Y,series_id,0.8387096774193549,,False
EWH,iShares MSCI Hong Kong Index Fund,index_passive_identified,management_style_evidence_1.1,S000004247,index_passive_identified,high,sec_ncen_c3,SEC N-CEN C.3 identifies the series as an index fund,https://www.sec.gov/Archives/edgar/data/930667/000141036825023226/0001410368-25-023226-index.html,2025q4_ncen.zip,0001410368-25-023226,S000004247,iShares MSCI Hong Kong ETF,Y,Y,series_id,0.8484848484848485,,False
EWI,iShares MSCI Italy ETF,index_passive_identified,management_style_evidence_1.1,S000004248,index_passive_identified,high,sec_ncen_c3,SEC N-CEN C.3 identifies the series as an index fund,https://www.sec.gov/Archives/edgar/data/930667/000141036825023226/0001410368-25-023226-index.html,2025q4_ncen.zip,0001410368-25-023226,S000004248,iShares MSCI Italy ETF,Y,Y,series_id,1.0,,False
EWJ,iShares MSCI Japan Index Fund,index_passive_identified,management_style_evidence_1.1,S000004249,index_passive_identified,high,sec_ncen_c3,SEC N-CEN C.3 identifies the series as an index fund,https://www.sec.gov/Archives/edgar/data/930667/000141036825023226/0001410368-25-023226-index.html,2025q4_ncen.zip,0001410368-25-023226,S000004249,iShares MSCI Japan ETF,Y,Y,series_id,0.8148148148148148,,False
EWJV,iShares MSCI Japan Value ETF,systematic_or_rules_based,management_style_evidence_1.1,S000064903,index_passive_identified,high,sec_ncen_c3,SEC N-CEN C.3 identifies the series as an index fund,https://www.sec.gov/Archives/edgar/data/1100663/000141036825023225/0001410368-25-023225-index.html,2025q4_ncen.zip,0001410368-25-023225,S000064903,iShares MSCI Japan Value ETF,Y,Y,series_id,1.0,,True
EWK,iShares MSCI Belgium ETF,index_passive_identified,management_style_evidence_1.1,S000004263,index_passive_identified,high,sec_ncen_c3,SEC N-CEN C.3 identifies the series as an index fund,https://www.sec.gov/Archives/edgar/data/930667/000141036825023226/0001410368-25-023226-index.html,2025q4_ncen.zip,0001410368-25-023226,S000004263,iShares MSCI Belgium ETF,Y,Y,series_id,1.0,,False
EWL,iShares MSCI Switzerland ETF,index_passive_identified,management_style_evidence_1.1,S000004260,index_passive_identified,high,sec_ncen_c3,SEC N-CEN C.3 identifies the series as an index fund,https://www.sec.gov/Archives/edgar/data/930667/000141036825023226/0001410368-25-023226-index.html,2025q4_ncen.zip,0001410368-25-023226,S000004260,iShares MSCI Switzerland ETF,Y,Y,series_id,1.0,,False
EWM,iShares MSCI Malaysia Index Fund,index_passive_identified,management_style_evidence_1.1,S000004250,index_passive_identified,high,sec_ncen_c3,SEC N-CEN C.3 identifies the series as an index fund,https://www.sec.gov/Archives/edgar/data/930667/000141036825023226/0001410368-25-023226-index.html,2025q4_ncen.zip,0001410368-25-023226,S000004250,iShares MSCI Malaysia ETF,Y,Y,series_id,0.8484848484848485,,False
EWMC,Invesco S&P MidCap 400 Equal Weight ETF,systematic_or_rules_based,management_style_evidence_1.1,S000060794,index_passive_identified,high,sec_ncen_c3,SEC N-CEN C.3 identifies the series as an index fund,https://www.sec.gov/Archives/edgar/data/1209466/000175272425166789/0001752724-25-166789-index.html,2025q3_ncen.zip,0001752724-25-166789,S000060794,Invesco S&P MidCap 400 GARP ETF,Y,Y,series_id,0.7719298245614035,,True
EWN,iShares MSCI Netherlands Index Fund,index_passive_identified,management_style_evidence_1.1,S000004252,index_passive_identified,high,sec_ncen_c3,SEC N-CEN C.3 identifies the series as an index fund,https://www.sec.gov/Archives/edgar/data/930667/000141036825023226/0001410368-25-023226-index.html,2025q4_ncen.zip,0001410368-25-023226,S000004252,iShares MSCI Netherlands ETF,Y,Y,series_id,0.8717948717948718,,False
EWO,iShares MSCI Austria ETF,index_passive_identified,management_style_evidence_1.1,S000004257,index_passive_identified,high,sec_ncen_c3,SEC N-CEN C.3 identifies the series as an index fund,https://www.sec.gov/Archives/edgar/data/930667/000141036825023226/0001410368-25-023226-index.html,2025q4_ncen.zip,0001410368-25-023226,S000004257,iShares MSCI Austria ETF,Y,Y,series_id,1.0,,False
EWP,iShares MSCI Spain ETF,index_passive_identified,management_style_evidence_1.1,S000004256,index_passive_identified,high,sec_ncen_c3,SEC N-CEN C.3 identifies the series as an index fund,https://www.sec.gov/Archives/edgar/data/930667/000141036825023226/0001410368-25-023226-index.html,2025q4_ncen.zip,0001410368-25-023226,S000004256,iShares MSCI Spain ETF,Y,Y,series_id,1.0,,False
EWQ,iShares MSCI France Index Fund,index_passive_identified,management_style_evidence_1.1,S000004267,index_passive_identified,high,sec_ncen_c3,SEC N-CEN C.3 identifies the series as an index fund,https://www.sec.gov/Archives/edgar/data/930667/000141036825023226/0001410368-25-023226-index.html,2025q4_ncen.zip,0001410368-25-023226,S000004267,iShares MSCI France ETF,Y,Y,series_id,0.8275862068965517,,False
EWS,iShares MSCI Singapore ETF,index_passive_identified,management_style_evidence_1.1,S000004254,index_passive_identified,high,sec_ncen_c3,SEC N-CEN C.3 identifies the series as an index fund,https://www.sec.gov/Archives/edgar/data/930667/000141036825023226/0001410368-25-023226-index.html,2025q4_ncen.zip,0001410368-25-023226,S000004254,iShares MSCI Singapore ETF,Y,Y,series_id,1.0,,False
EWT,iShares MSCI Taiwan ETF,index_passive_identified,management_style_evidence_1.1,S000004261,index_passive_identified,high,sec_ncen_c3,SEC N-CEN C.3 identifies the series as an index fund,https://www.sec.gov/Archives/edgar/data/930667/000141036825023226/0001410368-25-023226-index.html,2025q4_ncen.zip,0001410368-25-023226,S000004261,iShares MSCI Taiwan ETF,Y,Y,series_id,1.0,,False
EWU,iShares MSCI United Kingdom ETF,index_passive_identified,management_style_evidence_1.1,S000046586,index_passive_identified,high,sec_ncen_c3,SEC N-CEN C.3 identifies the series as an index fund,https://www.sec.gov/Archives/edgar/data/1100663/000141036825023225/0001410368-25-023225-index.html,2025q4_ncen.zip,0001410368-25-023225,S000046586,iShares MSCI United Kingdom ETF,Y,Y,series_id,1.0,,False
EWUS,iShares MSCI United Kingdom Small Cap ETF,index_passive_identified,management_style_evidence_1.1,S000035393,index_passive_identified,high,sec_ncen_c3,SEC N-CEN C.3 identifies the series as an index fund,https://www.sec.gov/Archives/edgar/data/1100663/000141036825023225/0001410368-25-023225-index.html,2025q4_ncen.zip,0001410368-25-023225,S000035393,iShares MSCI United Kingdom Small-Cap ETF,Y,Y,series_id,1.0,,False
EWW,iShares MSCI Mexico ETF,index_passive_identified,management_style_evidence_1.1,S000004251,index_passive_identified,high,sec_ncen_c3,SEC N-CEN C.3 identifies the series as an index fund,https://www.sec.gov/Archives/edgar/data/930667/000141036825023226/0001410368-25-023226-index.html,2025q4_ncen.zip,0001410368-25-023226,S000004251,iShares MSCI Mexico ETF,Y,Y,series_id,1.0,,False
EWX,State Street SPDR S&P Emerging Markets Small Cap ETF,index_passive_identified,management_style_evidence_1.1,S000021247,index_passive_identified,high,sec_ncen_c3,SEC N-CEN C.3 identifies the series as an index fund,https://www.sec.gov/Archives/edgar/data/1168164/000141036825034454/0001410368-25-034454-index.html,2025q4_ncen.zip,0001410368-25-034454,S000021247,SPDR(R) S&P(R) EMERGING MARKETS SMALL CAP ETF,Y,Y,series_id,0.8311688311688312,,False
EWY,iShares MSCI South Korea ETF,index_passive_identified,management_style_evidence_1.1,S000004258,index_passive_identified,high,sec_ncen_c3,SEC N-CEN C.3 identifies the series as an index fund,https://www.sec.gov/Archives/edgar/data/930667/000141036825023226/0001410368-25-023226-index.html,2025q4_ncen.zip,0001410368-25-023226,S000004258,iShares MSCI South Korea ETF,Y,Y,series_id,1.0,,False
EWZ,iShares MSCI Brazil ETF,index_passive_identified,management_style_evidence_1.1,S000004264,index_passive_identified,high,sec_ncen_c3,SEC N-CEN C.3 identifies the series as an index fund,https://www.sec.gov/Archives/edgar/data/930667/000141036825023226/0001410368-25-023226-index.html,2025q4_ncen.zip,0001410368-25-023226,S000004264,iShares MSCI Brazil ETF,Y,Y,series_id,1.0,,False
EWZS,iShares MSCI Brazil Small-Cap ETF,index_passive_identified,management_style_evidence_1.1,S000028677,index_passive_identified,high,sec_ncen_c3,SEC N-CEN C.3 identifies the series as an index fund,https://www.sec.gov/Archives/edgar/data/1100663/000141036825023225/0001410368-25-023225-index.html,2025q4_ncen.zip,0001410368-25-023225,S000028677,iShares MSCI Brazil Small-Cap ETF,Y,Y,series_id,1.0,,False
EXI,iShares Global Industrials ETF,not_determined,management_style_evidence_1.1,S000008882,index_passive_identified,high,sec_ncen_c3,SEC N-CEN C.3 identifies the series as an index fund,https://www.sec.gov/Archives/edgar/data/1100663/000100472626004646/0001004726-26-004646-index.html,2026q2_ncen.zip,0001004726-26-004646,S000008882,iShares Global Industrials ETF,Y,Y,series_id,1.0,,True
EYLD,Cambria Emerging Shareholder Yield ETF,not_determined,management_style_evidence_1.1,S000037636,non_index_management_identified,high,sec_ncen_c3,SEC N-CEN C.3 does not identify the series as an index fund; the filing alone does not distinguish discretionary from rules-based management,https://www.sec.gov/Archives/edgar/data/1529390/000089418926003379/0000894189-26-003379-index.html,2026q1_ncen.zip,0000894189-26-003379,S000037636,Cambria Emerging Shareholder Yield ETF,Y,,series_id,1.0,,True
EZA,iShares MSCI South Africa Index Fund,index_passive_identified,management_style_evidence_1.1,S000004255,index_passive_identified,high,sec_ncen_c3,SEC N-CEN C.3 identifies the series as an index fund,https://www.sec.gov/Archives/edgar/data/930667/000141036825023226/0001410368-25-023226-index.html,2025q4_ncen.zip,0001410368-25-023226,S000004255,iShares MSCI South Africa ETF,Y,Y,series_id,0.8717948717948718,,False
EZM,WisdomTree U.S. MidCap Fund,not_determined,management_style_evidence_1.1,S000015506,index_passive_identified,high,sec_ncen_c3,SEC N-CEN C.3 identifies the series as an index fund,https://www.sec.gov/Archives/edgar/data/1350487/000094040026023461/0000940400-26-023461-index.html,2026q2_ncen.zip,0000940400-26-023461,S000015506,WisdomTree U.S. MidCap Fund,Y,Y,series_id,1.0,,True
EZU,iShares MSCI Eurozone ETF,index_passive_identified,management_style_evidence_1.1,S000004268,index_passive_identified,high,sec_ncen_c3,SEC N-CEN C.3 identifies the series as an index fund,https://www.sec.gov/Archives/edgar/data/930667/000141036825023226/0001410368-25-023226-index.html,2025q4_ncen.zip,0001410368-25-023226,S000004268,iShares MSCI Eurozone ETF,Y,Y,series_id,1.0,,False
FAAR,First Trust Alternative Absolute Return Strategy ETF,active_identified,management_style_evidence_1.1,S000053488,active_identified,high,primary_source_override,Issuer lists FAAR in its official actively managed ETF roster,https://www.ftportfolios.com/retail/etf/etflist.aspx?Type=ActivelyManaged,,,,,,,manual_ticker_override,,,False
FAB,First Trust Multi Cap Value AlphaDEX Fund,systematic_or_rules_based,management_style_evidence_1.1,S000017342,index_passive_identified,high,sec_ncen_c3,SEC N-CEN C.3 identifies the series as an index fund,https://www.sec.gov/Archives/edgar/data/1383496/000094040025003091/0000940400-25-003091-index.html,2025q4_ncen.zip,0000940400-25-003091,S000017342,First Trust Multi Cap Value AlphaDEX Fund,Y,Y,series_id,1.0,,True
FAD,First Trust Multi Cap Growth AlphaDEX Fund,systematic_or_rules_based,management_style_evidence_1.1,S000017343,index_passive_identified,high,sec_ncen_c3,SEC N-CEN C.3 identifies the series as an index fund,https://www.sec.gov/Archives/edgar/data/1383496/000094040025003091/0000940400-25-003091-index.html,2025q4_ncen.zip,0000940400-25-003091,S000017343,First Trust Multi Cap Growth AlphaDEX Fund,Y,Y,series_id,1.0,,True
FALN,iShares Fallen Angels USD Bond ETF,not_determined,management_style_evidence_1.1,S000054186,index_passive_identified,high,sec_ncen_c3,SEC N-CEN C.3 identifies the series as an index fund,https://www.sec.gov/Archives/edgar/data/1100663/000141036826001031/0001410368-26-001031-index.html,2026q1_ncen.zip,0001410368-26-001031,S000054186,iShares Fallen Angels USD Bond ETF,Y,Y,series_id,1.0,,True
FAN,First Trust Global Wind Energy ETF,not_determined,management_style_evidence_1.1,S000022933,index_passive_identified,high,sec_ncen_c3,SEC N-CEN C.3 identifies the series as an index fund,https://www.sec.gov/Archives/edgar/data/1364608/000175272424283612/0001752724-24-283612-index.html,2024q4_ncen.zip,0001752724-24-283612,S000022933,First Trust Global Wind Energy ETF,Y,Y,series_id,1.0,,True
FBCG,Fidelity Blue Chip Growth ETF,systematic_or_rules_based,management_style_evidence_1.1,S000068173,active_identified,high,primary_source_override,Issuer includes FBCG in its active equity ETF lineup,https://institutional.fidelity.com/advisors/investment-solutions/asset-classes/domestic-equity/active-equity-etfs,,,,,,,manual_ticker_override,,,True
FBCV,Fidelity Blue Chip Value ETF,systematic_or_rules_based,management_style_evidence_1.1,S000068175,active_identified,high,primary_source_override,Issuer includes FBCV in its active equity ETF lineup,https://institutional.fidelity.com/advisors/investment-solutions/asset-classes/domestic-equity/active-equity-etfs,,,,,,,manual_ticker_override,,,True
FBND,Fidelity Total Bond ETF,not_determined,management_style_evidence_1.1,S000042567,non_index_management_identified,high,sec_ncen_c3,SEC N-CEN C.3 does not identify the series as an index fund; the filing alone does not distinguish discretionary from rules-based management,https://www.sec.gov/Archives/edgar/data/1562565/000003540225001561/0000035402-25-001561-index.html,2025q4_ncen.zip,0000035402-25-001561,S000042567,Fidelity Total Bond ETF,Y,,series_id,1.0,,True
FBT,First Trust Amex Biotech Index Fund,index_passive_identified,management_style_evidence_1.1,S000012478,index_passive_identified,high,sec_ncen_c3,SEC N-CEN C.3 identifies the series as an index fund,https://www.sec.gov/Archives/edgar/data/1329377/000094040026009992/0000940400-26-009992-index.html,2026q1_ncen.zip,0000940400-26-009992,S000012478,First Trust NYSE Arca Biotechnology Index Fund,Y,Y,series_id,0.7333333333333333,,False
FCA,First Trust China AlphaDEX Fund,index_passive_identified,management_style_evidence_1.1,S000031799,index_passive_identified,high,sec_ncen_c3,SEC N-CEN C.3 identifies the series as an index fund,https://www.sec.gov/Archives/edgar/data/1510337/000094040026009998/0000940400-26-009998-index.html,2026q1_ncen.zip,0000940400-26-009998,S000031799,First Trust China AlphaDEX Fund,Y,Y,series_id,1.0,,False
FCAL,First Trust California Municipal High income ETF,not_determined,management_style_evidence_1.1,S000057894,non_index_management_identified,high,sec_ncen_c3,SEC N-CEN C.3 does not identify the series as an index fund; the filing alone does not distinguish discretionary from rules-based management,https://www.sec.gov/Archives/edgar/data/1424212/000094040025003112/0000940400-25-003112-index.html,2025q4_ncen.zip,0000940400-25-003112,S000057894,First Trust California Municipal High Income ETF,Y,,series_id,1.0,,True
FCEF,First Trust Income Opportunities ETF,not_determined,management_style_evidence_1.1,S000053967,non_index_management_identified,high,sec_ncen_c3,SEC N-CEN C.3 does not identify the series as an index fund; the filing alone does not distinguish discretionary from rules-based management,https://www.sec.gov/Archives/edgar/data/1667919/000094040025005820/0000940400-25-005820-index.html,2025q4_ncen.zip,0000940400-25-005820,S000053967,First Trust Income Opportunities ETF,Y,,series_id,1.0,,True
FCG,First Trust Natural Gas ETF,not_determined,management_style_evidence_1.1,S000017177,index_passive_identified,high,sec_ncen_c3,SEC N-CEN C.3 identifies the series as an index fund,https://www.sec.gov/Archives/edgar/data/1329377/000094040026009992/0000940400-26-009992-index.html,2026q1_ncen.zip,0000940400-26-009992,S000017177,First Trust Natural Gas ETF,Y,Y,series_id,1.0,,True
FCLD,Fidelity Cloud Computing ETF,not_determined,management_style_evidence_1.1,S000073598,index_passive_identified,high,sec_ncen_c3,SEC N-CEN C.3 identifies the series as an index fund,https://www.sec.gov/Archives/edgar/data/945908/000175272425214106/0001752724-25-214106-index.html,2025q3_ncen.zip,0001752724-25-214106,S000073598,Fidelity Cloud Computing ETF,Y,Y,series_id,1.0,,True
FCOM,Fidelity MSCI Communication Services Index ETF,index_passive_identified,management_style_evidence_1.1,S000042579,index_passive_identified,high,sec_ncen_c3,SEC N-CEN C.3 identifies the series as an index fund,https://www.sec.gov/Archives/edgar/data/945908/000141036825014301/0001410368-25-014301-index.html,2025q4_ncen.zip,0001410368-25-014301,S000042579,Fidelity MSCI Communication Services Index ETF,Y,Y,series_id,1.0,,False
FCOR,Fidelity Corporate Bond ETF,not_determined,management_style_evidence_1.1,,non_index_management_identified,high,sec_ncen_c3,SEC N-CEN C.3 does not identify the series as an index fund; the filing alone does not distinguish discretionary from rules-based management,https://www.sec.gov/Archives/edgar/data/1562565/000003540225001561/0000035402-25-001561-index.html,2025q4_ncen.zip,0000035402-25-001561,S000040431,Fidelity Corporate Bond ETF,Y,,ticker,1.0,,True
FCPI,Fidelity Stocks for Inflation ETF,not_determined,management_style_evidence_1.1,S000066804,index_passive_identified,high,sec_ncen_c3,SEC N-CEN C.3 identifies the series as an index fund,https://www.sec.gov/Archives/edgar/data/945908/000141036825014301/0001410368-25-014301-index.html,2025q4_ncen.zip,0001410368-25-014301,S000066804,Fidelity Stocks for Inflation ETF,Y,Y,series_id,1.0,,True
FCSH,Federated Hermes Short Duration Corporate ETF,not_determined,management_style_evidence_1.1,,non_index_management_identified,high,sec_ncen_c3,SEC N-CEN C.3 does not identify the series as an index fund; the filing alone does not distinguish discretionary from rules-based management,https://www.sec.gov/Archives/edgar/data/1849998/000114554925045274/0001145549-25-045274-index.html,2025q3_ncen.zip,0001145549-25-045274,S000074173,Federated Hermes Short Duration Corporate ETF,Y,,ticker,1.0,,True
FCTR,First Trust Lunt U.S. Factor Rotation ETF,systematic_or_rules_based,management_style_evidence_1.1,S000062216,index_passive_identified,high,sec_ncen_c3,SEC N-CEN C.3 identifies the series as an index fund,https://www.sec.gov/Archives/edgar/data/1329377/000094040026009992/0000940400-26-009992-index.html,2026q1_ncen.zip,0000940400-26-009992,S000062216,First Trust Lunt U.S. Factor Rotation ETF,Y,Y,series_id,1.0,,True
FCVT,First Trust SSI Strategic Convertible Securities ETF,not_determined,management_style_evidence_1.1,S000050640,non_index_management_identified,high,sec_ncen_c3,SEC N-CEN C.3 does not identify the series as an index fund; the filing alone does not distinguish discretionary from rules-based management,https://www.sec.gov/Archives/edgar/data/1517936/000094040026000180/0000940400-26-000180-index.html,2026q1_ncen.zip,0000940400-26-000180,S000050640,First Trust SSI Strategic Convertible Securities ETF,Y,,series_id,1.0,,True
FDD,First Trust STOXX European Select Dividend Index Fund,systematic_or_rules_based,management_style_evidence_1.1,S000018784,index_passive_identified,high,sec_ncen_c3,SEC N-CEN C.3 identifies the series as an index fund,https://www.sec.gov/Archives/edgar/data/1364608/000175272424283612/0001752724-24-283612-index.html,2024q4_ncen.zip,0001752724-24-283612,S000018784,First Trust STOXX European Select Dividend Index Fund,Y,Y,series_id,1.0,,True
FDEM,Fidelity Emerging Markets Multifactor ETF,systematic_or_rules_based,management_style_evidence_1.1,S000064787,index_passive_identified,high,sec_ncen_c3,SEC N-CEN C.3 identifies the series as an index fund,https://www.sec.gov/Archives/edgar/data/945908/000003540226000063/0000035402-26-000063-index.html,2026q1_ncen.zip,0000035402-26-000063,S000064787,Fidelity Emerging Markets Multifactor ETF,Y,Y,series_id,1.0,,True
FDEV,Fidelity International Multifactor ETF,systematic_or_rules_based,management_style_evidence_1.1,S000064788,index_passive_identified,high,sec_ncen_c3,SEC N-CEN C.3 identifies the series as an index fund,https://www.sec.gov/Archives/edgar/data/945908/000003540226000063/0000035402-26-000063-index.html,2026q1_ncen.zip,0000035402-26-000063,S000064788,Fidelity International Multifactor ETF,Y,Y,series_id,1.0,,True
FDG,American Century Focused Dynamic Growth ETF,systematic_or_rules_based,management_style_evidence_1.1,S000063004,active_identified,high,primary_source_override,Issuer states that FDG is actively managed and does not replicate an index,https://www.americancentury.com/advisors/investment-products/etfs/,,,,,,,manual_ticker_override,,,True
FDHY,Fidelity Enhanced High Yield ETF,not_determined,management_style_evidence_1.1,S000062078,non_index_management_identified,high,sec_ncen_c3,SEC N-CEN C.3 does not identify the series as an index fund; the filing alone does not distinguish discretionary from rules-based management,https://www.sec.gov/Archives/edgar/data/945908/000003540225001557/0000035402-25-001557-index.html,2025q4_ncen.zip,0000035402-25-001557,S000062078,Fidelity Enhanced High Yield ETF,Y,,series_id,1.0,,True
FDIQ,Invesco Bloomberg Financial Data Providers ETF,index_passive_identified,management_style_evidence_1.1,,index_passive_identified,high,primary_source_override,SEC filing states that the fund attempts to replicate its underlying index,https://www.sec.gov/Archives/edgar/data/1378872/000110465926018152/tm263516d3_485bpos.htm,,,,,,,manual_ticker_override,,The fund name and underlying index changed before its 2026 liquidation; both mandates were index based.,False
FDIS,Fidelity MSCI Consumer Discretionary Index ETF,index_passive_identified,management_style_evidence_1.1,S000042570,index_passive_identified,high,sec_ncen_c3,SEC N-CEN C.3 identifies the series as an index fund,https://www.sec.gov/Archives/edgar/data/945908/000141036825014301/0001410368-25-014301-index.html,2025q4_ncen.zip,0001410368-25-014301,S000042570,Fidelity MSCI Consumer Discretionary Index ETF,Y,Y,series_id,1.0,,False
FDL,First Trust Morningstar ETF,index_passive_identified,management_style_evidence_1.1,S000010976,index_passive_identified,high,sec_ncen_c3,SEC N-CEN C.3 identifies the series as an index fund,https://www.sec.gov/Archives/edgar/data/1329377/000094040026009992/0000940400-26-009992-index.html,2026q1_ncen.zip,0000940400-26-009992,S000010976,First Trust Morningstar Dividend Leaders Index Fund,Y,Y,series_id,0.71875,,False
FDLO,Fidelity Low Volatility Factor ETF,systematic_or_rules_based,management_style_evidence_1.1,S000054751,index_passive_identified,high,sec_ncen_c3,SEC N-CEN C.3 identifies the series as an index fund,https://www.sec.gov/Archives/edgar/data/945908/000141036825014301/0001410368-25-014301-index.html,2025q4_ncen.zip,0001410368-25-014301,S000054751,Fidelity Low Volatility Factor ETF,Y,Y,series_id,1.0,,True
FDM,First Trust DJ Select MicroCap ETF,not_determined,management_style_evidence_1.1,S000010772,index_passive_identified,high,sec_ncen_c3,SEC N-CEN C.3 identifies the series as an index fund,https://www.sec.gov/Archives/edgar/data/1329377/000094040026009992/0000940400-26-009992-index.html,2026q1_ncen.zip,0000940400-26-009992,S000010772,First Trust Dow Jones Select MicroCap Index Fund,Y,Y,series_id,0.8307692307692308,,True
FDMO,Fidelity Momentum Factor ETF,systematic_or_rules_based,management_style_evidence_1.1,S000054752,index_passive_identified,high,sec_ncen_c3,SEC N-CEN C.3 identifies the series as an index fund,https://www.sec.gov/Archives/edgar/data/945908/000141036825014301/0001410368-25-014301-index.html,2025q4_ncen.zip,0001410368-25-014301,S000054752,Fidelity Momentum Factor ETF,Y,Y,series_id,1.0,,True
FDN,First Trust DJ Internet Index Fund,index_passive_identified,management_style_evidence_1.1,S000012479,index_passive_identified,high,sec_ncen_c3,SEC N-CEN C.3 identifies the series as an index fund,https://www.sec.gov/Archives/edgar/data/1329377/000094040026009992/0000940400-26-009992-index.html,2026q1_ncen.zip,0000940400-26-009992,S000012479,First Trust Dow Jones Internet Index Fund,Y,Y,series_id,0.8888888888888888,,False
FDNI,First Trust Dow Jones International Internet ETF,index_passive_identified,management_style_evidence_1.1,S000063448,index_passive_identified,high,sec_ncen_c3,SEC N-CEN C.3 identifies the series as an index fund,https://www.sec.gov/Archives/edgar/data/1364608/000175272424283612/0001752724-24-283612-index.html,2024q4_ncen.zip,0001752724-24-283612,S000063448,First Trust Dow Jones International Internet ETF,Y,Y,series_id,1.0,,False
FDRR,Fidelity Dividend ETF for Rising Rates,systematic_or_rules_based,management_style_evidence_1.1,S000054750,index_passive_identified,high,sec_ncen_c3,SEC N-CEN C.3 identifies the series as an index fund,https://www.sec.gov/Archives/edgar/data/945908/000141036825014301/0001410368-25-014301-index.html,2025q4_ncen.zip,0001410368-25-014301,S000054750,Fidelity Dividend ETF for Rising Rates,Y,Y,series_id,1.0,,True
FDRV,Fidelity Electric Vehicles and Future Transportation ETF,not_determined,management_style_evidence_1.1,S000073600,index_passive_identified,high,sec_ncen_c3,SEC N-CEN C.3 identifies the series as an index fund,https://www.sec.gov/Archives/edgar/data/945908/000175272425214106/0001752724-25-214106-index.html,2025q3_ncen.zip,0001752724-25-214106,S000073600,Fidelity Electric Vehicles and Future Transportation ETF,Y,Y,series_id,1.0,,True
FDT,First Trust Developed Markets Ex-US AlphaDEX Fund,index_passive_identified,management_style_evidence_1.1,S000031802,index_passive_identified,high,sec_ncen_c3,SEC N-CEN C.3 identifies the series as an index fund,https://www.sec.gov/Archives/edgar/data/1510337/000094040026009998/0000940400-26-009998-index.html,2026q1_ncen.zip,0000940400-26-009998,S000031802,First Trust Developed Markets ex-US AlphaDEX Fund,Y,Y,series_id,1.0,,False
FDTS,First Trust Developed Markets ex-US Small Cap AlphaDEX Fund,index_passive_identified,management_style_evidence_1.1,S000036654,index_passive_identified,high,sec_ncen_c3,SEC N-CEN C.3 identifies the series as an index fund,https://www.sec.gov/Archives/edgar/data/1510337/000094040026009998/0000940400-26-009998-index.html,2026q1_ncen.zip,0000940400-26-009998,S000036654,First Trust Developed Markets ex-US Small Cap AlphaDEX Fund,Y,Y,series_id,1.0,,False
FDVV,Fidelity High Dividend ETF,systematic_or_rules_based,management_style_evidence_1.1,S000054749,index_passive_identified,high,sec_ncen_c3,SEC N-CEN C.3 identifies the series as an index fund,https://www.sec.gov/Archives/edgar/data/945908/000141036825014301/0001410368-25-014301-index.html,2025q4_ncen.zip,0001410368-25-014301,S000054749,Fidelity High Dividend ETF,Y,Y,series_id,1.0,,True
FEDM,Northern Trust ESG & Climate Developed Markets ex-US Core ETF,systematic_or_rules_based,management_style_evidence_1.1,S000073359,index_passive_identified,high,sec_ncen_c3,SEC N-CEN C.3 identifies the series as an index fund,https://www.sec.gov/Archives/edgar/data/1491978/000207169126000168/0002071691-26-000168-index.html,2026q1_ncen.zip,0002071691-26-000168,S000073359,FlexShares ESG & Climate Developed Markets ex-US Core Index Fund,Y,Y,series_id,0.782608695652174,,True
FEIG,Northern Trust ESG & Climate Investment Grade Corporate Core ETF,systematic_or_rules_based,management_style_evidence_1.1,S000073362,index_passive_identified,high,sec_ncen_c3,SEC N-CEN C.3 identifies the series as an index fund,https://www.sec.gov/Archives/edgar/data/1491978/000207169126000168/0002071691-26-000168-index.html,2026q1_ncen.zip,0002071691-26-000168,S000073362,FlexShares ESG & Climate Investment Grade Corporate Core Index Fund,Y,Y,series_id,0.8,,True
FEM,First Trust Emerging Markets AlphaDEX Fund,index_passive_identified,management_style_evidence_1.1,S000031795,index_passive_identified,high,sec_ncen_c3,SEC N-CEN C.3 identifies the series as an index fund,https://www.sec.gov/Archives/edgar/data/1510337/000094040026009998/0000940400-26-009998-index.html,2026q1_ncen.zip,0000940400-26-009998,S000031795,First Trust Emerging Markets AlphaDEX Fund,Y,Y,series_id,1.0,,False
FEMB,First Trust Emerging Markets Local Currency Bond ETF,not_determined,management_style_evidence_1.1,S000046751,non_index_management_identified,high,sec_ncen_c3,SEC N-CEN C.3 does not identify the series as an index fund; the filing alone does not distinguish discretionary from rules-based management,https://www.sec.gov/Archives/edgar/data/1424212/000094040026000182/0000940400-26-000182-index.html,2026q1_ncen.zip,0000940400-26-000182,S000046751,First Trust Emerging Markets Local Currency Bond ETF,Y,,series_id,1.0,,True
FEMS,First Trust Emerging Markets Small Cap AlphaDEX Fund,index_passive_identified,management_style_evidence_1.1,S000036655,index_passive_identified,high,sec_ncen_c3,SEC N-CEN C.3 identifies the series as an index fund,https://www.sec.gov/Archives/edgar/data/1510337/000094040026009998/0000940400-26-009998-index.html,2026q1_ncen.zip,0000940400-26-009998,S000036655,First Trust Emerging Markets Small Cap AlphaDEX Fund,Y,Y,series_id,1.0,,False
FENY,Fidelity MSCI Energy Index ETF,index_passive_identified,management_style_evidence_1.1,S000042573,index_passive_identified,high,sec_ncen_c3,SEC N-CEN C.3 identifies the series as an index fund,https://www.sec.gov/Archives/edgar/data/945908/000141036825014301/0001410368-25-014301-index.html,2025q4_ncen.zip,0001410368-25-014301,S000042573,Fidelity MSCI Energy Index ETF,Y,Y,series_id,1.0,,False
FEP,First Trust Europe AlphaDEX Fund,index_passive_identified,management_style_evidence_1.1,S000031796,index_passive_identified,high,sec_ncen_c3,SEC N-CEN C.3 identifies the series as an index fund,https://www.sec.gov/Archives/edgar/data/1510337/000094040026009998/0000940400-26-009998-index.html,2026q1_ncen.zip,0000940400-26-009998,S000031796,First Trust Europe AlphaDEX Fund,Y,Y,series_id,1.0,,False
FEU,SPDR(R) DJ STOXX 50(R) ETF,index_passive_identified,management_style_evidence_1.1,S000006391,index_passive_identified,high,sec_ncen_c3,SEC N-CEN C.3 identifies the series as an index fund,https://www.sec.gov/Archives/edgar/data/1168164/000141036825034454/0001410368-25-034454-index.html,2025q4_ncen.zip,0001410368-25-034454,S000006391,SPDR(R) Portfolio Europe ETF,Y,Y,series_id,0.5365853658536586,,False
FEUS,Northern Trust ESG & Climate US Large Cap Core ETF,systematic_or_rules_based,management_style_evidence_1.1,S000073358,index_passive_identified,high,sec_ncen_c3,SEC N-CEN C.3 identifies the series as an index fund,https://www.sec.gov/Archives/edgar/data/1491978/000207169126000168/0002071691-26-000168-index.html,2026q1_ncen.zip,0002071691-26-000168,S000073358,FlexShares ESG & Climate US Large Cap Core Index Fund,Y,Y,series_id,0.7222222222222222,,True
FEUZ,First Trust Eurozone AlphaDEX ETF,index_passive_identified,management_style_evidence_1.1,S000047035,index_passive_identified,high,sec_ncen_c3,SEC N-CEN C.3 identifies the series as an index fund,https://www.sec.gov/Archives/edgar/data/1510337/000094040026009998/0000940400-26-009998-index.html,2026q1_ncen.zip,0000940400-26-009998,S000047035,First Trust Eurozone AlphaDEX ETF,Y,Y,series_id,1.0,,False
FEX,First Trust Large Cap Core AlphaDEX Fund,index_passive_identified,management_style_evidence_1.1,S000017337,index_passive_identified,high,sec_ncen_c3,SEC N-CEN C.3 identifies the series as an index fund,https://www.sec.gov/Archives/edgar/data/1383496/000094040025003091/0000940400-25-003091-index.html,2025q4_ncen.zip,0000940400-25-003091,S000017337,First Trust Large Cap Core AlphaDEX Fund,Y,Y,series_id,1.0,,False
FEZ,State Street SPDR EURO STOXX 50 ETF,index_passive_identified,management_style_evidence_1.1,S000006392,index_passive_identified,high,sec_ncen_c3,SEC N-CEN C.3 identifies the series as an index fund,https://www.sec.gov/Archives/edgar/data/1168164/000141036825034454/0001410368-25-034454-index.html,2025q4_ncen.zip,0001410368-25-034454,S000006392,SPDR(R) EURO STOXX 50(R) ETF,Y,Y,series_id,0.7346938775510204,,False
FFIU,UVA Unconstrained Medium-Term Fixed Income ETF,not_determined,management_style_evidence_1.1,S000057345,non_index_management_identified,high,sec_ncen_c3,SEC N-CEN C.3 does not identify the series as an index fund; the filing alone does not distinguish discretionary from rules-based management,https://www.sec.gov/Archives/edgar/data/1484018/000148401825000141/0001484018-25-000141-index.html,2025q3_ncen.zip,0001484018-25-000141,S000057345,UVA Unconstrained Medium-Term Fixed Income ETF,Y,,series_id,1.0,,True
FFLC,Fidelity Fundamental Large Cap Core ETF,systematic_or_rules_based,management_style_evidence_1.1,,active_identified,high,primary_source_override,Issuer includes FFLC in its active equity ETF lineup,https://institutional.fidelity.com/advisors/investment-solutions/asset-classes/domestic-equity/active-equity-etfs,,,,,,,manual_ticker_override,,,True
FFLG,Fidelity Fundamental Large Cap Growth ETF,systematic_or_rules_based,management_style_evidence_1.1,,active_identified,high,primary_source_override,Issuer includes FFLG in its active equity ETF lineup,https://institutional.fidelity.com/advisors/investment-solutions/asset-classes/domestic-equity/active-equity-etfs,,,,,,,manual_ticker_override,,,True
FFND,One Global ETF,not_determined,management_style_evidence_1.1,S000072561,non_index_management_identified,high,sec_ncen_c3,SEC N-CEN C.3 does not identify the series as an index fund; the filing alone does not distinguish discretionary from rules-based management,https://www.sec.gov/Archives/edgar/data/1518042/000091047225000061/0000910472-25-000061-index.html,2025q3_ncen.zip,0000910472-25-000061,S000072561,One Global ETF,Y,,series_id,1.0,,True
FFSM,Fidelity Fundamental Small-Mid Cap ETF,systematic_or_rules_based,management_style_evidence_1.1,,active_identified,high,primary_source_override,Issuer includes FFSM in its active equity ETF lineup,https://institutional.fidelity.com/advisors/investment-solutions/asset-classes/domestic-equity/active-equity-etfs,,,,,,,manual_ticker_override,,,True
FFTY,CapForce IBD 50 ETF,not_determined,management_style_evidence_1.1,S000047761,index_passive_identified,high,sec_ncen_c3,SEC N-CEN C.3 identifies the series as an index fund,https://www.sec.gov/Archives/edgar/data/1415726/000089418926000385/0000894189-26-000385-index.html,2026q1_ncen.zip,0000894189-26-000385,S000047761,Innovator IBD(R) 50 ETF,Y,Y,series_id,0.6470588235294118,,True
FGD,First Trust DJ Global Select Dividend,systematic_or_rules_based,management_style_evidence_1.1,S000019507,index_passive_identified,high,sec_ncen_c3,SEC N-CEN C.3 identifies the series as an index fund,https://www.sec.gov/Archives/edgar/data/1364608/000175272424283612/0001752724-24-283612-index.html,2024q4_ncen.zip,0001752724-24-283612,S000019507,First Trust Dow Jones Global Select Dividend Index Fund,Y,Y,series_id,0.8648648648648649,,True
FGM,First Trust Germany AlphaDEX Fund,index_passive_identified,management_style_evidence_1.1,S000036503,index_passive_identified,high,sec_ncen_c3,SEC N-CEN C.3 identifies the series as an index fund,https://www.sec.gov/Archives/edgar/data/1510337/000094040026009998/0000940400-26-009998-index.html,2026q1_ncen.zip,0000940400-26-009998,S000036503,First Trust Germany AlphaDEX Fund,Y,Y,series_id,1.0,,False
FHLC,Fidelity MSCI Health Care Index ETF,index_passive_identified,management_style_evidence_1.1,S000042575,index_passive_identified,high,sec_ncen_c3,SEC N-CEN C.3 identifies the series as an index fund,https://www.sec.gov/Archives/edgar/data/945908/000141036825014301/0001410368-25-014301-index.html,2025q4_ncen.zip,0001410368-25-014301,S000042575,Fidelity MSCI Health Care Index ETF,Y,Y,series_id,1.0,,False
FHYS,Federated Hermes Short Duration High Yield ETF,not_determined,management_style_evidence_1.1,,non_index_management_identified,high,sec_ncen_c3,SEC N-CEN C.3 does not identify the series as an index fund; the filing alone does not distinguish discretionary from rules-based management,https://www.sec.gov/Archives/edgar/data/1849998/000184999826000070/0001849998-26-000070-index.html,2026q2_ncen.zip,0001849998-26-000070,S000074174,Federated Hermes Short Duration High Yield ETF,Y,,ticker,1.0,,True
FICS,First Trust International Developed Capital Strength ETF,not_determined,management_style_evidence_1.1,S000070281,index_passive_identified,high,sec_ncen_c3,SEC N-CEN C.3 identifies the series as an index fund,https://www.sec.gov/Archives/edgar/data/1552740/000175272424283605/0001752724-24-283605-index.html,2024q4_ncen.zip,0001752724-24-283605,S000070281,First Trust International Developed Capital Strength ETF,Y,Y,series_id,1.0,,True
FID,First Trust S&P International Dividend Aristocrats ETF,systematic_or_rules_based,management_style_evidence_1.1,,index_passive_identified,high,sec_ncen_c3,SEC N-CEN C.3 identifies the series as an index fund,https://www.sec.gov/Archives/edgar/data/1552740/000175272424283605/0001752724-24-283605-index.html,2024q4_ncen.zip,0001752724-24-283605,S000041989,First Trust S&P International Dividend Aristocrats ETF,Y,Y,ticker,1.0,,True
FIDI,Fidelity International High Dividend ETF,systematic_or_rules_based,management_style_evidence_1.1,S000059462,index_passive_identified,high,sec_ncen_c3,SEC N-CEN C.3 identifies the series as an index fund,https://www.sec.gov/Archives/edgar/data/945908/000003540226000063/0000035402-26-000063-index.html,2026q1_ncen.zip,0000035402-26-000063,S000059462,Fidelity International High Dividend ETF,Y,Y,series_id,1.0,,True
FIDU,Fidelity MSCI Industrials Index ETF,index_passive_identified,management_style_evidence_1.1,S000042576,index_passive_identified,high,sec_ncen_c3,SEC N-CEN C.3 identifies the series as an index fund,https://www.sec.gov/Archives/edgar/data/945908/000141036825014301/0001410368-25-014301-index.html,2025q4_ncen.zip,0001410368-25-014301,S000042576,Fidelity MSCI Industrials Index ETF,Y,Y,series_id,1.0,,False
FIGB,Fidelity Investment Grade Bond ETF,not_determined,management_style_evidence_1.1,S000071131,non_index_management_identified,high,sec_ncen_c3,SEC N-CEN C.3 does not identify the series as an index fund; the filing alone does not distinguish discretionary from rules-based management,https://www.sec.gov/Archives/edgar/data/1562565/000003540225001561/0000035402-25-001561-index.html,2025q4_ncen.zip,0000035402-25-001561,S000071131,Fidelity Investment Grade Bond ETF,Y,,series_id,1.0,,True
FINX,Global X FinTech ETF,not_determined,management_style_evidence_1.1,S000054691,index_passive_identified,high,sec_ncen_c3,SEC N-CEN C.3 identifies the series as an index fund,https://www.sec.gov/Archives/edgar/data/1432353/000204825126001908/0002048251-26-001908-index.html,2026q1_ncen.zip,0002048251-26-001908,S000054691,Global X FinTech ETF,Y,Y,series_id,1.0,,True
FISR,State Street Fixed Income Sector Rotation ETF,systematic_or_rules_based,management_style_evidence_1.1,S000055185,active_identified,high,primary_source_override,Issuer includes FISR in its official active ETF roster,https://www.ssga.com/us/en/intermediary/capabilities/active-etfs,,,,,,,manual_ticker_override,,,True
FITE,State Street SPDR S&P Kensho Future Security ETF,index_passive_identified,management_style_evidence_1.1,,index_passive_identified,high,sec_ncen_c3,SEC N-CEN C.3 identifies the series as an index fund,https://www.sec.gov/Archives/edgar/data/1064642/000141036826040180/0001410368-26-040180-index.html,2026q2_ncen.zip,0001410368-26-040180,S000059702,SPDR S&P Kensho Future Security ETF,Y,Y,ticker,0.725,,False
FIVA,Fidelity International Value Factor ETF,systematic_or_rules_based,management_style_evidence_1.1,S000059463,index_passive_identified,high,sec_ncen_c3,SEC N-CEN C.3 identifies the series as an index fund,https://www.sec.gov/Archives/edgar/data/945908/000003540226000063/0000035402-26-000063-index.html,2026q1_ncen.zip,0000035402-26-000063,S000059463,Fidelity International Value Factor ETF,Y,Y,series_id,1.0,,True
FIVG,Defiance Next Gen Connectivity ETF,not_determined,management_style_evidence_1.1,S000064804,index_passive_identified,high,sec_ncen_c3,SEC N-CEN C.3 identifies the series as an index fund,https://www.sec.gov/Archives/edgar/data/1540305/000089418926007960/0000894189-26-007960-index.html,2026q1_ncen.zip,0000894189-26-007960,S000064804,Defiance Connective Technologies ETF,Y,Y,series_id,0.6666666666666666,,True
FIW,First Trust Water ETF,not_determined,management_style_evidence_1.1,S000017178,index_passive_identified,high,sec_ncen_c3,SEC N-CEN C.3 identifies the series as an index fund,https://www.sec.gov/Archives/edgar/data/1329377/000094040026009992/0000940400-26-009992-index.html,2026q1_ncen.zip,0000940400-26-009992,S000017178,First Trust Water ETF,Y,Y,series_id,1.0,,True
FIXD,First Trust Smith Opportunistic Fixed Income ETF,active_identified,management_style_evidence_1.1,S000056501,active_identified,high,primary_source_override,Issuer lists FIXD in its official actively managed ETF roster,https://www.ftportfolios.com/retail/etf/etflist.aspx?Type=ActivelyManaged,,,,,,,manual_ticker_override,,,False
FJP,First Trust Japan AlphaDEX Fund,index_passive_identified,management_style_evidence_1.1,S000031800,index_passive_identified,high,sec_ncen_c3,SEC N-CEN C.3 identifies the series as an index fund,https://www.sec.gov/Archives/edgar/data/1510337/000094040026009998/0000940400-26-009998-index.html,2026q1_ncen.zip,0000940400-26-009998,S000031800,First Trust Japan AlphaDEX Fund,Y,Y,series_id,1.0,,False
FKU,First Trust United Kingdom AlphaDEX Fund,index_passive_identified,management_style_evidence_1.1,S000036507,index_passive_identified,high,sec_ncen_c3,SEC N-CEN C.3 identifies the series as an index fund,https://www.sec.gov/Archives/edgar/data/1510337/000094040026009998/0000940400-26-009998-index.html,2026q1_ncen.zip,0000940400-26-009998,S000036507,First Trust United Kingdom AlphaDEX Fund,Y,Y,series_id,1.0,,False
FLAU,Franklin FTSE Australia ETF,index_passive_identified,management_style_evidence_1.1,S000059508,index_passive_identified,high,sec_ncen_c3,SEC N-CEN C.3 identifies the series as an index fund,https://www.sec.gov/Archives/edgar/data/1655589/000094040026023418/0000940400-26-023418-index.html,2026q2_ncen.zip,0000940400-26-023418,S000059508,Franklin FTSE Australia ETF,Y,Y,series_id,1.0,,False
FLAX,Franklin FTSE Asia ex Japan ETF,index_passive_identified,management_style_evidence_1.1,S000059500,index_passive_identified,high,sec_ncen_c3,SEC N-CEN C.3 identifies the series as an index fund,https://www.sec.gov/Archives/edgar/data/1655589/000094040026023418/0000940400-26-023418-index.html,2026q2_ncen.zip,0000940400-26-023418,S000059500,Franklin FTSE Asia ex Japan ETF,Y,Y,series_id,1.0,,False
FLBL,Franklin Senior Loan ETF,not_determined,management_style_evidence_1.1,S000061948,non_index_management_identified,high,sec_ncen_c3,SEC N-CEN C.3 does not identify the series as an index fund; the filing alone does not distinguish discretionary from rules-based management,https://www.sec.gov/Archives/edgar/data/1655589/000094040026023418/0000940400-26-023418-index.html,2026q2_ncen.zip,0000940400-26-023418,S000061948,Franklin Senior Loan ETF,Y,,series_id,1.0,,True
FLBR,Franklin FTSE Brazil ETF,index_passive_identified,management_style_evidence_1.1,S000059501,index_passive_identified,high,sec_ncen_c3,SEC N-CEN C.3 identifies the series as an index fund,https://www.sec.gov/Archives/edgar/data/1655589/000094040026023418/0000940400-26-023418-index.html,2026q2_ncen.zip,0000940400-26-023418,S000059501,Franklin FTSE Brazil ETF,Y,Y,series_id,1.0,,False
FLCA,Franklin FTSE Canada ETF,index_passive_identified,management_style_evidence_1.1,S000059509,index_passive_identified,high,sec_ncen_c3,SEC N-CEN C.3 identifies the series as an index fund,https://www.sec.gov/Archives/edgar/data/1655589/000094040026023418/0000940400-26-023418-index.html,2026q2_ncen.zip,0000940400-26-023418,S000059509,Franklin FTSE Canada ETF,Y,Y,series_id,1.0,,False
FLCB,Franklin U.S. Core Bond ETF,not_determined,management_style_evidence_1.1,S000066377,non_index_management_identified,high,sec_ncen_c3,SEC N-CEN C.3 does not identify the series as an index fund; the filing alone does not distinguish discretionary from rules-based management,https://www.sec.gov/Archives/edgar/data/1655589/000094040026023418/0000940400-26-023418-index.html,2026q2_ncen.zip,0000940400-26-023418,S000066377,Franklin U.S. Core Bond ETF,Y,,series_id,1.0,,True
FLCH,Franklin FTSE China ETF,index_passive_identified,management_style_evidence_1.1,S000059502,index_passive_identified,high,sec_ncen_c3,SEC N-CEN C.3 identifies the series as an index fund,https://www.sec.gov/Archives/edgar/data/1655589/000094040026023418/0000940400-26-023418-index.html,2026q2_ncen.zip,0000940400-26-023418,S000059502,Franklin FTSE China ETF,Y,Y,series_id,1.0,,False
FLCO,Franklin Investment Grade Corporate ETF,not_determined,management_style_evidence_1.1,S000053775,non_index_management_identified,high,sec_ncen_c3,SEC N-CEN C.3 does not identify the series as an index fund; the filing alone does not distinguish discretionary from rules-based management,https://www.sec.gov/Archives/edgar/data/1655589/000094040026023418/0000940400-26-023418-index.html,2026q2_ncen.zip,0000940400-26-023418,S000053775,Franklin Investment Grade Corporate ETF,Y,,series_id,1.0,,True
FLDR,Fidelity Low Duration Bond Factor ETF,systematic_or_rules_based,management_style_evidence_1.1,S000062079,index_passive_identified,high,sec_ncen_c3,SEC N-CEN C.3 identifies the series as an index fund,https://www.sec.gov/Archives/edgar/data/1562565/000003540225001561/0000035402-25-001561-index.html,2025q4_ncen.zip,0000035402-25-001561,S000062079,Fidelity Low Duration Bond Factor ETF,Y,Y,series_id,1.0,,True
FLDZ,TrueShares Patriot Defense ETF,not_determined,management_style_evidence_1.1,,non_index_management_identified,high,sec_ncen_c3,SEC N-CEN C.3 does not identify the series as an index fund; the filing alone does not distinguish discretionary from rules-based management,https://www.sec.gov/Archives/edgar/data/1936157/000193615726000077/0001936157-26-000077-index.html,2026q1_ncen.zip,0001936157-26-000077,S000092119,RiverNorth Patriot ETF,Y,,ticker,0.5365853658536586,,True
FLEE,Franklin FTSE Europe ETF,index_passive_identified,management_style_evidence_1.1,S000059495,index_passive_identified,high,sec_ncen_c3,SEC N-CEN C.3 identifies the series as an index fund,https://www.sec.gov/Archives/edgar/data/1655589/000094040026023418/0000940400-26-023418-index.html,2026q2_ncen.zip,0000940400-26-023418,S000059495,Franklin FTSE Europe ETF,Y,Y,series_id,1.0,,False
FLEH,Franklin FTSE Europe Hedged ETF,index_passive_identified,management_style_evidence_1.1,S000059506,index_passive_identified,high,sec_ncen_c3,SEC N-CEN C.3 identifies the series as an index fund,https://www.sec.gov/Archives/edgar/data/1655589/000094040026023418/0000940400-26-023418-index.html,2026q2_ncen.zip,0000940400-26-023418,S000059506,Franklin FTSE Eurozone ETF,Y,Y,series_id,0.8,,False
FLEU,Franklin FTSE Eurozone ETF,index_passive_identified,management_style_evidence_1.1,,index_passive_identified,high,sec_ncen_c3,SEC N-CEN C.3 identifies the series as an index fund,https://www.sec.gov/Archives/edgar/data/1655589/000094040026023418/0000940400-26-023418-index.html,2026q2_ncen.zip,0000940400-26-023418,S000059506,Franklin FTSE Eurozone ETF,Y,Y,ticker,1.0,,False
FLGB,Franklin FTSE United Kingdom ETF,index_passive_identified,management_style_evidence_1.1,S000059499,index_passive_identified,high,sec_ncen_c3,SEC N-CEN C.3 identifies the series as an index fund,https://www.sec.gov/Archives/edgar/data/1655589/000094040026023418/0000940400-26-023418-index.html,2026q2_ncen.zip,0000940400-26-023418,S000059499,Franklin FTSE United Kingdom ETF,Y,Y,series_id,1.0,,False
FLGR,Franklin FTSE Germany ETF,index_passive_identified,management_style_evidence_1.1,S000059511,index_passive_identified,high,sec_ncen_c3,SEC N-CEN C.3 identifies the series as an index fund,https://www.sec.gov/Archives/edgar/data/1655589/000094040026023418/0000940400-26-023418-index.html,2026q2_ncen.zip,0000940400-26-023418,S000059511,Franklin FTSE Germany ETF,Y,Y,series_id,1.0,,False
FLGV,Franklin U.S. Treasury Bond ETF,not_determined,management_style_evidence_1.1,S000068596,non_index_management_identified,high,sec_ncen_c3,SEC N-CEN C.3 does not identify the series as an index fund; the filing alone does not distinguish discretionary from rules-based management,https://www.sec.gov/Archives/edgar/data/1655589/000094040026023418/0000940400-26-023418-index.html,2026q2_ncen.zip,0000940400-26-023418,S000068596,Franklin U.S. Treasury Bond ETF,Y,,series_id,1.0,,True
FLHY,Franklin High Yield Corporate ETF,not_determined,management_style_evidence_1.1,S000061946,non_index_management_identified,high,sec_ncen_c3,SEC N-CEN C.3 does not identify the series as an index fund; the filing alone does not distinguish discretionary from rules-based management,https://www.sec.gov/Archives/edgar/data/1655589/000094040026023418/0000940400-26-023418-index.html,2026q2_ncen.zip,0000940400-26-023418,S000061946,Franklin High Yield Corporate ETF,Y,,series_id,1.0,,True
FLIA,Franklin International Aggregate Bond ETF,not_determined,management_style_evidence_1.1,S000061947,non_index_management_identified,high,sec_ncen_c3,SEC N-CEN C.3 does not identify the series as an index fund; the filing alone does not distinguish discretionary from rules-based management,https://www.sec.gov/Archives/edgar/data/1655589/000094040026023418/0000940400-26-023418-index.html,2026q2_ncen.zip,0000940400-26-023418,S000061947,Franklin International Aggregate Bond ETF,Y,,series_id,1.0,,True
FLIN,Franklin FTSE India ETF,index_passive_identified,management_style_evidence_1.1,S000059503,index_passive_identified,high,sec_ncen_c3,SEC N-CEN C.3 identifies the series as an index fund,https://www.sec.gov/Archives/edgar/data/1655589/000094040026023418/0000940400-26-023418-index.html,2026q2_ncen.zip,0000940400-26-023418,S000059503,Franklin FTSE India ETF,Y,Y,series_id,1.0,,False
FLJH,Franklin FTSE Japan Hedged ETF,index_passive_identified,management_style_evidence_1.1,S000059496,index_passive_identified,high,sec_ncen_c3,SEC N-CEN C.3 identifies the series as an index fund,https://www.sec.gov/Archives/edgar/data/1655589/000094040026023418/0000940400-26-023418-index.html,2026q2_ncen.zip,0000940400-26-023418,S000059496,Franklin FTSE Japan Hedged ETF,Y,Y,series_id,1.0,,False
FLJP,Franklin FTSE Japan ETF,index_passive_identified,management_style_evidence_1.1,S000059514,index_passive_identified,high,sec_ncen_c3,SEC N-CEN C.3 identifies the series as an index fund,https://www.sec.gov/Archives/edgar/data/1655589/000094040026023418/0000940400-26-023418-index.html,2026q2_ncen.zip,0000940400-26-023418,S000059514,Franklin FTSE Japan ETF,Y,Y,series_id,1.0,,False
FLKR,Franklin FTSE South Korea ETF,index_passive_identified,management_style_evidence_1.1,S000059497,index_passive_identified,high,sec_ncen_c3,SEC N-CEN C.3 identifies the series as an index fund,https://www.sec.gov/Archives/edgar/data/1655589/000094040026023418/0000940400-26-023418-index.html,2026q2_ncen.zip,0000940400-26-023418,S000059497,Franklin FTSE South Korea ETF,Y,Y,series_id,1.0,,False
FLLA,Franklin FTSE Latin America ETF,index_passive_identified,management_style_evidence_1.1,S000063035,index_passive_identified,high,sec_ncen_c3,SEC N-CEN C.3 identifies the series as an index fund,https://www.sec.gov/Archives/edgar/data/1655589/000094040026023418/0000940400-26-023418-index.html,2026q2_ncen.zip,0000940400-26-023418,S000063035,Franklin FTSE Latin America ETF,Y,Y,series_id,1.0,,False
FLLV,Franklin Liberty U.S. Low Volatility ETF,systematic_or_rules_based,management_style_evidence_1.1,S000053774,active_identified,high,primary_source_override,Issuer launch release identifies FLLV as an actively managed ETF,https://www.franklintempleton.com/press-releases/news-room/2016/franklin-templeton-investments-introduces-suite-of-actively-managed-etfs,,,,,,,manual_ticker_override,,,True
FLMB,Franklin Municipal Green Bond ETF,not_determined,management_style_evidence_1.1,S000057880,non_index_management_identified,high,sec_ncen_c3,SEC N-CEN C.3 does not identify the series as an index fund; the filing alone does not distinguish discretionary from rules-based management,https://www.sec.gov/Archives/edgar/data/1655589/000094040026023418/0000940400-26-023418-index.html,2026q2_ncen.zip,0000940400-26-023418,S000057880,Franklin Municipal Green Bond ETF,Y,,series_id,1.0,,True
FLMI,Franklin Dynamic Municipal Bond ETF,not_determined,management_style_evidence_1.1,S000057879,non_index_management_identified,high,sec_ncen_c3,SEC N-CEN C.3 does not identify the series as an index fund; the filing alone does not distinguish discretionary from rules-based management,https://www.sec.gov/Archives/edgar/data/1655589/000094040026023418/0000940400-26-023418-index.html,2026q2_ncen.zip,0000940400-26-023418,S000057879,Franklin Dynamic Municipal Bond ETF,Y,,series_id,1.0,,True
FLMX,Franklin FTSE Mexico ETF,index_passive_identified,management_style_evidence_1.1,S000059504,index_passive_identified,high,sec_ncen_c3,SEC N-CEN C.3 identifies the series as an index fund,https://www.sec.gov/Archives/edgar/data/1655589/000094040026023418/0000940400-26-023418-index.html,2026q2_ncen.zip,0000940400-26-023418,S000059504,Franklin FTSE Mexico ETF,Y,Y,series_id,1.0,,False
FLN,First Trust Latin America AlphaDEX Fund,index_passive_identified,management_style_evidence_1.1,S000031797,index_passive_identified,high,sec_ncen_c3,SEC N-CEN C.3 identifies the series as an index fund,https://www.sec.gov/Archives/edgar/data/1510337/000094040026009998/0000940400-26-009998-index.html,2026q1_ncen.zip,0000940400-26-009998,S000031797,First Trust Latin America AlphaDEX Fund,Y,Y,series_id,1.0,,False
FLOT,iShares Floating Rate Bond ETF,not_determined,management_style_evidence_1.1,S000033136,index_passive_identified,high,sec_ncen_c3,SEC N-CEN C.3 identifies the series as an index fund,https://www.sec.gov/Archives/edgar/data/1100663/000141036826001031/0001410368-26-001031-index.html,2026q1_ncen.zip,0001410368-26-001031,S000033136,iShares Floating Rate Bond ETF,Y,Y,series_id,1.0,,True
FLQD,Franklin LibertyQ Global Dividend ETF,systematic_or_rules_based,management_style_evidence_1.1,S000053153,index_passive_identified,high,sec_ncen_c3,SEC N-CEN C.3 identifies the series as an index fund,https://www.sec.gov/Archives/edgar/data/1655589/000094040026023418/0000940400-26-023418-index.html,2026q2_ncen.zip,0000940400-26-023418,S000053153,Franklin U.S. Core Dividend Tilt Index ETF,Y,Y,series_id,0.5970149253731343,,True
FLQE,Franklin LibertyQ Emerging Markets ETF,not_determined,management_style_evidence_1.1,S000053152,index_passive_identified,high,sec_ncen_c3,SEC N-CEN C.3 identifies the series as an index fund,https://www.sec.gov/Archives/edgar/data/1655589/000094040026023418/0000940400-26-023418-index.html,2026q2_ncen.zip,0000940400-26-023418,S000053152,Franklin Emerging Market Core Dividend Tilt Index ETF,Y,Y,series_id,0.625,,True
FLQG,Franklin LibertyQ Global Equity ETF,not_determined,management_style_evidence_1.1,S000053154,index_passive_identified,high,sec_ncen_c3,SEC N-CEN C.3 identifies the series as an index fund,https://www.sec.gov/Archives/edgar/data/1655589/000094040026023418/0000940400-26-023418-index.html,2026q2_ncen.zip,0000940400-26-023418,S000053154,Franklin U.S. Equity Index ETF,Y,Y,series_id,0.6181818181818182,,True
FLQH,Franklin LibertyQ International Equity Hedged ETF,not_determined,management_style_evidence_1.1,S000053151,index_passive_identified,high,sec_ncen_c3,SEC N-CEN C.3 identifies the series as an index fund,https://www.sec.gov/Archives/edgar/data/1655589/000094040026023418/0000940400-26-023418-index.html,2026q2_ncen.zip,0000940400-26-023418,S000053151,Franklin International Core Dividend Tilt Index ETF,Y,Y,series_id,0.6292134831460674,,True
FLQL,Franklin U.S. Large Cap Multifactor Index ETF,systematic_or_rules_based,management_style_evidence_1.1,S000057200,index_passive_identified,high,sec_ncen_c3,SEC N-CEN C.3 identifies the series as an index fund,https://www.sec.gov/Archives/edgar/data/1655589/000094040026023418/0000940400-26-023418-index.html,2026q2_ncen.zip,0000940400-26-023418,S000057200,Franklin U.S. Large Cap Multifactor Index ETF,Y,Y,series_id,1.0,,True
FLQM,Franklin U.S. Mid Cap Multifactor Index ETF,systematic_or_rules_based,management_style_evidence_1.1,S000057201,index_passive_identified,high,sec_ncen_c3,SEC N-CEN C.3 identifies the series as an index fund,https://www.sec.gov/Archives/edgar/data/1655589/000094040026023418/0000940400-26-023418-index.html,2026q2_ncen.zip,0000940400-26-023418,S000057201,Franklin U.S. Mid Cap Multifactor Index ETF,Y,Y,series_id,1.0,,True
FLQS,Franklin U.S. Small Cap Multifactor Index ETF,systematic_or_rules_based,management_style_evidence_1.1,S000057202,index_passive_identified,high,sec_ncen_c3,SEC N-CEN C.3 identifies the series as an index fund,https://www.sec.gov/Archives/edgar/data/1655589/000094040026023418/0000940400-26-023418-index.html,2026q2_ncen.zip,0000940400-26-023418,S000057202,Franklin U.S. Small Cap Multifactor Index ETF,Y,Y,series_id,1.0,,True
FLRG,Fidelity U.S. Multifactor ETF,systematic_or_rules_based,management_style_evidence_1.1,S000068350,index_passive_identified,high,sec_ncen_c3,SEC N-CEN C.3 identifies the series as an index fund,https://www.sec.gov/Archives/edgar/data/945908/000141036825014301/0001410368-25-014301-index.html,2025q4_ncen.zip,0001410368-25-014301,S000068350,Fidelity U.S. Multifactor ETF,Y,Y,series_id,1.0,,True
FLRN,State Street SPDR Bloomberg Investment Grade Floating Rate ETF,index_passive_identified,management_style_evidence_1.1,,index_passive_identified,high,sec_ncen_c3,SEC N-CEN C.3 identifies the series as an index fund,https://www.sec.gov/Archives/edgar/data/1064642/000141036826040180/0001410368-26-040180-index.html,2026q2_ncen.zip,0001410368-26-040180,S000034874,SPDR Bloomberg Investment Grade Floating Rate ETF,Y,Y,ticker,0.7962962962962963,,False
FLRT,Pacer Aristotle Pacific Floating Rate High Income ETF,not_determined,management_style_evidence_1.1,S000073714,non_index_management_identified,high,sec_ncen_c3,SEC N-CEN C.3 does not identify the series as an index fund; the filing alone does not distinguish discretionary from rules-based management,https://www.sec.gov/Archives/edgar/data/1616668/000114554925046416/0001145549-25-046416-index.html,2025q3_ncen.zip,0001145549-25-046416,S000073714,Pacer Pacific Asset Floating Rate High Income ETF,Y,,series_id,0.8409090909090909,,True
FLSA,Franklin FTSE Saudi Arabia ETF,index_passive_identified,management_style_evidence_1.1,S000063031,index_passive_identified,high,sec_ncen_c3,SEC N-CEN C.3 identifies the series as an index fund,https://www.sec.gov/Archives/edgar/data/1655589/000094040026023418/0000940400-26-023418-index.html,2026q2_ncen.zip,0000940400-26-023418,S000063031,Franklin FTSE Saudi Arabia ETF,Y,Y,series_id,1.0,,False
FLSP,Franklin Systematic Style Premia ETF,not_determined,management_style_evidence_1.1,S000066719,systematic_or_rules_based,medium,sec_ncen_c3,SEC N-CEN C.3 does not identify the series as an index fund; classification refined by transparent product-name evidence (strategy_name_identifies_rules_or_overlay),https://www.sec.gov/Archives/edgar/data/1655589/000094040026023418/0000940400-26-023418-index.html,2026q2_ncen.zip,0000940400-26-023418,S000066719,Franklin Systematic Style Premia ETF,Y,,series_id,1.0,,True
FLSW,Franklin FTSE Switzerland ETF,index_passive_identified,management_style_evidence_1.1,S000059498,index_passive_identified,high,sec_ncen_c3,SEC N-CEN C.3 identifies the series as an index fund,https://www.sec.gov/Archives/edgar/data/1655589/000094040026023418/0000940400-26-023418-index.html,2026q2_ncen.zip,0000940400-26-023418,S000059498,Franklin FTSE Switzerland ETF,Y,Y,series_id,1.0,,False
FLTB,Fidelity Limited Term Bond ETF,not_determined,management_style_evidence_1.1,S000042569,non_index_management_identified,high,sec_ncen_c3,SEC N-CEN C.3 does not identify the series as an index fund; the filing alone does not distinguish discretionary from rules-based management,https://www.sec.gov/Archives/edgar/data/1562565/000003540225001561/0000035402-25-001561-index.html,2025q4_ncen.zip,0000035402-25-001561,S000042569,Fidelity Limited Term Bond ETF,Y,,series_id,1.0,,True
FLTR,VanEck IG Floating Rate ETF,not_determined,management_style_evidence_1.1,S000028942,index_passive_identified,high,sec_ncen_c3,SEC N-CEN C.3 identifies the series as an index fund,https://www.sec.gov/Archives/edgar/data/1137360/000175272425165267/0001752724-25-165267-index.html,2025q3_ncen.zip,0001752724-25-165267,S000028942,VanEck IG Floating Rate ETF,Y,Y,series_id,1.0,,True
FLTW,Franklin FTSE Taiwan ETF,index_passive_identified,management_style_evidence_1.1,S000059507,index_passive_identified,high,sec_ncen_c3,SEC N-CEN C.3 identifies the series as an index fund,https://www.sec.gov/Archives/edgar/data/1655589/000094040026023418/0000940400-26-023418-index.html,2026q2_ncen.zip,0000940400-26-023418,S000059507,Franklin FTSE Taiwan ETF,Y,Y,series_id,1.0,,False
FLUD,Franklin Ultra Short Bond ETF,not_determined,management_style_evidence_1.1,S000068139,non_index_management_identified,high,sec_ncen_c3,SEC N-CEN C.3 does not identify the series as an index fund; the filing alone does not distinguish discretionary from rules-based management,https://www.sec.gov/Archives/edgar/data/1655589/000094040026023418/0000940400-26-023418-index.html,2026q2_ncen.zip,0000940400-26-023418,S000068139,Franklin Ultra Short Bond ETF,Y,,series_id,1.0,,True
FLV,American Century Focused Large Cap Value ETF,systematic_or_rules_based,management_style_evidence_1.1,S000063005,active_identified,high,primary_source_override,Issuer states that FLV is actively managed and does not replicate an index,https://www.americancentury.com/advisors/investment-products/etfs/,,,,,,,manual_ticker_override,,,True
FMAG,Fidelity Magellan ETF,not_determined,management_style_evidence_1.1,S000070234,non_index_management_identified,high,sec_ncen_c3,SEC N-CEN C.3 does not identify the series as an index fund; the filing alone does not distinguish discretionary from rules-based management,https://www.sec.gov/Archives/edgar/data/945908/000141036825014301/0001410368-25-014301-index.html,2025q4_ncen.zip,0001410368-25-014301,S000070234,Fidelity Magellan ETF,Y,,series_id,1.0,,True
FMAT,Fidelity MSCI Materials Index ETF,index_passive_identified,management_style_evidence_1.1,S000042578,index_passive_identified,high,sec_ncen_c3,SEC N-CEN C.3 identifies the series as an index fund,https://www.sec.gov/Archives/edgar/data/945908/000141036825014301/0001410368-25-014301-index.html,2025q4_ncen.zip,0001410368-25-014301,S000042578,Fidelity MSCI Materials Index ETF,Y,Y,series_id,1.0,,False
FMB,First Trust Managed Municipal ETF,active_identified,management_style_evidence_1.1,S000044373,active_identified,high,primary_source_override,Issuer lists FMB in its official actively managed ETF roster,https://www.ftportfolios.com/retail/etf/etflist.aspx?Type=ActivelyManaged,,,,,,,manual_ticker_override,,,False
FMF,First Trust Managed Futures Strategy Fund,active_identified,management_style_evidence_1.1,S000037848,active_identified,high,primary_source_override,Issuer lists FMF in its official actively managed ETF roster,https://www.ftportfolios.com/retail/etf/etflist.aspx?Type=ActivelyManaged,,,,,,,manual_ticker_override,,,False
FMHI,First Trust Municipal High Income ETF,not_determined,management_style_evidence_1.1,S000051606,non_index_management_identified,high,sec_ncen_c3,SEC N-CEN C.3 does not identify the series as an index fund; the filing alone does not distinguish discretionary from rules-based management,https://www.sec.gov/Archives/edgar/data/1424212/000094040025003112/0000940400-25-003112-index.html,2025q4_ncen.zip,0000940400-25-003112,S000051606,First Trust Municipal High Income ETF,Y,,series_id,1.0,,True
FMNY,First Trust New York Municipal High Income ETF,not_determined,management_style_evidence_1.1,S000070485,non_index_management_identified,high,sec_ncen_c3,SEC N-CEN C.3 does not identify the series as an index fund; the filing alone does not distinguish discretionary from rules-based management,https://www.sec.gov/Archives/edgar/data/1424212/000094040025003112/0000940400-25-003112-index.html,2025q4_ncen.zip,0000940400-25-003112,S000070485,First Trust New York Municipal High Income ETF,Y,,series_id,1.0,,True
FMQQ,FMQQ The Next Frontier Internet ETF,not_determined,management_style_evidence_1.1,S000073704,index_passive_identified,high,sec_ncen_c3,SEC N-CEN C.3 identifies the series as an index fund,https://www.sec.gov/Archives/edgar/data/1452937/000204825125002330/0002048251-25-002330-index.html,2025q4_ncen.zip,0002048251-25-002330,S000073704,FMQQ The Next Frontier Internet ETF,Y,Y,series_id,1.0,,True
FNCL,Fidelity MSCI Financials Index ETF,index_passive_identified,management_style_evidence_1.1,S000042574,index_passive_identified,high,sec_ncen_c3,SEC N-CEN C.3 identifies the series as an index fund,https://www.sec.gov/Archives/edgar/data/945908/000141036825014301/0001410368-25-014301-index.html,2025q4_ncen.zip,0001410368-25-014301,S000042574,Fidelity MSCI Financials Index ETF,Y,Y,series_id,1.0,,False
FNDA,Schwab Fundamental U.S. Small Company ETF,systematic_or_rules_based,management_style_evidence_1.1,,index_passive_identified,high,sec_ncen_c3,SEC N-CEN C.3 identifies the series as an index fund,https://www.sec.gov/Archives/edgar/data/1454889/000141036826043209/0001410368-26-043209-index.html,2026q2_ncen.zip,0001410368-26-043209,S000040878,Schwab Fundamental U.S. Small Company ETF,Y,Y,ticker,1.0,,True
FNDB,Schwab Fundamental U.S. Broad Market ETF,systematic_or_rules_based,management_style_evidence_1.1,,index_passive_identified,high,sec_ncen_c3,SEC N-CEN C.3 identifies the series as an index fund,https://www.sec.gov/Archives/edgar/data/1454889/000141036826043209/0001410368-26-043209-index.html,2026q2_ncen.zip,0001410368-26-043209,S000040876,Schwab Fundamental U.S. Broad Market ETF,Y,Y,ticker,1.0,,True
FNDC,Schwab Fundamental International Small Equity ETF,systematic_or_rules_based,management_style_evidence_1.1,,index_passive_identified,high,sec_ncen_c3,SEC N-CEN C.3 identifies the series as an index fund,https://www.sec.gov/Archives/edgar/data/1454889/000141036826043209/0001410368-26-043209-index.html,2026q2_ncen.zip,0001410368-26-043209,S000040880,Schwab Fundamental International Small Equity ETF,Y,Y,ticker,1.0,,True
FNDE,Schwab Fundamental Emerging Markets Equity ETF,systematic_or_rules_based,management_style_evidence_1.1,,index_passive_identified,high,sec_ncen_c3,SEC N-CEN C.3 identifies the series as an index fund,https://www.sec.gov/Archives/edgar/data/1454889/000141036826043209/0001410368-26-043209-index.html,2026q2_ncen.zip,0001410368-26-043209,S000040881,Schwab Fundamental Emerging Markets Equity ETF,Y,Y,ticker,1.0,,True
FNDF,Schwab Fundamental International Equity ETF,systematic_or_rules_based,management_style_evidence_1.1,,index_passive_identified,high,sec_ncen_c3,SEC N-CEN C.3 identifies the series as an index fund,https://www.sec.gov/Archives/edgar/data/1454889/000141036826043209/0001410368-26-043209-index.html,2026q2_ncen.zip,0001410368-26-043209,S000040879,Schwab Fundamental International Equity ETF,Y,Y,ticker,1.0,,True
FNDX,Schwab Fundamental U.S. Large Company ETF,systematic_or_rules_based,management_style_evidence_1.1,,index_passive_identified,high,sec_ncen_c3,SEC N-CEN C.3 identifies the series as an index fund,https://www.sec.gov/Archives/edgar/data/1454889/000141036826043209/0001410368-26-043209-index.html,2026q2_ncen.zip,0001410368-26-043209,S000040877,Schwab Fundamental U.S. Large Company ETF,Y,Y,ticker,1.0,,True
FNGS,"MicroSectors FANG  ETNs due January 8, 2038",not_determined,management_style_evidence_1.1,,not_applicable_security,high,primary_source_override,Issuer describes an unsecured exchange-traded note linked to the NYSE FANG+ Index,https://microsectors.com/fang/,,,,,,,manual_ticker_override,,Debt instrument: management-style taxonomy is not applicable.,True
FNK,First Trust Mid Cap Value AlphaDEX Fund,systematic_or_rules_based,management_style_evidence_1.1,S000031805,index_passive_identified,high,sec_ncen_c3,SEC N-CEN C.3 identifies the series as an index fund,https://www.sec.gov/Archives/edgar/data/1383496/000094040025003091/0000940400-25-003091-index.html,2025q4_ncen.zip,0000940400-25-003091,S000031805,First Trust Mid Cap Value AlphaDEX Fund,Y,Y,series_id,1.0,,True
FNX,First Trust Mid Cap Core AlphaDEX Fund,index_passive_identified,management_style_evidence_1.1,S000017338,index_passive_identified,high,sec_ncen_c3,SEC N-CEN C.3 identifies the series as an index fund,https://www.sec.gov/Archives/edgar/data/1383496/000094040025003091/0000940400-25-003091-index.html,2025q4_ncen.zip,0000940400-25-003091,S000017338,First Trust Mid Cap Core AlphaDEX Fund,Y,Y,series_id,1.0,,False
FNY,First Trust Mid Cap Growth AlphaDEX Fund,systematic_or_rules_based,management_style_evidence_1.1,S000031804,index_passive_identified,high,sec_ncen_c3,SEC N-CEN C.3 identifies the series as an index fund,https://www.sec.gov/Archives/edgar/data/1383496/000094040025003091/0000940400-25-003091-index.html,2025q4_ncen.zip,0000940400-25-003091,S000031804,First Trust Mid Cap Growth AlphaDEX Fund,Y,Y,series_id,1.0,,True
FORH,Formidable ETF,not_determined,management_style_evidence_1.1,S000071248,non_index_management_identified,high,sec_ncen_c3,SEC N-CEN C.3 does not identify the series as an index fund; the filing alone does not distinguish discretionary from rules-based management,https://www.sec.gov/Archives/edgar/data/1771146/000100472626004649/0001004726-26-004649-index.html,2026q2_ncen.zip,0001004726-26-004649,S000071248,Formidable ETF,Y,,series_id,1.0,,True
FPA,First Trust Asia Pacific Ex-Japan AlphaDEX Fund,index_passive_identified,management_style_evidence_1.1,S000031803,index_passive_identified,high,sec_ncen_c3,SEC N-CEN C.3 identifies the series as an index fund,https://www.sec.gov/Archives/edgar/data/1510337/000094040026009998/0000940400-26-009998-index.html,2026q1_ncen.zip,0000940400-26-009998,S000031803,First Trust Asia Pacific ex-Japan AlphaDEX Fund,Y,Y,series_id,1.0,,False
FPAG,FPA Global Equity ETF,not_determined,management_style_evidence_1.1,S000074718|S000083872,non_index_management_identified,high,sec_ncen_c3,SEC N-CEN C.3 does not identify the series as an index fund; the filing alone does not distinguish discretionary from rules-based management,https://www.sec.gov/Archives/edgar/data/924727/000114554924078688/0001145549-24-078688-index.html,2024q4_ncen.zip,0001145549-24-078688,S000083872,FPA Global Equity ETF,Y,,series_id,1.0,,True
FPE,First Trust Preferred Securities and Income ETF ETF,not_determined,management_style_evidence_1.1,,non_index_management_identified,high,sec_ncen_c3,SEC N-CEN C.3 does not identify the series as an index fund; the filing alone does not distinguish discretionary from rules-based management,https://www.sec.gov/Archives/edgar/data/1424212/000094040026000182/0000940400-26-000182-index.html,2026q1_ncen.zip,0000940400-26-000182,S000034980,First Trust Preferred Securities and Income ETF,Y,,ticker,0.9318181818181818,,True
FPEI,First Trust Institutional Preferred Securities and Income ETF,not_determined,management_style_evidence_1.1,S000058182,non_index_management_identified,high,sec_ncen_c3,SEC N-CEN C.3 does not identify the series as an index fund; the filing alone does not distinguish discretionary from rules-based management,https://www.sec.gov/Archives/edgar/data/1424212/000094040026000182/0000940400-26-000182-index.html,2026q1_ncen.zip,0000940400-26-000182,S000058182,First Trust Institutional Preferred Securities and Income ETF,Y,,series_id,1.0,,True
FPFD,Fidelity Preferred Securities & Income ETF,not_determined,management_style_evidence_1.1,S000072125,non_index_management_identified,high,sec_ncen_c3,SEC N-CEN C.3 does not identify the series as an index fund; the filing alone does not distinguish discretionary from rules-based management,https://www.sec.gov/Archives/edgar/data/945908/000003540225001557/0000035402-25-001557-index.html,2025q4_ncen.zip,0000035402-25-001557,S000072125,Fidelity Preferred Securities and Income ETF,Y,,series_id,0.96,,True
FPRO,Fidelity Real Estate Investment ETF,not_determined,management_style_evidence_1.1,S000070235,non_index_management_identified,high,sec_ncen_c3,SEC N-CEN C.3 does not identify the series as an index fund; the filing alone does not distinguish discretionary from rules-based management,https://www.sec.gov/Archives/edgar/data/945908/000141036825014301/0001410368-25-014301-index.html,2025q4_ncen.zip,0001410368-25-014301,S000070235,Fidelity Real Estate Investment ETF,Y,,series_id,1.0,,True
FPWR,First Trust EIP Power Solutions ETF,not_determined,management_style_evidence_1.1,,non_index_management_identified,high,sec_ncen_c3,SEC N-CEN C.3 does not identify the series as an index fund; the filing alone does not distinguish discretionary from rules-based management,https://www.sec.gov/Archives/edgar/data/1517936/000094040026000180/0000940400-26-000180-index.html,2026q1_ncen.zip,0000940400-26-000180,S000066179,First Trust EIP Power Solutions ETF,Y,,ticker,1.0,,True
FPX,First Trust US Equity Opportunities ETF,not_determined,management_style_evidence_1.1,S000010977,index_passive_identified,high,sec_ncen_c3,SEC N-CEN C.3 identifies the series as an index fund,https://www.sec.gov/Archives/edgar/data/1329377/000094040026009992/0000940400-26-009992-index.html,2026q1_ncen.zip,0000940400-26-009992,S000010977,First Trust US Equity Opportunities ETF,Y,Y,series_id,1.0,,True
FPXE,First Trust IPOX Europe Equity Opportunities ETF,not_determined,management_style_evidence_1.1,S000063124,index_passive_identified,high,sec_ncen_c3,SEC N-CEN C.3 identifies the series as an index fund,https://www.sec.gov/Archives/edgar/data/1364608/000175272424283612/0001752724-24-283612-index.html,2024q4_ncen.zip,0001752724-24-283612,S000063124,First Trust IPOX Europe Equity Opportunities ETF,Y,Y,series_id,1.0,,True
FPXI,First Trust International Equity Opportunities ETF,not_determined,management_style_evidence_1.1,S000046902,index_passive_identified,high,sec_ncen_c3,SEC N-CEN C.3 identifies the series as an index fund,https://www.sec.gov/Archives/edgar/data/1364608/000175272424283612/0001752724-24-283612-index.html,2024q4_ncen.zip,0001752724-24-283612,S000046902,First Trust International Equity Opportunities ETF,Y,Y,series_id,1.0,,True
FQAL,Fidelity Quality Factor ETF,systematic_or_rules_based,management_style_evidence_1.1,S000054753,index_passive_identified,high,sec_ncen_c3,SEC N-CEN C.3 identifies the series as an index fund,https://www.sec.gov/Archives/edgar/data/945908/000141036825014301/0001410368-25-014301-index.html,2025q4_ncen.zip,0001410368-25-014301,S000054753,Fidelity Quality Factor ETF,Y,Y,series_id,1.0,,True
FRDM,Freedom 100 Emerging Markets ETF,not_determined,management_style_evidence_1.1,S000065423,index_passive_identified,high,sec_ncen_c3,SEC N-CEN C.3 identifies the series as an index fund,https://www.sec.gov/Archives/edgar/data/1592900/000114554924078631/0001145549-24-078631-index.html,2024q4_ncen.zip,0001145549-24-078631,S000065423,Freedom 100 Emerging Markets ETF,Y,Y,series_id,1.0,,True
FREL,Fidelity MSCI Real Estate Index ETF,index_passive_identified,management_style_evidence_1.1,S000047984,index_passive_identified,high,sec_ncen_c3,SEC N-CEN C.3 identifies the series as an index fund,https://www.sec.gov/Archives/edgar/data/945908/000141036825014301/0001410368-25-014301-index.html,2025q4_ncen.zip,0001410368-25-014301,S000047984,Fidelity MSCI Real Estate Index ETF,Y,Y,series_id,1.0,,False
FRI,First Trust S&P REIT Index Fund,index_passive_identified,management_style_evidence_1.1,S000017163,index_passive_identified,high,sec_ncen_c3,SEC N-CEN C.3 identifies the series as an index fund,https://www.sec.gov/Archives/edgar/data/1329377/000094040026009992/0000940400-26-009992-index.html,2026q1_ncen.zip,0000940400-26-009992,S000017163,First Trust S&P REIT Index Fund,Y,Y,series_id,1.0,,False
FRNW,Fidelity Clean Energy ETF,not_determined,management_style_evidence_1.1,S000073597,index_passive_identified,high,sec_ncen_c3,SEC N-CEN C.3 identifies the series as an index fund,https://www.sec.gov/Archives/edgar/data/945908/000175272425214106/0001752724-25-214106-index.html,2025q3_ncen.zip,0001752724-25-214106,S000073597,Fidelity Clean Energy ETF,Y,Y,series_id,1.0,,True
FRTY,Alger Mid Cap 40 ETF,not_determined,management_style_evidence_1.1,S000069955,non_index_management_identified,high,sec_ncen_c3,SEC N-CEN C.3 does not identify the series as an index fund; the filing alone does not distinguish discretionary from rules-based management,https://www.sec.gov/Archives/edgar/data/1807486/000094040026010049/0000940400-26-010049-index.html,2026q1_ncen.zip,0000940400-26-010049,S000069955,Alger Mid Cap 40 ETF,Y,,series_id,1.0,,True
FSCS,First Trust SMID Capital Strength ETF,not_determined,management_style_evidence_1.1,,index_passive_identified,high,sec_ncen_c3,SEC N-CEN C.3 identifies the series as an index fund,https://www.sec.gov/Archives/edgar/data/1552740/000094040026023374/0000940400-26-023374-index.html,2026q2_ncen.zip,0000940400-26-023374,S000058147,First Trust SMID Capital Strength ETF,Y,Y,ticker,1.0,,True
FSEC,Fidelity Investment Grade Securitized ETF,not_determined,management_style_evidence_1.1,S000071132,non_index_management_identified,high,sec_ncen_c3,SEC N-CEN C.3 does not identify the series as an index fund; the filing alone does not distinguish discretionary from rules-based management,https://www.sec.gov/Archives/edgar/data/1562565/000003540225001561/0000035402-25-001561-index.html,2025q4_ncen.zip,0000035402-25-001561,S000071132,Fidelity Investment Grade Securitized ETF,Y,,series_id,1.0,,True
FSGS,First Trust SMID Growth Strength ETF,systematic_or_rules_based,management_style_evidence_1.1,,index_passive_identified,high,sec_ncen_c3,SEC N-CEN C.3 identifies the series as an index fund,https://www.sec.gov/Archives/edgar/data/1552740/000094040026023374/0000940400-26-023374-index.html,2026q2_ncen.zip,0000940400-26-023374,S000058148,First Trust SMID Growth Strength ETF,Y,Y,ticker,1.0,,True
FSIG,First Trust Limited Duration Investment Grade Corporate ETF,not_determined,management_style_evidence_1.1,S000072703,non_index_management_identified,high,sec_ncen_c3,SEC N-CEN C.3 does not identify the series as an index fund; the filing alone does not distinguish discretionary from rules-based management,https://www.sec.gov/Archives/edgar/data/1517936/000094040026000180/0000940400-26-000180-index.html,2026q1_ncen.zip,0000940400-26-000180,S000072703,First Trust Limited Duration Investment Grade Corporate ETF,Y,,series_id,1.0,,True
FSMB,First Trust Short Duration Managed Municipal ETF,active_identified,management_style_evidence_1.1,S000063445,active_identified,high,primary_source_override,Issuer lists FSMB in its official actively managed ETF roster,https://www.ftportfolios.com/retail/etf/etflist.aspx?Type=ActivelyManaged,,,,,,,manual_ticker_override,,,False
FSMD,Fidelity Small-Mid Multifactor ETF,systematic_or_rules_based,management_style_evidence_1.1,S000064786,index_passive_identified,high,sec_ncen_c3,SEC N-CEN C.3 identifies the series as an index fund,https://www.sec.gov/Archives/edgar/data/945908/000141036825014301/0001410368-25-014301-index.html,2025q4_ncen.zip,0001410368-25-014301,S000064786,Fidelity Small-Mid Multifactor ETF,Y,Y,series_id,1.0,,True
FSTA,Fidelity MSCI Consumer Staples Index ETF,index_passive_identified,management_style_evidence_1.1,S000042572,index_passive_identified,high,sec_ncen_c3,SEC N-CEN C.3 identifies the series as an index fund,https://www.sec.gov/Archives/edgar/data/945908/000141036825014301/0001410368-25-014301-index.html,2025q4_ncen.zip,0001410368-25-014301,S000042572,Fidelity MSCI Consumer Staples Index ETF,Y,Y,series_id,1.0,,False
FSYD,Fidelity Sustainable High Yield ETF,not_determined,management_style_evidence_1.1,S000075296,non_index_management_identified,high,sec_ncen_c3,SEC N-CEN C.3 does not identify the series as an index fund; the filing alone does not distinguish discretionary from rules-based management,https://www.sec.gov/Archives/edgar/data/945908/000003540225001557/0000035402-25-001557-index.html,2025q4_ncen.zip,0000035402-25-001557,S000075296,Fidelity Sustainable High Yield ETF,Y,,series_id,1.0,,True
FSZ,First Trust Switzerland AlphaDEX Fund,index_passive_identified,management_style_evidence_1.1,S000036505,index_passive_identified,high,sec_ncen_c3,SEC N-CEN C.3 identifies the series as an index fund,https://www.sec.gov/Archives/edgar/data/1510337/000094040026009998/0000940400-26-009998-index.html,2026q1_ncen.zip,0000940400-26-009998,S000036505,First Trust Switzerland AlphaDEX Fund,Y,Y,series_id,1.0,,False
FTA,First Trust Large Cap Value AlphaDEX Fund,systematic_or_rules_based,management_style_evidence_1.1,S000017340,index_passive_identified,high,sec_ncen_c3,SEC N-CEN C.3 identifies the series as an index fund,https://www.sec.gov/Archives/edgar/data/1383496/000094040025003091/0000940400-25-003091-index.html,2025q4_ncen.zip,0000940400-25-003091,S000017340,First Trust Large Cap Value AlphaDEX Fund,Y,Y,series_id,1.0,,True
FTAG,First Trust Indxx Global Agriculture ETF,index_passive_identified,management_style_evidence_1.1,,index_passive_identified,high,sec_ncen_c3,SEC N-CEN C.3 identifies the series as an index fund,https://www.sec.gov/Archives/edgar/data/1364608/000175272424283612/0001752724-24-283612-index.html,2024q4_ncen.zip,0001752724-24-283612,S000028546,First Trust Indxx Global Agriculture ETF,Y,Y,ticker,1.0,,False
FTC,First Trust Large Cap Growth AlphaDEX Fund,systematic_or_rules_based,management_style_evidence_1.1,S000017341,index_passive_identified,high,sec_ncen_c3,SEC N-CEN C.3 identifies the series as an index fund,https://www.sec.gov/Archives/edgar/data/1383496/000094040025003091/0000940400-25-003091-index.html,2025q4_ncen.zip,0000940400-25-003091,S000017341,First Trust Large Cap Growth AlphaDEX Fund,Y,Y,series_id,1.0,,True
FTCS,First Trust Capital Strength ETF,not_determined,management_style_evidence_1.1,,index_passive_identified,high,sec_ncen_c3,SEC N-CEN C.3 identifies the series as an index fund,https://www.sec.gov/Archives/edgar/data/1329377/000094040026009992/0000940400-26-009992-index.html,2026q1_ncen.zip,0000940400-26-009992,S000012555,First Trust Capital Strength ETF,Y,Y,ticker,1.0,,True
FTDS,First Trust Dividend Strength ETF,systematic_or_rules_based,management_style_evidence_1.1,,index_passive_identified,high,sec_ncen_c3,SEC N-CEN C.3 identifies the series as an index fund,https://www.sec.gov/Archives/edgar/data/1329377/000094040026009992/0000940400-26-009992-index.html,2026q1_ncen.zip,0000940400-26-009992,S000013797,First Trust Dividend Strength ETF,Y,Y,ticker,1.0,,True
FTEC,Fidelity MSCI Information Technology Index ETF,index_passive_identified,management_style_evidence_1.1,S000042577,index_passive_identified,high,sec_ncen_c3,SEC N-CEN C.3 identifies the series as an index fund,https://www.sec.gov/Archives/edgar/data/945908/000141036825014301/0001410368-25-014301-index.html,2025q4_ncen.zip,0001410368-25-014301,S000042577,Fidelity MSCI Information Technology Index ETF,Y,Y,series_id,1.0,,False
FTGC,First Trust Global Tactical Commodity Strategy Fund,active_identified,management_style_evidence_1.1,S000039654,active_identified,high,primary_source_override,Issuer lists FTGC in its official actively managed ETF roster,https://www.ftportfolios.com/retail/etf/etflist.aspx?Type=ActivelyManaged,,,,,,,manual_ticker_override,,,False
FTHI,First Trust BuyWrite Income ETF,not_determined,management_style_evidence_1.1,,non_index_management_identified,high,sec_ncen_c3,SEC N-CEN C.3 does not identify the series as an index fund; the filing alone does not distinguish discretionary from rules-based management,https://www.sec.gov/Archives/edgar/data/1552740/000094040026023288/0000940400-26-023288-index.html,2026q2_ncen.zip,0000940400-26-023288,S000040302,First Trust BuyWrite Income ETF,Y,,ticker,1.0,,True
FTLS,First Trust Long/Short Equity,active_identified,management_style_evidence_1.1,S000045700,active_identified,high,primary_source_override,Issuer lists FTLS in its official actively managed ETF roster,https://www.ftportfolios.com/retail/etf/etflist.aspx?Type=ActivelyManaged,,,,,,,manual_ticker_override,,,False
FTQI,First Trust Nasdaq BuyWrite Income ETF,index_passive_identified,management_style_evidence_1.1,,active_identified,high,primary_source_override,Issuer includes FTQI in its official actively managed ETF roster,https://www.ftportfolios.com/retail/etf/etflist.aspx?Type=ActivelyManaged,,,,,,,manual_ticker_override,,The Nasdaq reference describes the option underlying and not an index-tracking mandate.,True
FTRI,First Trust Indxx Global Natural Resources Income ETF,index_passive_identified,management_style_evidence_1.1,,index_passive_identified,high,sec_ncen_c3,SEC N-CEN C.3 identifies the series as an index fund,https://www.sec.gov/Archives/edgar/data/1364608/000175272424283612/0001752724-24-283612-index.html,2024q4_ncen.zip,0001752724-24-283612,S000028545,First Trust Indxx Global Natural Resources Income ETF,Y,Y,ticker,1.0,,False
FTSD,Franklin Short Duration U.S. Government ETF,not_determined,management_style_evidence_1.1,,non_index_management_identified,high,sec_ncen_c3,SEC N-CEN C.3 does not identify the series as an index fund; the filing alone does not distinguish discretionary from rules-based management,https://www.sec.gov/Archives/edgar/data/1551895/000094040026023417/0000940400-26-023417-index.html,2026q2_ncen.zip,0000940400-26-023417,S000040579,Franklin Short Duration U.S. Government ETF,Y,,ticker,1.0,,True
FTSL,First Trust Senior Loan Fund,not_determined,management_style_evidence_1.1,S000034146,non_index_management_identified,high,sec_ncen_c3,SEC N-CEN C.3 does not identify the series as an index fund; the filing alone does not distinguish discretionary from rules-based management,https://www.sec.gov/Archives/edgar/data/1517936/000094040026000180/0000940400-26-000180-index.html,2026q1_ncen.zip,0000940400-26-000180,S000034146,First Trust Senior Loan Fund,Y,,series_id,1.0,,True
FTSM,First Trust Enhanced Short Maturity ETF,not_determined,management_style_evidence_1.1,S000045797,non_index_management_identified,high,sec_ncen_c3,SEC N-CEN C.3 does not identify the series as an index fund; the filing alone does not distinguish discretionary from rules-based management,https://www.sec.gov/Archives/edgar/data/1517936/000094040026000180/0000940400-26-000180-index.html,2026q1_ncen.zip,0000940400-26-000180,S000045797,First Trust Enhanced Short Maturity ETF,Y,,series_id,1.0,,True
FTXD,First Trust Nasdaq Retail ETF,index_passive_identified,management_style_evidence_1.1,S000053946,index_passive_identified,high,sec_ncen_c3,SEC N-CEN C.3 identifies the series as an index fund,https://www.sec.gov/Archives/edgar/data/1552740/000094040026023374/0000940400-26-023374-index.html,2026q2_ncen.zip,0000940400-26-023374,S000053946,First Trust S-Network E-Commerce ETF,Y,Y,series_id,0.5818181818181818,,False
FTXG,First Trust Nasdaq Food & Beverage ETF,index_passive_identified,management_style_evidence_1.1,S000053943,index_passive_identified,high,sec_ncen_c3,SEC N-CEN C.3 identifies the series as an index fund,https://www.sec.gov/Archives/edgar/data/1552740/000094040026023374/0000940400-26-023374-index.html,2026q2_ncen.zip,0000940400-26-023374,S000053943,First Trust Nasdaq Food & Beverage ETF,Y,Y,series_id,1.0,,False
FTXH,First Trust Nasdaq Pharmaceuticals ETF,index_passive_identified,management_style_evidence_1.1,S000053945,index_passive_identified,high,sec_ncen_c3,SEC N-CEN C.3 identifies the series as an index fund,https://www.sec.gov/Archives/edgar/data/1552740/000094040026023374/0000940400-26-023374-index.html,2026q2_ncen.zip,0000940400-26-023374,S000053945,First Trust Nasdaq Pharmaceuticals ETF,Y,Y,series_id,1.0,,False
FTXL,First Trust Nasdaq Semiconductor ETF,index_passive_identified,management_style_evidence_1.1,S000053947,index_passive_identified,high,sec_ncen_c3,SEC N-CEN C.3 identifies the series as an index fund,https://www.sec.gov/Archives/edgar/data/1552740/000094040026023374/0000940400-26-023374-index.html,2026q2_ncen.zip,0000940400-26-023374,S000053947,First Trust Nasdaq Semiconductor ETF,Y,Y,series_id,1.0,,False
FTXN,First Trust Nasdaq Oil & Gas ETF,index_passive_identified,management_style_evidence_1.1,S000053944,index_passive_identified,high,sec_ncen_c3,SEC N-CEN C.3 identifies the series as an index fund,https://www.sec.gov/Archives/edgar/data/1552740/000094040026023374/0000940400-26-023374-index.html,2026q2_ncen.zip,0000940400-26-023374,S000053944,First Trust Nasdaq Oil & Gas ETF,Y,Y,series_id,1.0,,False
FTXO,First Trust Nasdaq Bank ETF,index_passive_identified,management_style_evidence_1.1,S000053942,index_passive_identified,high,sec_ncen_c3,SEC N-CEN C.3 identifies the series as an index fund,https://www.sec.gov/Archives/edgar/data/1552740/000094040026023374/0000940400-26-023374-index.html,2026q2_ncen.zip,0000940400-26-023374,S000053942,First Trust Nasdaq Bank ETF,Y,Y,series_id,1.0,,False
FTXR,First Trust Nasdaq Transportation ETF,index_passive_identified,management_style_evidence_1.1,S000053948,index_passive_identified,high,sec_ncen_c3,SEC N-CEN C.3 identifies the series as an index fund,https://www.sec.gov/Archives/edgar/data/1552740/000094040026023374/0000940400-26-023374-index.html,2026q2_ncen.zip,0000940400-26-023374,S000053948,First Trust Nasdaq Transportation ETF,Y,Y,series_id,1.0,,False
FUMB,First Trust Ultra Short Duration Municipal ETF,not_determined,management_style_evidence_1.1,S000063443,non_index_management_identified,high,sec_ncen_c3,SEC N-CEN C.3 does not identify the series as an index fund; the filing alone does not distinguish discretionary from rules-based management,https://www.sec.gov/Archives/edgar/data/1424212/000094040025003112/0000940400-25-003112-index.html,2025q4_ncen.zip,0000940400-25-003112,S000063443,First Trust Ultra Short Duration Municipal ETF,Y,,series_id,1.0,,True
FUTY,Fidelity MSCI Utilities Index ETF,index_passive_identified,management_style_evidence_1.1,S000042571,index_passive_identified,high,sec_ncen_c3,SEC N-CEN C.3 identifies the series as an index fund,https://www.sec.gov/Archives/edgar/data/945908/000141036825014301/0001410368-25-014301-index.html,2025q4_ncen.zip,0001410368-25-014301,S000042571,Fidelity MSCI Utilities Index ETF,Y,Y,series_id,1.0,,False
FV,First Trust Dorsey Wright Focus 5 ETF,not_determined,management_style_evidence_1.1,S000044369,index_passive_identified,high,sec_ncen_c3,SEC N-CEN C.3 identifies the series as an index fund,https://www.sec.gov/Archives/edgar/data/1552740/000175272424283605/0001752724-24-283605-index.html,2024q4_ncen.zip,0001752724-24-283605,S000044369,First Trust Dorsey Wright Focus 5 ETF,Y,Y,series_id,1.0,,True
FVAL,Fidelity Value Factor ETF,systematic_or_rules_based,management_style_evidence_1.1,S000054754,index_passive_identified,high,sec_ncen_c3,SEC N-CEN C.3 identifies the series as an index fund,https://www.sec.gov/Archives/edgar/data/945908/000141036825014301/0001410368-25-014301-index.html,2025q4_ncen.zip,0001410368-25-014301,S000054754,Fidelity Value Factor ETF,Y,Y,series_id,1.0,,True
FVC,First Trust Dorsey Wright Dynamic Focus 5 ETF,not_determined,management_style_evidence_1.1,S000051669,index_passive_identified,high,sec_ncen_c3,SEC N-CEN C.3 identifies the series as an index fund,https://www.sec.gov/Archives/edgar/data/1552740/000175272424283605/0001752724-24-283605-index.html,2024q4_ncen.zip,0001752724-24-283605,S000051669,First Trust Dorsey Wright Dynamic Focus 5 ETF,Y,Y,series_id,1.0,,True
FVD,First Trust VL Dividend,systematic_or_rules_based,management_style_evidence_1.1,S000013817,index_passive_identified,high,sec_ncen_c3,SEC N-CEN C.3 identifies the series as an index fund,https://www.sec.gov/Archives/edgar/data/1329377/000094040026009992/0000940400-26-009992-index.html,2026q1_ncen.zip,0000940400-26-009992,S000013817,First Trust Value Line Dividend Index Fund,Y,Y,series_id,0.7843137254901961,,True
FXA,Invesco CurrencyShares Australian Dollar Trust,not_determined,management_style_evidence_1.1,,static_exposure_or_trust,high,primary_source_override,Issuer CurrencyShares documentation describes a grantor trust holding the referenced currency,https://www.invesco.com/us/en/financial-products/etfs/invesco-currencyshares-australian-dollar-trust.html,,,,,,,manual_ticker_override,,,True
FXB,Invesco CurrencyShares British Pound Sterling Trust,not_determined,management_style_evidence_1.1,,static_exposure_or_trust,high,primary_source_override,Issuer CurrencyShares documentation describes a grantor trust holding the referenced currency,https://www.invesco.com/us/en/financial-products/etfs/invesco-currencyshares-british-pound-sterling-trust.html,,,,,,,manual_ticker_override,,,True
FXC,Invesco CurrencyShares Canadian Dollar Trust,not_determined,management_style_evidence_1.1,,static_exposure_or_trust,high,primary_source_override,Issuer CurrencyShares documentation describes a grantor trust holding the referenced currency,https://www.invesco.com/us/en/financial-products/etfs/invesco-currencyshares-canadian-dollar-trust.html,,,,,,,manual_ticker_override,,,True
FXD,First Trust Cons. Discret. AlphaDEX,index_passive_identified,management_style_evidence_1.1,S000017696,index_passive_identified,high,sec_ncen_c3,SEC N-CEN C.3 identifies the series as an index fund,https://www.sec.gov/Archives/edgar/data/1383496/000094040025003091/0000940400-25-003091-index.html,2025q4_ncen.zip,0000940400-25-003091,S000017696,First Trust Consumer Discretionary AlphaDEX Fund,Y,Y,series_id,0.8055555555555556,,False
FXE,Invesco CurrencyShares Euro Currency Trust,not_determined,management_style_evidence_1.1,,static_exposure_or_trust,high,primary_source_override,Issuer CurrencyShares documentation describes a grantor trust holding the referenced currency,https://www.invesco.com/us/en/financial-products/etfs/invesco-currencyshares-euro-trust.html,,,,,,,manual_ticker_override,,,True
FXED,Sound Enhanced Fixed Income ETF,not_determined,management_style_evidence_1.1,,non_index_management_identified,high,sec_ncen_c3,SEC N-CEN C.3 does not identify the series as an index fund; the filing alone does not distinguish discretionary from rules-based management,https://www.sec.gov/Archives/edgar/data/1742912/000200032426000420/0002000324-26-000420-index.html,2026q1_ncen.zip,0002000324-26-000420,S000070510,Sound Enhanced Fixed Income ETF,Y,,ticker,1.0,,True
FXF,Invesco CurrencyShares Swiss Franc Trust,not_determined,management_style_evidence_1.1,,static_exposure_or_trust,high,primary_source_override,Issuer CurrencyShares documentation describes a grantor trust holding the referenced currency,https://www.invesco.com/us/en/financial-products/etfs/invesco-currencyshares-swiss-franc-trust.html,,,,,,,manual_ticker_override,,,True
FXG,First Trust Cons. Staples AlphaDEX,index_passive_identified,management_style_evidence_1.1,S000017697,index_passive_identified,high,sec_ncen_c3,SEC N-CEN C.3 identifies the series as an index fund,https://www.sec.gov/Archives/edgar/data/1383496/000094040025003091/0000940400-25-003091-index.html,2025q4_ncen.zip,0000940400-25-003091,S000017697,First Trust Consumer Staples AlphaDEX Fund,Y,Y,series_id,0.8787878787878788,,False
FXH,First Trust Health Care AlphaDEX,index_passive_identified,management_style_evidence_1.1,S000017700,index_passive_identified,high,sec_ncen_c3,SEC N-CEN C.3 identifies the series as an index fund,https://www.sec.gov/Archives/edgar/data/1383496/000094040025003091/0000940400-25-003091-index.html,2025q4_ncen.zip,0000940400-25-003091,S000017700,First Trust Health Care AlphaDEX Fund,Y,Y,series_id,0.875,,False
FXI,iShares China Large-Cap ETF,not_determined,management_style_evidence_1.1,S000004364,index_passive_identified,high,sec_ncen_c3,SEC N-CEN C.3 identifies the series as an index fund,https://www.sec.gov/Archives/edgar/data/1100663/000141036825014340/0001410368-25-014340-index.html,2025q4_ncen.zip,0001410368-25-014340,S000004364,iShares China Large-Cap ETF,Y,Y,series_id,1.0,,True
FXL,First Trust Technology AlphaDEX,index_passive_identified,management_style_evidence_1.1,S000017703,index_passive_identified,high,sec_ncen_c3,SEC N-CEN C.3 identifies the series as an index fund,https://www.sec.gov/Archives/edgar/data/1383496/000094040025003091/0000940400-25-003091-index.html,2025q4_ncen.zip,0000940400-25-003091,S000017703,First Trust Technology AlphaDEX Fund,Y,Y,series_id,0.875,,False
FXN,First Trust Energy AlphaDEX Fund,index_passive_identified,management_style_evidence_1.1,S000017698,index_passive_identified,high,sec_ncen_c3,SEC N-CEN C.3 identifies the series as an index fund,https://www.sec.gov/Archives/edgar/data/1383496/000094040025003091/0000940400-25-003091-index.html,2025q4_ncen.zip,0000940400-25-003091,S000017698,First Trust Energy AlphaDEX Fund,Y,Y,series_id,1.0,,False
FXO,First Trust Financials AlphaDEX,index_passive_identified,management_style_evidence_1.1,S000017699,index_passive_identified,high,sec_ncen_c3,SEC N-CEN C.3 identifies the series as an index fund,https://www.sec.gov/Archives/edgar/data/1383496/000094040025003091/0000940400-25-003091-index.html,2025q4_ncen.zip,0000940400-25-003091,S000017699,First Trust Financials AlphaDEX Fund,Y,Y,series_id,0.875,,False
FXR,First Trust Industrials AlphaDEX,index_passive_identified,management_style_evidence_1.1,S000017701,index_passive_identified,high,sec_ncen_c3,SEC N-CEN C.3 identifies the series as an index fund,https://www.sec.gov/Archives/edgar/data/1383496/000094040025003091/0000940400-25-003091-index.html,2025q4_ncen.zip,0000940400-25-003091,S000017701,First Trust Industrials/Producer Durables AlphaDEX Fund,Y,Y,series_id,0.7435897435897436,,False
FXU,First Trust Utilities AlphaDEX Fund,index_passive_identified,management_style_evidence_1.1,S000017704,index_passive_identified,high,sec_ncen_c3,SEC N-CEN C.3 identifies the series as an index fund,https://www.sec.gov/Archives/edgar/data/1383496/000094040025003091/0000940400-25-003091-index.html,2025q4_ncen.zip,0000940400-25-003091,S000017704,First Trust Utilities AlphaDEX Fund,Y,Y,series_id,1.0,,False
FXY,Invesco CurrencyShares Japanese Yen Trust,not_determined,management_style_evidence_1.1,,static_exposure_or_trust,high,primary_source_override,Issuer CurrencyShares documentation describes a grantor trust holding the referenced currency,https://www.invesco.com/us/en/financial-products/etfs/invesco-currencyshares-japanese-yen-trust.html,,,,,,,manual_ticker_override,,,True
FXZ,First Trust Materials AlphaDEX Fund,index_passive_identified,management_style_evidence_1.1,S000017702,index_passive_identified,high,sec_ncen_c3,SEC N-CEN C.3 identifies the series as an index fund,https://www.sec.gov/Archives/edgar/data/1383496/000094040025003091/0000940400-25-003091-index.html,2025q4_ncen.zip,0000940400-25-003091,S000017702,First Trust Materials AlphaDEX Fund,Y,Y,series_id,1.0,,False
FYC,First Trust Small Cap Growth AlphaDEX Fund,systematic_or_rules_based,management_style_evidence_1.1,S000031806,index_passive_identified,high,sec_ncen_c3,SEC N-CEN C.3 identifies the series as an index fund,https://www.sec.gov/Archives/edgar/data/1383496/000094040025003091/0000940400-25-003091-index.html,2025q4_ncen.zip,0000940400-25-003091,S000031806,First Trust Small Cap Growth AlphaDEX Fund,Y,Y,series_id,1.0,,True
FYLD,Cambria Foreign Shareholder Yield ETF,not_determined,management_style_evidence_1.1,S000037635,non_index_management_identified,high,sec_ncen_c3,SEC N-CEN C.3 does not identify the series as an index fund; the filing alone does not distinguish discretionary from rules-based management,https://www.sec.gov/Archives/edgar/data/1529390/000089418926003379/0000894189-26-003379-index.html,2026q1_ncen.zip,0000894189-26-003379,S000037635,Cambria Foreign Shareholder Yield ETF,Y,,series_id,1.0,,True
FYT,First Trust Small Cap Value AlphaDEX Fund,systematic_or_rules_based,management_style_evidence_1.1,S000031807,index_passive_identified,high,sec_ncen_c3,SEC N-CEN C.3 identifies the series as an index fund,https://www.sec.gov/Archives/edgar/data/1383496/000094040025003091/0000940400-25-003091-index.html,2025q4_ncen.zip,0000940400-25-003091,S000031807,First Trust Small Cap Value AlphaDEX Fund,Y,Y,series_id,1.0,,True
FYX,First Trust Small Cap Core AlphaDEX Fund,index_passive_identified,management_style_evidence_1.1,S000017339,index_passive_identified,high,sec_ncen_c3,SEC N-CEN C.3 identifies the series as an index fund,https://www.sec.gov/Archives/edgar/data/1383496/000094040025003091/0000940400-25-003091-index.html,2025q4_ncen.zip,0000940400-25-003091,S000017339,First Trust Small Cap Core AlphaDEX Fund,Y,Y,series_id,1.0,,False
GAA,Cambria Global Asset Allocation ETF,not_determined,management_style_evidence_1.1,S000047294,non_index_management_identified,high,sec_ncen_c3,SEC N-CEN C.3 does not identify the series as an index fund; the filing alone does not distinguish discretionary from rules-based management,https://www.sec.gov/Archives/edgar/data/1529390/000089418926003379/0000894189-26-003379-index.html,2026q1_ncen.zip,0000894189-26-003379,S000047294,Cambria Global Asset Allocation ETF,Y,,series_id,1.0,,True
GAL,State Street Global Allocation ETF,not_determined,management_style_evidence_1.1,S000033062,non_index_management_identified,high,sec_ncen_c3,SEC N-CEN C.3 does not identify the series as an index fund; the filing alone does not distinguish discretionary from rules-based management,https://www.sec.gov/Archives/edgar/data/1516212/000175272425214851/0001752724-25-214851-index.html,2025q3_ncen.zip,0001752724-25-214851,S000033062,SPDR SSGA Global Allocation ETF,Y,,series_id,0.7368421052631579,,True
GAMR,Amplify Video Game Leaders ETF,not_determined,management_style_evidence_1.1,S000053022,index_passive_identified,high,sec_ncen_c3,SEC N-CEN C.3 identifies the series as an index fund,https://www.sec.gov/Archives/edgar/data/1633061/000114554924078539/0001145549-24-078539-index.html,2024q4_ncen.zip,0001145549-24-078539,S000082269,Amplify Video Game Tech ETF,Y,Y,ticker,0.8163265306122449,,True
GARP,iShares MSCI USA Quality GARP ETF,systematic_or_rules_based,management_style_evidence_1.1,,index_passive_identified,high,sec_ncen_c3,SEC N-CEN C.3 identifies the series as an index fund,https://www.sec.gov/Archives/edgar/data/1100663/000100472626004646/0001004726-26-004646-index.html,2026q2_ncen.zip,0001004726-26-004646,S000066849,iShares MSCI USA Quality GARP ETF,Y,Y,ticker,1.0,,True
GBF,iShares Government/Credit Bond ETF,not_determined,management_style_evidence_1.1,S000013701,index_passive_identified,high,sec_ncen_c3,SEC N-CEN C.3 identifies the series as an index fund,https://www.sec.gov/Archives/edgar/data/1100663/000141036826044733/0001410368-26-044733-index.html,2026q2_ncen.zip,0001410368-26-044733,S000013701,iShares Government/Credit Bond ETF,Y,Y,series_id,1.0,,True
GBIL,Goldman Sachs Access Treasury 0-1 Year ETF,not_determined,management_style_evidence_1.1,S000054796,index_passive_identified,high,sec_ncen_c3,SEC N-CEN C.3 identifies the series as an index fund,https://www.sec.gov/Archives/edgar/data/1479026/000094040025005876/0000940400-25-005876-index.html,2025q4_ncen.zip,0000940400-25-005876,S000054796,Goldman Sachs Access Treasury 0-1 Year ETF,Y,Y,series_id,1.0,,True
GBTC,Grayscale Bitcoin Trust (BTC),not_determined,management_style_evidence_1.1,,static_exposure_or_trust,high,primary_source_override,Issuer describes a single-asset spot bitcoin trust rather than a managed securities portfolio,https://etfs.grayscale.com/gbtc,,,,,,,manual_ticker_override,,,True
GCC,WisdomTree EnhancedContinuous Commodity Index Fund,index_passive_identified,management_style_evidence_1.1,S000069359,active_identified,high,primary_source_override,Issuer explicitly describes GCC as an actively managed commodity futures ETF,https://www.wisdomtree.com/us/products/alternative/gcc,,,,,,,manual_ticker_override,,The word Index in the legacy product name did not describe the current management status.,True
GCOR,Goldman Sachs Access U.S. Aggregate Bond ETF,not_determined,management_style_evidence_1.1,S000066919,index_passive_identified,high,sec_ncen_c3,SEC N-CEN C.3 identifies the series as an index fund,https://www.sec.gov/Archives/edgar/data/1479026/000094040025005876/0000940400-25-005876-index.html,2025q4_ncen.zip,0000940400-25-005876,S000066919,Goldman Sachs Access U.S. Aggregate Bond ETF,Y,Y,series_id,1.0,,True
GCOW,Pacer Global Cash Cows Dividend ETF,systematic_or_rules_based,management_style_evidence_1.1,,index_passive_identified,high,sec_ncen_c3,SEC N-CEN C.3 identifies the series as an index fund,https://www.sec.gov/Archives/edgar/data/1616668/000114554925046416/0001145549-25-046416-index.html,2025q3_ncen.zip,0001145549-25-046416,S000052000,Pacer Global Cash Cows Dividend ETF,Y,Y,ticker,1.0,,True
GDLC,Grayscale CoinDesk Crypto 5 ETF,not_determined,management_style_evidence_1.1,,index_passive_identified,high,primary_source_override,SEC filing states that holdings and rebalancing follow the CoinDesk 5 Index methodology,https://www.sec.gov/Archives/edgar/data/1729997/000119312526381861/gdlc-20260630.htm,,,,,,,manual_ticker_override,,,True
GDMA,Gadsden Dynamic Multi-Asset ETF,not_determined,management_style_evidence_1.1,S000062882|S000069668,non_index_management_identified,high,sec_ncen_c3,SEC N-CEN C.3 does not identify the series as an index fund; the filing alone does not distinguish discretionary from rules-based management,https://www.sec.gov/Archives/edgar/data/1592900/000114554924078631/0001145549-24-078631-index.html,2024q4_ncen.zip,0001145549-24-078631,S000069668,Gadsden Dynamic Multi-Asset ETF,Y,,series_id,1.0,,True
GDMN,WisdomTree Efficient Gold Plus Gold Miners Strategy Fund,not_determined,management_style_evidence_1.1,S000073568,non_index_management_identified,high,sec_ncen_c3,SEC N-CEN C.3 does not identify the series as an index fund; the filing alone does not distinguish discretionary from rules-based management,https://www.sec.gov/Archives/edgar/data/1350487/000094040025005898/0000940400-25-005898-index.html,2025q4_ncen.zip,0000940400-25-005898,S000073568,WisdomTree Efficient Gold Plus Gold Miners Strategy Fund,Y,,series_id,1.0,,True
GDOC,Goldman Sachs Future Health Care Equity ETF,not_determined,management_style_evidence_1.1,S000072296,non_index_management_identified,high,sec_ncen_c3,SEC N-CEN C.3 does not identify the series as an index fund; the filing alone does not distinguish discretionary from rules-based management,https://www.sec.gov/Archives/edgar/data/1479026/000094040025005876/0000940400-25-005876-index.html,2025q4_ncen.zip,0000940400-25-005876,S000072296,Goldman Sachs Future Health Care Equity ETF,Y,,series_id,1.0,,True
GDX,VanEck Gold Miners ETF,not_determined,management_style_evidence_1.1,S000009191,index_passive_identified,high,sec_ncen_c3,SEC N-CEN C.3 identifies the series as an index fund,https://www.sec.gov/Archives/edgar/data/1137360/000141036826024760/0001410368-26-024760-index.html,2026q1_ncen.zip,0001410368-26-024760,S000009191,VanEck Gold Miners ETF,Y,Y,series_id,1.0,,True
GDXJ,VanEck Junior Gold Miners ETF,not_determined,management_style_evidence_1.1,S000026955,index_passive_identified,high,sec_ncen_c3,SEC N-CEN C.3 identifies the series as an index fund,https://www.sec.gov/Archives/edgar/data/1137360/000141036826024760/0001410368-26-024760-index.html,2026q1_ncen.zip,0001410368-26-024760,S000026955,VanEck Junior Gold Miners ETF,Y,Y,series_id,1.0,,True
GEM,Goldman Sachs ActiveBeta Emerging Markets Equity ETF,systematic_or_rules_based,management_style_evidence_1.1,S000048292,index_passive_identified,high,sec_ncen_c3,SEC N-CEN C.3 identifies the series as an index fund,https://www.sec.gov/Archives/edgar/data/1479026/000094040025005876/0000940400-25-005876-index.html,2025q4_ncen.zip,0000940400-25-005876,S000048292,Goldman Sachs ActiveBeta(R) Emerging Markets Equity ETF,Y,Y,series_id,0.989247311827957,,True
GEMD,Goldman Sachs Access Emerging Markets USD Bond ETF,not_determined,management_style_evidence_1.1,S000062192,index_passive_identified,high,sec_ncen_c3,SEC N-CEN C.3 identifies the series as an index fund,https://www.sec.gov/Archives/edgar/data/1479026/000094040025005876/0000940400-25-005876-index.html,2025q4_ncen.zip,0000940400-25-005876,S000062192,Goldman Sachs Access Emerging Markets USD Bond ETF,Y,Y,series_id,1.0,,True
GENZ,VanEck Digital Native Economy ETF,not_determined,management_style_evidence_1.1,,index_passive_identified,high,primary_source_override,Issuer states that the fund seeks to replicate its digital-native economy index,https://www.vaneck.com/us/en/investments/exchange-traded-funds/equity/genz-vaneck-digital-native-economy-etf/,,,,,,,manual_ticker_override,,,True
GEX,Cambria Global EW 3 ETF,not_determined,management_style_evidence_1.1,S000104492,index_passive_identified,medium,primary_source_override,The downloaded history belongs to the former VanEck index ETF; the catalogue name now refers to a not-yet-launched Cambria product reusing GEX,https://www.cambriafunds.com/GEX,,,,,,,manual_ticker_override,,Ticker-reuse identity conflict: retain index classification only for the historical economic series and exclude the new Cambria identity until it trades.,True
GFGF,Guru Favorite Stocks ETF,not_determined,management_style_evidence_1.1,S000073969,non_index_management_identified,high,sec_ncen_c3,SEC N-CEN C.3 does not identify the series as an index fund; the filing alone does not distinguish discretionary from rules-based management,https://www.sec.gov/Archives/edgar/data/1592900/000089418926003572/0000894189-26-003572-index.html,2026q1_ncen.zip,0000894189-26-003572,S000073969,Guru Favorite Stocks ETF,Y,,series_id,1.0,,True
GGME,Invesco Next Gen Media and Gaming ETF,not_determined,management_style_evidence_1.1,,index_passive_identified,high,sec_ncen_c3,SEC N-CEN C.3 identifies the series as an index fund,https://www.sec.gov/Archives/edgar/data/1209466/000175272425166789/0001752724-25-166789-index.html,2025q3_ncen.zip,0001752724-25-166789,S000003029,Invesco Next Gen Media and Gaming ETF,Y,Y,ticker,1.0,,True
GGRW,Gabelli Growth Innovators ETF,systematic_or_rules_based,management_style_evidence_1.1,S000069038,active_identified,high,primary_source_override,Issuer includes GGRW in its fully transparent actively managed ETF lineup,https://gabelli.com/gabellitv/gabelli-semi-transparent-etfs-convert-to-fully-transparent/,,,,,,,manual_ticker_override,,,True
GGTL,Gabelli Global Technology Leaders ETF,not_determined,management_style_evidence_1.1,,non_index_management_identified,high,sec_ncen_c3,SEC N-CEN C.3 does not identify the series as an index fund; the filing alone does not distinguish discretionary from rules-based management,https://www.sec.gov/Archives/edgar/data/1748425/000094040026025158/0000940400-26-025158-index.html,2026q2_ncen.zip,0000940400-26-025158,S000076599,Gabelli Global Technology Leaders ETF,Y,,ticker,1.0,,True
GHTA,Goose Hollow Tactical Allocation ETF,active_identified,management_style_evidence_1.1,S000073730,active_identified,high,primary_source_override,Issuer states that GHTA is an actively managed ETF and does not track an index,https://www.gham.co/,,,,,,,manual_ticker_override,,,False
GHYB,Goldman Sachs Access High Yield Corporate Bond ETF,not_determined,management_style_evidence_1.1,S000057842,index_passive_identified,high,sec_ncen_c3,SEC N-CEN C.3 identifies the series as an index fund,https://www.sec.gov/Archives/edgar/data/1479026/000094040025005876/0000940400-25-005876-index.html,2025q4_ncen.zip,0000940400-25-005876,S000057842,Goldman Sachs Access High Yield Corporate Bond ETF,Y,Y,series_id,1.0,,True
GHYG,iShares US & Intl High Yield Corp Bond ETF,not_determined,management_style_evidence_1.1,S000036906,index_passive_identified,high,sec_ncen_c3,SEC N-CEN C.3 identifies the series as an index fund,https://www.sec.gov/Archives/edgar/data/930667/000141036826001032/0001410368-26-001032-index.html,2026q1_ncen.zip,0001410368-26-001032,S000036906,iShares US & Intl High Yield Corp Bond ETF,Y,Y,series_id,1.0,,True
GIGB,Goldman Sachs Access Investment Grade Corporate Bond ETF,not_determined,management_style_evidence_1.1,S000057838,index_passive_identified,high,sec_ncen_c3,SEC N-CEN C.3 identifies the series as an index fund,https://www.sec.gov/Archives/edgar/data/1479026/000094040025005876/0000940400-25-005876-index.html,2025q4_ncen.zip,0000940400-25-005876,S000057838,Goldman Sachs Access Investment Grade Corporate Bond ETF,Y,Y,series_id,1.0,,True
GII,State Street SPDR S&P Global Infrastructure ETF,index_passive_identified,management_style_evidence_1.1,S000014041,index_passive_identified,high,sec_ncen_c3,SEC N-CEN C.3 identifies the series as an index fund,https://www.sec.gov/Archives/edgar/data/1168164/000141036825034454/0001410368-25-034454-index.html,2025q4_ncen.zip,0001410368-25-034454,S000014041,SPDR(R) S&P GLOBAL INFRASTRUCTURE ETF,Y,Y,series_id,0.8285714285714286,,False
GINN,Goldman Sachs Innovate Equity ETF,not_determined,management_style_evidence_1.1,S000068597,index_passive_identified,high,sec_ncen_c3,SEC N-CEN C.3 identifies the series as an index fund,https://www.sec.gov/Archives/edgar/data/1479026/000094040025005876/0000940400-25-005876-index.html,2025q4_ncen.zip,0000940400-25-005876,S000068597,Goldman Sachs Innovate Equity ETF,Y,Y,series_id,1.0,,True
GK,AdvisorShares Gerber Kawasaki ETF,active_identified,management_style_evidence_1.1,S000072084,active_identified,high,primary_source_override,Issuer includes GK in its official actively managed ETF lineup,https://insights.advisorshares.com/etf-fact-sheets,,,,,,,manual_ticker_override,,,False
GLD,SPDR Gold Shares,not_determined,management_style_evidence_1.1,,static_exposure_or_trust,high,primary_source_override,Issuer describes a physically backed gold trust,https://www.ssga.com/us/en/individual/etfs/spdr-gold-shares-gld,,,,,,,manual_ticker_override,,,True
GLDI,"ETRACS Gold Shares Covered Call ETNs due February 2, 2033",not_determined,management_style_evidence_1.1,,not_applicable_security,high,primary_source_override,Issuer identifies an exchange-traded note linked to a covered-call index,https://etracs.ubs.com/product/detail/index/ussymbol/GLDI,,,,,,,manual_ticker_override,,Debt instrument: management-style taxonomy is not applicable.,True
GLDM,SPDR Gold MiniShares Trust,not_determined,management_style_evidence_1.1,,static_exposure_or_trust,high,primary_source_override,Issuer describes a physically backed gold trust,https://www.ssga.com/us/en/intermediary/etfs/spdr-gold-minishares-gldm,,,,,,,manual_ticker_override,,,True
GLIN,VanEck India Growth Leaders ETF,systematic_or_rules_based,management_style_evidence_1.1,,index_passive_identified,high,sec_ncen_c3,SEC N-CEN C.3 identifies the series as an index fund,https://www.sec.gov/Archives/edgar/data/1137360/000141036826024760/0001410368-26-024760-index.html,2026q1_ncen.zip,0001410368-26-024760,S000027314,VanEck India Growth Leaders ETF,Y,Y,ticker,1.0,,True
GLOF,iShares Global Equity Factor ETF,systematic_or_rules_based,management_style_evidence_1.1,,index_passive_identified,high,sec_ncen_c3,SEC N-CEN C.3 identifies the series as an index fund,https://www.sec.gov/Archives/edgar/data/1100663/000141036825014340/0001410368-25-014340-index.html,2025q4_ncen.zip,0001410368-25-014340,S000048622,iShares Global Equity Factor ETF,Y,Y,ticker,1.0,,True
GLRY,Inspire Growth ETF,systematic_or_rules_based,management_style_evidence_1.1,S000070125,active_identified,high,primary_source_override,Issuer states that GLRY is actively managed and does not replicate an index,https://www.inspireetf.com/etf/glry,,,,,,,manual_ticker_override,,,True
GLTR,abrdn Physical Precious Metals Basket Shares ETF,not_determined,management_style_evidence_1.1,,static_exposure_or_trust,high,primary_source_override,Issuer documentation identifies a physically backed precious-metals basket trust,https://www.abrdn.com/en-us/etf/physical-etf-shares/gltr,,,,,,,manual_ticker_override,,,True
GMF,State Street SPDR S&P Emerging Asia Pacific ETF,index_passive_identified,management_style_evidence_1.1,S000014046,index_passive_identified,high,sec_ncen_c3,SEC N-CEN C.3 identifies the series as an index fund,https://www.sec.gov/Archives/edgar/data/1168164/000141036825034454/0001410368-25-034454-index.html,2025q4_ncen.zip,0001410368-25-034454,S000014046,SPDR(R) S&P(R) EMERGING ASIA PACIFIC ETF,Y,Y,series_id,0.8115942028985508,,False
GMOM,Cambria Global Momentum ETF,systematic_or_rules_based,management_style_evidence_1.1,S000043316,active_identified,high,primary_source_override,Issuer prospectus identifies Cambria as investment manager of the non-index GMOM strategy,https://cambriafunds.com/assets/docs/Cambria_Prospectus.pdf,,,,,,,manual_ticker_override,,,True
GNMA,iShares GNMA Bond ETF,not_determined,management_style_evidence_1.1,S000035915,index_passive_identified,high,sec_ncen_c3,SEC N-CEN C.3 identifies the series as an index fund,https://www.sec.gov/Archives/edgar/data/1100663/000141036826001031/0001410368-26-001031-index.html,2026q1_ncen.zip,0001410368-26-001031,S000035915,iShares GNMA Bond ETF,Y,Y,series_id,1.0,,True
GNOM,Global X Genomics & Biotechnology ETF,not_determined,management_style_evidence_1.1,S000062676,index_passive_identified,high,sec_ncen_c3,SEC N-CEN C.3 identifies the series as an index fund,https://www.sec.gov/Archives/edgar/data/1432353/000204825126001908/0002048251-26-001908-index.html,2026q1_ncen.zip,0002048251-26-001908,S000062676,Global X Genomics & Biotechnology ETF,Y,Y,series_id,1.0,,True
GNR,State Street SPDR S&P Global Natural Resources ETF,index_passive_identified,management_style_evidence_1.1,S000030037,index_passive_identified,high,sec_ncen_c3,SEC N-CEN C.3 identifies the series as an index fund,https://www.sec.gov/Archives/edgar/data/1168164/000141036825034454/0001410368-25-034454-index.html,2025q4_ncen.zip,0001410368-25-034454,S000030037,SPDR(R) S&P(R) Global Natural Resources ETF,Y,Y,series_id,0.8266666666666667,,False
GOAT,VanEck Vectors Morningstar Global Wide Moat ETF,systematic_or_rules_based,management_style_evidence_1.1,S000063090,index_passive_identified,high,sec_ncen_c3,SEC N-CEN C.3 identifies the series as an index fund,https://www.sec.gov/Archives/edgar/data/1137360/000141036825033784/0001410368-25-033784-index.html,2025q4_ncen.zip,0001410368-25-033784,S000063090,VanEck Morningstar Global Wide Moat ETF,Y,Y,series_id,0.9066666666666666,,True
GOAU,US Global GO Gold and Precious Metal Miners ETF,not_determined,management_style_evidence_1.1,S000054641,non_index_management_identified,high,sec_ncen_c3,SEC N-CEN C.3 does not identify the series as an index fund; the filing alone does not distinguish discretionary from rules-based management,https://www.sec.gov/Archives/edgar/data/1540305/000089418926007960/0000894189-26-007960-index.html,2026q1_ncen.zip,0000894189-26-007960,S000054641,U.S. Global GO GOLD and Precious Metal Miners ETF,Y,,series_id,1.0,,True
GOEX,Global X Gold Explorers ETF,not_determined,management_style_evidence_1.1,,index_passive_identified,high,sec_ncen_c3,SEC N-CEN C.3 identifies the series as an index fund,https://www.sec.gov/Archives/edgar/data/1432353/000204825126001907/0002048251-26-001907-index.html,2026q1_ncen.zip,0002048251-26-001907,S000030226,Global X Gold Explorers ETF,Y,Y,ticker,1.0,,True
GOLY,Strategy Shares Gold Enhanced Yield ETF,not_determined,management_style_evidence_1.1,,index_passive_identified,high,sec_ncen_c3,SEC N-CEN C.3 identifies the series as an index fund,https://www.sec.gov/Archives/edgar/data/1506213/000175272425165716/0001752724-25-165716-index.html,2025q3_ncen.zip,0001752724-25-165716,S000070448,Strategy Shares Gold Enhanced Yield ETF,Y,Y,ticker,1.0,,True
GOVI,Invesco Equal Weight 0-30 Year Treasury ETF,systematic_or_rules_based,management_style_evidence_1.1,,index_passive_identified,high,sec_ncen_c3,SEC N-CEN C.3 identifies the series as an index fund,https://www.sec.gov/Archives/edgar/data/1378872/000137887225000490/0001378872-25-000490-index.html,2025q4_ncen.zip,0001378872-25-000490,S000019225,Invesco Equal Weight 0-30 Year Treasury ETF,Y,Y,ticker,1.0,,True
GOVT,iShares U.S. Treasury Bond ETF,not_determined,management_style_evidence_1.1,S000035919,index_passive_identified,high,sec_ncen_c3,SEC N-CEN C.3 identifies the series as an index fund,https://www.sec.gov/Archives/edgar/data/1100663/000141036826001031/0001410368-26-001031-index.html,2026q1_ncen.zip,0001410368-26-001031,S000035919,iShares U.S. Treasury Bond ETF,Y,Y,series_id,1.0,,True
GOVZ,iShares 25  Year Treasury STRIPS Bond ETF,not_determined,management_style_evidence_1.1,S000069558,index_passive_identified,high,sec_ncen_c3,SEC N-CEN C.3 identifies the series as an index fund,https://www.sec.gov/Archives/edgar/data/1100663/000141036826044733/0001410368-26-044733-index.html,2026q2_ncen.zip,0001410368-26-044733,S000069558,iShares 25+ Year Treasury STRIPS Bond ETF,Y,Y,series_id,1.0,,True
GQRE,Northern Trust Global Quality Real Estate ETF,systematic_or_rules_based,management_style_evidence_1.1,S000043008,index_passive_identified,high,sec_ncen_c3,SEC N-CEN C.3 identifies the series as an index fund,https://www.sec.gov/Archives/edgar/data/1491978/000207169126000168/0002071691-26-000168-index.html,2026q1_ncen.zip,0002071691-26-000168,S000043008,FlexShares Global Quality Real Estate Index Fund,Y,Y,series_id,0.7142857142857143,,True
GREK,Global X MSCI Greece ETF,index_passive_identified,management_style_evidence_1.1,S000033909,index_passive_identified,high,sec_ncen_c3,SEC N-CEN C.3 identifies the series as an index fund,https://www.sec.gov/Archives/edgar/data/1432353/000204825126001907/0002048251-26-001907-index.html,2026q1_ncen.zip,0002048251-26-001907,S000033909,Global X MSCI Greece ETF,Y,Y,series_id,1.0,,False
GRID,First Trust NASDAQ Clean Edge Smart Grid Infrastructure Index Fund,index_passive_identified,management_style_evidence_1.1,S000026919,index_passive_identified,high,sec_ncen_c3,SEC N-CEN C.3 identifies the series as an index fund,https://www.sec.gov/Archives/edgar/data/1364608/000175272424283612/0001752724-24-283612-index.html,2024q4_ncen.zip,0001752724-24-283612,S000026919,First Trust NASDAQ Clean Edge Smart Grid Infrastructure Index Fund,Y,Y,series_id,1.0,,False
GRN,iPath Series B Carbon ETN,not_determined,management_style_evidence_1.1,,not_applicable_security,high,primary_source_override,SEC filing identifies an unsecured exchange-traded note linked to a carbon index,https://www.sec.gov/Archives/edgar/data/312070/000119312509044034/dfwp.htm,,,,,,,manual_ticker_override,,Debt instrument: management-style taxonomy is not applicable.,True
GRNB,VanEck Green Bond ETF,not_determined,management_style_evidence_1.1,S000056168,index_passive_identified,high,sec_ncen_c3,SEC N-CEN C.3 identifies the series as an index fund,https://www.sec.gov/Archives/edgar/data/1137360/000175272425165267/0001752724-25-165267-index.html,2025q3_ncen.zip,0001752724-25-165267,S000056168,VanEck Green Bond ETF,Y,Y,series_id,1.0,,True
GRPM,Invesco S&P MidCap 400 GARP ETF,index_passive_identified,management_style_evidence_1.1,,index_passive_identified,high,sec_ncen_c3,SEC N-CEN C.3 identifies the series as an index fund,https://www.sec.gov/Archives/edgar/data/1209466/000175272425166789/0001752724-25-166789-index.html,2025q3_ncen.zip,0001752724-25-166789,S000060794,Invesco S&P MidCap 400 GARP ETF,Y,Y,ticker,1.0,,False
GSCE,GS Connect S&P GSCI Enhanced Commodity Total Return ETN,index_passive_identified,management_style_evidence_1.1,,not_applicable_security,high,primary_source_override,SEC registration identifies index-linked notes issued by Goldman Sachs rather than a managed fund,https://www.sec.gov/Archives/edgar/data/886982/000089109207005432/e29558_8a12b.htm,,,,,,,manual_ticker_override,,Debt instrument: ETF management-style taxonomy is not applicable.,True
GSEE,Goldman Sachs MarketBeta Emerging Markets Equity ETF,not_determined,management_style_evidence_1.1,S000066533,index_passive_identified,high,sec_ncen_c3,SEC N-CEN C.3 identifies the series as an index fund,https://www.sec.gov/Archives/edgar/data/1479026/000094040025005876/0000940400-25-005876-index.html,2025q4_ncen.zip,0000940400-25-005876,S000066533,Goldman Sachs MarketBeta Emerging Markets Equity ETF,Y,Y,series_id,1.0,,True
GSEU,Goldman Sachs ActiveBeta Europe Equity ETF,systematic_or_rules_based,management_style_evidence_1.1,S000048293,index_passive_identified,high,sec_ncen_c3,SEC N-CEN C.3 identifies the series as an index fund,https://www.sec.gov/Archives/edgar/data/1479026/000094040025005876/0000940400-25-005876-index.html,2025q4_ncen.zip,0000940400-25-005876,S000048293,Goldman Sachs ActiveBeta(R) Europe Equity ETF,Y,Y,series_id,0.9866666666666667,,True
GSEW,Goldman Sachs Equal Weight U.S. Large Cap Equity ETF,systematic_or_rules_based,management_style_evidence_1.1,S000058070,index_passive_identified,high,sec_ncen_c3,SEC N-CEN C.3 identifies the series as an index fund,https://www.sec.gov/Archives/edgar/data/1479026/000094040025005876/0000940400-25-005876-index.html,2025q4_ncen.zip,0000940400-25-005876,S000058070,Goldman Sachs Equal Weight U.S. Large Cap Equity ETF,Y,Y,series_id,1.0,,True
GSG,iShares GSCI Commodity-Indexed Trust Fund,not_determined,management_style_evidence_1.1,,index_passive_identified,high,primary_source_override,Issuer identifies a commodity-indexed trust seeking to track the S&P GSCI Total Return Index,https://www.ishares.com/us/products/239757/ishares-sp-gsci-commodityindexed-trust-fund,,,,,,,manual_ticker_override,,,True
GSID,Goldman Sachs MarketBeta International Equity ETF,not_determined,management_style_evidence_1.1,S000066532,index_passive_identified,high,sec_ncen_c3,SEC N-CEN C.3 identifies the series as an index fund,https://www.sec.gov/Archives/edgar/data/1479026/000094040025005876/0000940400-25-005876-index.html,2025q4_ncen.zip,0000940400-25-005876,S000066532,Goldman Sachs MarketBeta International Equity ETF,Y,Y,series_id,1.0,,True
GSIE,Goldman Sachs ActiveBeta International Equity ETF,systematic_or_rules_based,management_style_evidence_1.1,S000048289,index_passive_identified,high,sec_ncen_c3,SEC N-CEN C.3 identifies the series as an index fund,https://www.sec.gov/Archives/edgar/data/1479026/000094040025005876/0000940400-25-005876-index.html,2025q4_ncen.zip,0000940400-25-005876,S000048289,Goldman Sachs ActiveBeta(R) International Equity ETF,Y,Y,series_id,0.9887640449438202,,True
GSJY,Goldman Sachs ActiveBeta Japan Equity ETF,systematic_or_rules_based,management_style_evidence_1.1,S000048294,index_passive_identified,high,sec_ncen_c3,SEC N-CEN C.3 identifies the series as an index fund,https://www.sec.gov/Archives/edgar/data/1479026/000094040025005876/0000940400-25-005876-index.html,2025q4_ncen.zip,0000940400-25-005876,S000048294,Goldman Sachs ActiveBeta(R) Japan Equity ETF,Y,Y,series_id,0.9863013698630136,,True
GSLC,Goldman Sachs ActiveBeta U.S. Large Cap Equity ETF,systematic_or_rules_based,management_style_evidence_1.1,S000048295,index_passive_identified,high,sec_ncen_c3,SEC N-CEN C.3 identifies the series as an index fund,https://www.sec.gov/Archives/edgar/data/1479026/000094040025005876/0000940400-25-005876-index.html,2025q4_ncen.zip,0000940400-25-005876,S000048295,Goldman Sachs ActiveBeta(R) U.S. Large Cap Equity ETF,Y,Y,series_id,0.9879518072289156,,True
GSPY,Gotham Enhanced 500 ETF,not_determined,management_style_evidence_1.1,S000069980,non_index_management_identified,high,sec_ncen_c3,SEC N-CEN C.3 does not identify the series as an index fund; the filing alone does not distinguish discretionary from rules-based management,https://www.sec.gov/Archives/edgar/data/1742912/000199937126008098/0001999371-26-008098-index.html,2026q2_ncen.zip,0001999371-26-008098,S000069980,Gotham Enhanced 500 ETF,Y,,series_id,1.0,,True
GSSC,GS ActiveBeta U.S. Small Cap Equity ETF,systematic_or_rules_based,management_style_evidence_1.1,S000048296,index_passive_identified,high,sec_ncen_c3,SEC N-CEN C.3 identifies the series as an index fund,https://www.sec.gov/Archives/edgar/data/1479026/000094040025005876/0000940400-25-005876-index.html,2025q4_ncen.zip,0000940400-25-005876,S000048296,Goldman Sachs ActiveBeta(R) U.S. Small Cap Equity ETF,Y,Y,series_id,0.8493150684931506,,True
GSST,Goldman Sachs Ultra Short Bond ETF,not_determined,management_style_evidence_1.1,S000064104,non_index_management_identified,high,sec_ncen_c3,SEC N-CEN C.3 does not identify the series as an index fund; the filing alone does not distinguish discretionary from rules-based management,https://www.sec.gov/Archives/edgar/data/1479026/000094040025005876/0000940400-25-005876-index.html,2025q4_ncen.zip,0000940400-25-005876,S000064104,Goldman Sachs Ultra Short Bond ETF,Y,,series_id,1.0,,True
GSUS,Goldman Sachs MarketBeta U.S. Equity ETF,not_determined,management_style_evidence_1.1,S000066535,index_passive_identified,high,sec_ncen_c3,SEC N-CEN C.3 identifies the series as an index fund,https://www.sec.gov/Archives/edgar/data/1479026/000094040025005876/0000940400-25-005876-index.html,2025q4_ncen.zip,0000940400-25-005876,S000066535,Goldman Sachs MarketBeta U.S. Equity ETF,Y,Y,series_id,1.0,,True
GSY,Invesco Ultra Short Duration ETF,not_determined,management_style_evidence_1.1,S000060783,non_index_management_identified,high,sec_ncen_c3,SEC N-CEN C.3 does not identify the series as an index fund; the filing alone does not distinguish discretionary from rules-based management,https://www.sec.gov/Archives/edgar/data/1418144/000141814426000002/0001418144-26-000002-index.html,2026q1_ncen.zip,0001418144-26-000002,S000060783,Invesco Ultra Short Duration ETF,Y,,series_id,1.0,,True
GTEK,Goldman Sachs Future Tech Leaders Equity ETF,not_determined,management_style_evidence_1.1,S000071430,non_index_management_identified,high,sec_ncen_c3,SEC N-CEN C.3 does not identify the series as an index fund; the filing alone does not distinguish discretionary from rules-based management,https://www.sec.gov/Archives/edgar/data/1479026/000094040025005876/0000940400-25-005876-index.html,2025q4_ncen.zip,0000940400-25-005876,S000071430,Goldman Sachs Future Tech Leaders Equity ETF,Y,,series_id,1.0,,True
GTIP,Goldman Sachs Access Inflation Protected USD Bond ETF,not_determined,management_style_evidence_1.1,S000062388,index_passive_identified,high,sec_ncen_c3,SEC N-CEN C.3 identifies the series as an index fund,https://www.sec.gov/Archives/edgar/data/1479026/000094040025005876/0000940400-25-005876-index.html,2025q4_ncen.zip,0000940400-25-005876,S000062388,Goldman Sachs Access Inflation Protected USD Bond ETF,Y,Y,series_id,1.0,,True
GTO,Invesco Total Return Bond ETF,not_determined,management_style_evidence_1.1,S000060784,non_index_management_identified,high,sec_ncen_c3,SEC N-CEN C.3 does not identify the series as an index fund; the filing alone does not distinguish discretionary from rules-based management,https://www.sec.gov/Archives/edgar/data/1418144/000141814426000002/0001418144-26-000002-index.html,2026q1_ncen.zip,0001418144-26-000002,S000060784,Invesco Total Return Bond ETF,Y,,series_id,1.0,,True
GTOQ,Invesco High Yield Systematic Bond ETF,not_determined,management_style_evidence_1.1,S000068054,systematic_or_rules_based,medium,sec_ncen_c3,SEC N-CEN C.3 does not identify the series as an index fund; classification refined by transparent product-name evidence (strategy_name_identifies_rules_or_overlay),https://www.sec.gov/Archives/edgar/data/1418144/000141814426000002/0001418144-26-000002-index.html,2026q1_ncen.zip,0001418144-26-000002,S000068054,Invesco High Yield Bond Factor ETF,Y,,series_id,0.7419354838709677,,True
GTR,WisdomTree Target Range Fund,not_determined,management_style_evidence_1.1,S000069835,non_index_management_identified,high,sec_ncen_c3,SEC N-CEN C.3 does not identify the series as an index fund; the filing alone does not distinguish discretionary from rules-based management,https://www.sec.gov/Archives/edgar/data/1350487/000094040025005898/0000940400-25-005898-index.html,2025q4_ncen.zip,0000940400-25-005898,S000069835,WisdomTree Target Range Fund,Y,,series_id,1.0,,True
GUNR,Northern Trust Morningstar Global Upstream Natural Resources ETF,index_passive_identified,management_style_evidence_1.1,S000033315,index_passive_identified,high,sec_ncen_c3,SEC N-CEN C.3 identifies the series as an index fund,https://www.sec.gov/Archives/edgar/data/1491978/000207169126000168/0002071691-26-000168-index.html,2026q1_ncen.zip,0002071691-26-000168,S000033315,FlexShares Morningstar Global Upstream Natural Resources Index Fund,Y,Y,series_id,0.8113207547169812,,False
GURU,Global X Guru Index ETF,index_passive_identified,management_style_evidence_1.1,,index_passive_identified,high,sec_ncen_c3,SEC N-CEN C.3 identifies the series as an index fund,https://www.sec.gov/Archives/edgar/data/1432353/000204825126001907/0002048251-26-001907-index.html,2026q1_ncen.zip,0002048251-26-001907,S000037879,Global X Guru Index ETF,Y,Y,ticker,1.0,,False
GVAL,Cambria Global Value ETF,systematic_or_rules_based,management_style_evidence_1.1,S000043317,active_identified,high,primary_source_override,Issuer prospectus identifies Cambria as investment manager of the non-index GVAL strategy,https://cambriafunds.com/assets/docs/Cambria_Prospectus.pdf,,,,,,,manual_ticker_override,,,True
GVI,iShares Intermediate Government/Credit Bond ETF,not_determined,management_style_evidence_1.1,S000013700,index_passive_identified,high,sec_ncen_c3,SEC N-CEN C.3 identifies the series as an index fund,https://www.sec.gov/Archives/edgar/data/1100663/000141036826044733/0001410368-26-044733-index.html,2026q2_ncen.zip,0001410368-26-044733,S000013700,iShares Intermediate Government/Credit Bond ETF,Y,Y,series_id,1.0,,True
GVIP,Goldman Sachs Hedge Industry VIP ETF,not_determined,management_style_evidence_1.1,S000053625,index_passive_identified,high,sec_ncen_c3,SEC N-CEN C.3 identifies the series as an index fund,https://www.sec.gov/Archives/edgar/data/1479026/000094040025005876/0000940400-25-005876-index.html,2025q4_ncen.zip,0000940400-25-005876,S000053625,Goldman Sachs Hedge Industry VIP ETF,Y,Y,series_id,1.0,,True
GWX,State Street SPDR S&P International Small Cap ETF,index_passive_identified,management_style_evidence_1.1,S000014039,index_passive_identified,high,sec_ncen_c3,SEC N-CEN C.3 identifies the series as an index fund,https://www.sec.gov/Archives/edgar/data/1168164/000141036825034454/0001410368-25-034454-index.html,2025q4_ncen.zip,0001410368-25-034454,S000014039,SPDR(R) S&P(R) International Small Cap ETF,Y,Y,series_id,0.821917808219178,,False
GXC,State Street SPDR S&P China ETF,index_passive_identified,management_style_evidence_1.1,S000014047,index_passive_identified,high,sec_ncen_c3,SEC N-CEN C.3 identifies the series as an index fund,https://www.sec.gov/Archives/edgar/data/1168164/000141036825034454/0001410368-25-034454-index.html,2025q4_ncen.zip,0001410368-25-034454,S000014047,SPDR(R) S&P(R) CHINA ETF,Y,Y,series_id,0.6829268292682927,,False
GXDW,Global X Dorsey Wright Thematic ETF,not_determined,management_style_evidence_1.1,,index_passive_identified,high,sec_ncen_c3,SEC N-CEN C.3 identifies the series as an index fund,https://www.sec.gov/Archives/edgar/data/1432353/000204825126001908/0002048251-26-001908-index.html,2026q1_ncen.zip,0002048251-26-001908,S000066527,Global X Dorsey Wright Thematic ETF,Y,Y,ticker,1.0,,True
GXG,Global X FTSE Colombia 20 ETF,index_passive_identified,management_style_evidence_1.1,S000024773,index_passive_identified,high,sec_ncen_c3,SEC N-CEN C.3 identifies the series as an index fund,https://www.sec.gov/Archives/edgar/data/1432353/000175272425001280/0001752724-25-001280-index.html,2025q1_ncen.zip,0001752724-25-001280,S000024773,Global X MSCI Colombia ETF,Y,Y,series_id,0.8260869565217391,,False
GXTG,Global X Thematic Growth ETF,systematic_or_rules_based,management_style_evidence_1.1,S000066527,index_passive_identified,high,sec_ncen_c3,SEC N-CEN C.3 identifies the series as an index fund,https://www.sec.gov/Archives/edgar/data/1432353/000175272425022471/0001752724-25-022471-index.html,2025q1_ncen.zip,0001752724-25-022471,S000066527,Global X Thematic Growth ETF,Y,Y,series_id,1.0,,True
GYLD,Arrow Dow Jones Global Yield ETF ETF,index_passive_identified,management_style_evidence_1.1,S000035751,index_passive_identified,high,sec_ncen_c3,SEC N-CEN C.3 identifies the series as an index fund,https://www.sec.gov/Archives/edgar/data/1532206/000091047226005387/0000910472-26-005387-index.html,2026q2_ncen.zip,0000910472-26-005387,S000035751,Arrow Dow Jones Global Yield ETF,Y,Y,series_id,0.9,,False
HACK,Amplify Cybersecurity ETF,not_determined,management_style_evidence_1.1,S000047480,index_passive_identified,high,sec_ncen_c3,SEC N-CEN C.3 identifies the series as an index fund,https://www.sec.gov/Archives/edgar/data/1633061/000114554924078539/0001145549-24-078539-index.html,2024q4_ncen.zip,0001145549-24-078539,S000082278,Amplify Cybersecurity ETF,Y,Y,ticker,1.0,,True
HAIL,State Street SPDR S&P Kensho Smart Mobility ETF,index_passive_identified,management_style_evidence_1.1,,index_passive_identified,high,sec_ncen_c3,SEC N-CEN C.3 identifies the series as an index fund,https://www.sec.gov/Archives/edgar/data/1064642/000141036826040180/0001410368-26-040180-index.html,2026q2_ncen.zip,0001410368-26-040180,S000059701,SPDR S&P Kensho Smart Mobility ETF,Y,Y,ticker,0.717948717948718,,False
HAP,VanEck Natural Resources ETF,not_determined,management_style_evidence_1.1,S000022364,index_passive_identified,high,sec_ncen_c3,SEC N-CEN C.3 identifies the series as an index fund,https://www.sec.gov/Archives/edgar/data/1137360/000141036826024760/0001410368-26-024760-index.html,2026q1_ncen.zip,0001410368-26-024760,S000022364,VanEck Natural Resources ETF,Y,Y,series_id,1.0,,True
HAUS,Residential REIT ETF,not_determined,management_style_evidence_1.1,S000075316,non_index_management_identified,high,sec_ncen_c3,SEC N-CEN C.3 does not identify the series as an index fund; the filing alone does not distinguish discretionary from rules-based management,https://www.sec.gov/Archives/edgar/data/1742912/000200032426001413/0002000324-26-001413-index.html,2026q2_ncen.zip,0002000324-26-001413,S000075316,Residential REIT ETF,Y,,series_id,1.0,,True
HAUZ,Xtrackers International Real Estate ETF,not_determined,management_style_evidence_1.1,,index_passive_identified,high,sec_ncen_c3,SEC N-CEN C.3 identifies the series as an index fund,https://www.sec.gov/Archives/edgar/data/1503123/000175272425186743/0001752724-25-186743-index.html,2025q3_ncen.zip,0001752724-25-186743,S000042011,Xtrackers International Real Estate ETF,Y,Y,ticker,1.0,,True
HAWX,iShares Currency Hedged MSCI ACWI ex U.S. ETF,index_passive_identified,management_style_evidence_1.1,S000049792,index_passive_identified,high,sec_ncen_c3,SEC N-CEN C.3 identifies the series as an index fund,https://www.sec.gov/Archives/edgar/data/1100663/000141036825014340/0001410368-25-014340-index.html,2025q4_ncen.zip,0001410368-25-014340,S000049792,iShares Currency Hedged MSCI ACWI ex U.S. ETF,Y,Y,series_id,1.0,,False
HCRB,Hartford Core Bond ETF,not_determined,management_style_evidence_1.1,S000067959,non_index_management_identified,high,sec_ncen_c3,SEC N-CEN C.3 does not identify the series as an index fund; the filing alone does not distinguish discretionary from rules-based management,https://www.sec.gov/Archives/edgar/data/1501825/000141036825014111/0001410368-25-014111-index.html,2025q4_ncen.zip,0001410368-25-014111,S000067959,Hartford Core Bond ETF,Y,,series_id,1.0,,True
HDEF,Xtrackers MSCI EAFE High Dividend Yield Equity ETF,systematic_or_rules_based,management_style_evidence_1.1,S000050033,index_passive_identified,high,sec_ncen_c3,SEC N-CEN C.3 identifies the series as an index fund,https://www.sec.gov/Archives/edgar/data/1503123/000175272425186743/0001752724-25-186743-index.html,2025q3_ncen.zip,0001752724-25-186743,S000050033,Xtrackers MSCI EAFE High Dividend Yield Equity ETF,Y,Y,series_id,1.0,,True
HDG,ProShares Hedge Replication ETF,not_determined,management_style_evidence_1.1,,index_passive_identified,high,sec_ncen_c3,SEC N-CEN C.3 identifies the series as an index fund,https://www.sec.gov/Archives/edgar/data/1174610/000175272425186802/0001752724-25-186802-index.html,2025q3_ncen.zip,0001752724-25-186802,S000031041,ProShares Hedge Replication ETF,Y,Y,ticker,1.0,,True
HDLB,"ETRACS Monthly Pay 2xLeveraged US High Dividend Low Volatility ETN Series B due September 30, 2044",systematic_or_rules_based,management_style_evidence_1.1,,not_applicable_security,high,primary_source_override,Issuer lists HDLB among its leveraged senior unsecured exchange-traded notes,https://etracs.ubs.com/,,,,,,,manual_ticker_override,,Debt instrument and 2x leveraged exposure: ETF management style is not applicable and eligibility should be rechecked.,True
HDMV,First Trust Horizon Managed Volatility Developed International ETF,not_determined,management_style_evidence_1.1,S000054959,non_index_management_identified,high,sec_ncen_c3,SEC N-CEN C.3 does not identify the series as an index fund; the filing alone does not distinguish discretionary from rules-based management,https://www.sec.gov/Archives/edgar/data/1424212/000094040025003112/0000940400-25-003112-index.html,2025q4_ncen.zip,0000940400-25-003112,S000054959,First Trust Horizon Managed Volatility Developed International ETF,Y,,series_id,1.0,,True
HDV,iShares Core High Dividend ETF,systematic_or_rules_based,management_style_evidence_1.1,S000031844,index_passive_identified,high,sec_ncen_c3,SEC N-CEN C.3 identifies the series as an index fund,https://www.sec.gov/Archives/edgar/data/1100663/000175272425166094/0001752724-25-166094-index.html,2025q3_ncen.zip,0001752724-25-166094,S000031844,iShares Core High Dividend ETF,Y,Y,series_id,1.0,,True
HEAL,Global X HealthTech ETF,not_determined,management_style_evidence_1.1,,index_passive_identified,high,sec_ncen_c3,SEC N-CEN C.3 identifies the series as an index fund,https://www.sec.gov/Archives/edgar/data/1432353/000204825126001908/0002048251-26-001908-index.html,2026q1_ncen.zip,0002048251-26-001908,S000069056,Global X HealthTech ETF,Y,Y,ticker,1.0,,True
HEDJ,WisdomTree Europe Hedged Equity Fund,not_determined,management_style_evidence_1.1,S000023597,index_passive_identified,high,sec_ncen_c3,SEC N-CEN C.3 identifies the series as an index fund,https://www.sec.gov/Archives/edgar/data/1350487/000094040026023461/0000940400-26-023461-index.html,2026q2_ncen.zip,0000940400-26-023461,S000023597,WisdomTree Europe Hedged Equity Fund,Y,Y,series_id,1.0,,True
HEEM,iShares Currency Hedged MSCI Emerging Markets ETF,index_passive_identified,management_style_evidence_1.1,S000045639,index_passive_identified,high,sec_ncen_c3,SEC N-CEN C.3 identifies the series as an index fund,https://www.sec.gov/Archives/edgar/data/930667/000141036825023226/0001410368-25-023226-index.html,2025q4_ncen.zip,0001410368-25-023226,S000045639,iShares Currency Hedged MSCI Emerging Markets ETF,Y,Y,series_id,1.0,,False
HEFA,iShares Currency Hedged MSCI EAFE ETF,index_passive_identified,management_style_evidence_1.1,S000043040,index_passive_identified,high,sec_ncen_c3,SEC N-CEN C.3 identifies the series as an index fund,https://www.sec.gov/Archives/edgar/data/1100663/000141036825014340/0001410368-25-014340-index.html,2025q4_ncen.zip,0001410368-25-014340,S000043040,iShares Currency Hedged MSCI EAFE ETF,Y,Y,series_id,1.0,,False
HEGD,Swan Hedged Equity US Large Cap ETF,not_determined,management_style_evidence_1.1,S000070373,non_index_management_identified,high,sec_ncen_c3,SEC N-CEN C.3 does not identify the series as an index fund; the filing alone does not distinguish discretionary from rules-based management,https://www.sec.gov/Archives/edgar/data/1683471/000089418926003582/0000894189-26-003582-index.html,2026q1_ncen.zip,0000894189-26-003582,S000070373,Swan Hedged Equity US Large Cap ETF,Y,,series_id,1.0,,True
HELX,Franklin Genomic Advancements ETF,not_determined,management_style_evidence_1.1,S000067393,non_index_management_identified,high,sec_ncen_c3,SEC N-CEN C.3 does not identify the series as an index fund; the filing alone does not distinguish discretionary from rules-based management,https://www.sec.gov/Archives/edgar/data/1655589/000094040026023418/0000940400-26-023418-index.html,2026q2_ncen.zip,0000940400-26-023418,S000067393,Franklin Genomic Advancements ETF,Y,,series_id,1.0,,True
HEQT,Simplify Hedged Equity ETF,not_determined,management_style_evidence_1.1,S000073925,non_index_management_identified,high,sec_ncen_c3,SEC N-CEN C.3 does not identify the series as an index fund; the filing alone does not distinguish discretionary from rules-based management,https://www.sec.gov/Archives/edgar/data/1810747/000175272425213393/0001752724-25-213393-index.html,2025q3_ncen.zip,0001752724-25-213393,S000073925,Simplify Hedged Equity ETF,Y,,series_id,1.0,,True
HERD,Pacer Cash Cows Fund of Funds ETF,systematic_or_rules_based,management_style_evidence_1.1,S000064826,index_passive_identified,high,sec_ncen_c3,SEC N-CEN C.3 identifies the series as an index fund,https://www.sec.gov/Archives/edgar/data/1616668/000114554925046416/0001145549-25-046416-index.html,2025q3_ncen.zip,0001145549-25-046416,S000064826,Pacer Cash Cows Fund of Funds ETF,Y,Y,series_id,1.0,,True
HERO,Global X Video Games & Esports ETF,not_determined,management_style_evidence_1.1,S000066518,index_passive_identified,high,sec_ncen_c3,SEC N-CEN C.3 identifies the series as an index fund,https://www.sec.gov/Archives/edgar/data/1432353/000204825126001908/0002048251-26-001908-index.html,2026q1_ncen.zip,0002048251-26-001908,S000066518,Global X Video Games & Esports ETF,Y,Y,series_id,1.0,,True
HEWJ,iShares Currency Hedged MSCI Japan ETF,index_passive_identified,management_style_evidence_1.1,S000043043,index_passive_identified,high,sec_ncen_c3,SEC N-CEN C.3 identifies the series as an index fund,https://www.sec.gov/Archives/edgar/data/1100663/000141036825023225/0001410368-25-023225-index.html,2025q4_ncen.zip,0001410368-25-023225,S000043043,iShares Currency Hedged MSCI Japan ETF,Y,Y,series_id,1.0,,False
HEZU,iShares Currency Hedged MSCI Eurozone ETF,index_passive_identified,management_style_evidence_1.1,S000045646,index_passive_identified,high,sec_ncen_c3,SEC N-CEN C.3 identifies the series as an index fund,https://www.sec.gov/Archives/edgar/data/1100663/000141036825023225/0001410368-25-023225-index.html,2025q4_ncen.zip,0001410368-25-023225,S000045646,iShares Currency Hedged MSCI Eurozone ETF,Y,Y,series_id,1.0,,False
HFGO,Hartford Large Cap Growth ETF,systematic_or_rules_based,management_style_evidence_1.1,S000073664,active_identified,high,primary_source_override,Issuer states that HFGO is actively managed and does not replicate an index,https://www.hartfordfunds.com/funds/hfgo.html,,,,,,,manual_ticker_override,,,True
HFSI,Hartford Strategic Income ETF,not_determined,management_style_evidence_1.1,,non_index_management_identified,high,sec_ncen_c3,SEC N-CEN C.3 does not identify the series as an index fund; the filing alone does not distinguish discretionary from rules-based management,https://www.sec.gov/Archives/edgar/data/1501825/000141036825014111/0001410368-25-014111-index.html,2025q4_ncen.zip,0001410368-25-014111,S000073404,Hartford Strategic Income ETF,Y,,ticker,1.0,,True
HFXI,NYLIM FTSE International Equity Currency Neutral ETF,index_passive_identified,management_style_evidence_1.1,S000050195,index_passive_identified,high,sec_ncen_c3,SEC N-CEN C.3 identifies the series as an index fund,https://www.sec.gov/Archives/edgar/data/1415995/000175272425165942/0001752724-25-165942-index.html,2025q3_ncen.zip,0001752724-25-165942,S000050195,NYLI FTSE International Equity Currency Neutral ETF,Y,Y,series_id,0.989010989010989,,False
HGER,Harbor Commodity All-Weather Strategy ETF,not_determined,management_style_evidence_1.1,S000075202,index_passive_identified,high,sec_ncen_c3,SEC N-CEN C.3 identifies the series as an index fund,https://www.sec.gov/Archives/edgar/data/1860434/000141036826000527/0001410368-26-000527-index.html,2026q1_ncen.zip,0001410368-26-000527,S000075202,Harbor Commodity All-Weather Strategy ETF,Y,Y,series_id,1.0,,True
HIPS,GraniteShares HIPS US High Income ETF,not_determined,management_style_evidence_1.1,S000047624,index_passive_identified,high,sec_ncen_c3,SEC N-CEN C.3 identifies the series as an index fund,https://www.sec.gov/Archives/edgar/data/1689873/000175272425214843/0001752724-25-214843-index.html,2025q3_ncen.zip,0001752724-25-214843,S000059908,GraniteShares HIPS US High Income ETF,Y,Y,ticker,1.0,,True
HISF,First Trust High Income Strategic Focus ETF,not_determined,management_style_evidence_1.1,,non_index_management_identified,high,sec_ncen_c3,SEC N-CEN C.3 does not identify the series as an index fund; the filing alone does not distinguish discretionary from rules-based management,https://www.sec.gov/Archives/edgar/data/1517936/000094040026000180/0000940400-26-000180-index.html,2026q1_ncen.zip,0000940400-26-000180,S000046109,First Trust High Income Strategic Focus ETF,Y,,ticker,1.0,,True
HLAL,Wahed FTSE USA Shariah ETF,index_passive_identified,management_style_evidence_1.1,S000065986,index_passive_identified,high,sec_ncen_c3,SEC N-CEN C.3 identifies the series as an index fund,https://www.sec.gov/Archives/edgar/data/1683471/000114554925051059/0001145549-25-051059-index.html,2025q3_ncen.zip,0001145549-25-051059,S000065986,Wahed FTSE USA Shariah ETF,Y,Y,series_id,1.0,,False
HMOP,Hartford Municipal Opportunities ETF,not_determined,management_style_evidence_1.1,S000058871,non_index_management_identified,high,sec_ncen_c3,SEC N-CEN C.3 does not identify the series as an index fund; the filing alone does not distinguish discretionary from rules-based management,https://www.sec.gov/Archives/edgar/data/1501825/000141036825014111/0001410368-25-014111-index.html,2025q4_ncen.zip,0001410368-25-014111,S000058871,Hartford Municipal Opportunities ETF,Y,,series_id,1.0,,True
HNDL,Strategy Shares Nasdaq 7HANDL Index ETF,index_passive_identified,management_style_evidence_1.1,S000059719,index_passive_identified,high,sec_ncen_c3,SEC N-CEN C.3 identifies the series as an index fund,https://www.sec.gov/Archives/edgar/data/1506213/000175272425165716/0001752724-25-165716-index.html,2025q3_ncen.zip,0001752724-25-165716,S000059719,Strategy Shares Nasdaq 7 HANDL(TM) Index ETF,Y,Y,series_id,0.9655172413793104,,False
HOMZ,Hoya Capital Housing ETF,not_determined,management_style_evidence_1.1,S000065066,index_passive_identified,high,sec_ncen_c3,SEC N-CEN C.3 identifies the series as an index fund,https://www.sec.gov/Archives/edgar/data/1540305/000119312526223051/0001193125-26-223051-index.html,2026q2_ncen.zip,0001193125-26-223051,S000065066,Hoya Capital Housing ETF,Y,Y,series_id,1.0,,True
HSCZ,iShares Currency Hedged MSCI EAFE Small-Cap ETF,index_passive_identified,management_style_evidence_1.1,S000049795,index_passive_identified,high,sec_ncen_c3,SEC N-CEN C.3 identifies the series as an index fund,https://www.sec.gov/Archives/edgar/data/1100663/000141036825014340/0001410368-25-014340-index.html,2025q4_ncen.zip,0001410368-25-014340,S000049795,iShares Currency Hedged MSCI EAFE Small-Cap ETF,Y,Y,series_id,1.0,,False
HSMV,First Trust Horizon Managed Volatility Small/Mid ETF,not_determined,management_style_evidence_1.1,S000068212,non_index_management_identified,high,sec_ncen_c3,SEC N-CEN C.3 does not identify the series as an index fund; the filing alone does not distinguish discretionary from rules-based management,https://www.sec.gov/Archives/edgar/data/1424212/000094040025003112/0000940400-25-003112-index.html,2025q4_ncen.zip,0000940400-25-003112,S000068212,First Trust Horizon Managed Volatility Small/Mid ETF,Y,,series_id,1.0,,True
HTAB,Hartford Schroders Tax-Aware Bond ETF,not_determined,management_style_evidence_1.1,S000058872,non_index_management_identified,high,sec_ncen_c3,SEC N-CEN C.3 does not identify the series as an index fund; the filing alone does not distinguish discretionary from rules-based management,https://www.sec.gov/Archives/edgar/data/1501825/000141036825014111/0001410368-25-014111-index.html,2025q4_ncen.zip,0001410368-25-014111,S000058872,Hartford Schroders Tax-Aware Bond ETF,Y,,series_id,1.0,,True
HTEC,ROBO Global Healthcare Technology and Innovation ETF,not_determined,management_style_evidence_1.1,S000065730,index_passive_identified,high,sec_ncen_c3,SEC N-CEN C.3 identifies the series as an index fund,https://www.sec.gov/Archives/edgar/data/1452937/000175272425166800/0001752724-25-166800-index.html,2025q3_ncen.zip,0001752724-25-166800,S000065730,ROBO Global(R) Healthcare Technology and Innovation ETF,Y,Y,series_id,0.989247311827957,,True
HTRB,Hartford Total Return Bond ETF,not_determined,management_style_evidence_1.1,S000057958,non_index_management_identified,high,sec_ncen_c3,SEC N-CEN C.3 does not identify the series as an index fund; the filing alone does not distinguish discretionary from rules-based management,https://www.sec.gov/Archives/edgar/data/1501825/000141036825014111/0001410368-25-014111-index.html,2025q4_ncen.zip,0001410368-25-014111,S000057958,Hartford Total Return Bond ETF,Y,,series_id,1.0,,True
HTUS,Hull Tactical US ETF,active_identified,management_style_evidence_1.1,S000042584|S000080433,active_identified,high,primary_source_override,Issuer states that HTUS is an actively managed ETF driven by proprietary quantitative models,https://www.hulltacticalfunds.com/,,,,,,,manual_ticker_override,,,False
HUSV,First Trust Horizon Managed Volatility Domestic ETF,not_determined,management_style_evidence_1.1,S000054960,non_index_management_identified,high,sec_ncen_c3,SEC N-CEN C.3 does not identify the series as an index fund; the filing alone does not distinguish discretionary from rules-based management,https://www.sec.gov/Archives/edgar/data/1424212/000094040025003112/0000940400-25-003112-index.html,2025q4_ncen.zip,0000940400-25-003112,S000054960,First Trust Horizon Managed Volatility Domestic ETF,Y,,series_id,1.0,,True
HYBB,iShares BB Rated Corporate Bond ETF,not_determined,management_style_evidence_1.1,S000063139,index_passive_identified,high,sec_ncen_c3,SEC N-CEN C.3 identifies the series as an index fund,https://www.sec.gov/Archives/edgar/data/1100663/000141036826001031/0001410368-26-001031-index.html,2026q1_ncen.zip,0001410368-26-001031,S000063139,iShares BB Rated Corporate Bond ETF,Y,Y,series_id,1.0,,True
HYBL,State Street Blackstone High Income ETF,not_determined,management_style_evidence_1.1,S000075269,non_index_management_identified,high,sec_ncen_c3,SEC N-CEN C.3 does not identify the series as an index fund; the filing alone does not distinguish discretionary from rules-based management,https://www.sec.gov/Archives/edgar/data/1516212/000175272425214851/0001752724-25-214851-index.html,2025q3_ncen.zip,0001752724-25-214851,S000075269,SPDR Blackstone High Income ETF,Y,,series_id,0.819672131147541,,True
HYD,VanEck High Yield Muni ETF,not_determined,management_style_evidence_1.1,S000019193,index_passive_identified,high,sec_ncen_c3,SEC N-CEN C.3 identifies the series as an index fund,https://www.sec.gov/Archives/edgar/data/1137360/000175272425165267/0001752724-25-165267-index.html,2025q3_ncen.zip,0001752724-25-165267,S000019193,VanEck High Yield Muni ETF,Y,Y,series_id,1.0,,True
HYDB,iShares High Yield Systematic Bond ETF,not_determined,management_style_evidence_1.1,S000057341,index_passive_identified,high,sec_ncen_c3,SEC N-CEN C.3 identifies the series as an index fund,https://www.sec.gov/Archives/edgar/data/1100663/000141036826044733/0001410368-26-044733-index.html,2026q2_ncen.zip,0001410368-26-044733,S000057341,iShares High Yield Systematic Bond ETF,Y,Y,series_id,1.0,,True
HYDR,Global X Hydrogen ETF,not_determined,management_style_evidence_1.1,S000072330,index_passive_identified,high,sec_ncen_c3,SEC N-CEN C.3 identifies the series as an index fund,https://www.sec.gov/Archives/edgar/data/1432353/000204825126001908/0002048251-26-001908-index.html,2026q1_ncen.zip,0002048251-26-001908,S000072330,Global X Hydrogen ETF,Y,Y,series_id,1.0,,True
HYDW,Xtrackers Low Beta High Yield Bond ETF,not_determined,management_style_evidence_1.1,S000059264,index_passive_identified,high,sec_ncen_c3,SEC N-CEN C.3 identifies the series as an index fund,https://www.sec.gov/Archives/edgar/data/1503123/000094040025005824/0000940400-25-005824-index.html,2025q4_ncen.zip,0000940400-25-005824,S000059264,Xtrackers Low Beta High Yield Bond ETF,Y,Y,series_id,1.0,,True
HYEM,VanEck Emerging Markets High Yield Bond ETF,not_determined,management_style_evidence_1.1,S000036768,index_passive_identified,high,sec_ncen_c3,SEC N-CEN C.3 identifies the series as an index fund,https://www.sec.gov/Archives/edgar/data/1137360/000175272425165267/0001752724-25-165267-index.html,2025q3_ncen.zip,0001752724-25-165267,S000036768,VanEck Emerging Markets High Yield Bond ETF,Y,Y,series_id,1.0,,True
HYG,iShares iBoxx $ High Yield Corporate Bond ETF,not_determined,management_style_evidence_1.1,S000016772,index_passive_identified,high,sec_ncen_c3,SEC N-CEN C.3 identifies the series as an index fund,https://www.sec.gov/Archives/edgar/data/1100663/000141036826044733/0001410368-26-044733-index.html,2026q2_ncen.zip,0001410368-26-044733,S000016772,iShares iBoxx $ High Yield Corporate Bond ETF,Y,Y,series_id,1.0,,True
HYGH,iShares Interest Rate Hedged High Yield Bond ETF,not_determined,management_style_evidence_1.1,S000042863,index_passive_identified,high,sec_ncen_c3,SEC N-CEN C.3 identifies the series as an index fund,https://www.sec.gov/Archives/edgar/data/1524513/000141036826001033/0001410368-26-001033-index.html,2026q1_ncen.zip,0001410368-26-001033,S000042863,iShares Interest Rate Hedged High Yield Bond ETF,Y,Y,series_id,1.0,,True
HYGV,Northern Trust High Yield Value-Scored Bond ETF,systematic_or_rules_based,management_style_evidence_1.1,S000062125,index_passive_identified,high,sec_ncen_c3,SEC N-CEN C.3 identifies the series as an index fund,https://www.sec.gov/Archives/edgar/data/1491978/000207169126000168/0002071691-26-000168-index.html,2026q1_ncen.zip,0002071691-26-000168,S000062125,FlexShares High Yield Value-Scored Bond Index Fund,Y,Y,series_id,0.7222222222222222,,True
HYHG,ProShares High Yield Interest Rate Hedged,not_determined,management_style_evidence_1.1,S000039732,index_passive_identified,high,sec_ncen_c3,SEC N-CEN C.3 identifies the series as an index fund,https://www.sec.gov/Archives/edgar/data/1174610/000175272425186802/0001752724-25-186802-index.html,2025q3_ncen.zip,0001752724-25-186802,S000039732,ProShares High Yield-Interest Rate Hedged,Y,Y,series_id,1.0,,True
HYIN,WisdomTree Private Credit and Alternative Income Fund,not_determined,management_style_evidence_1.1,S000071174,index_passive_identified,high,sec_ncen_c3,SEC N-CEN C.3 identifies the series as an index fund,https://www.sec.gov/Archives/edgar/data/1350487/000094040025005898/0000940400-25-005898-index.html,2025q4_ncen.zip,0000940400-25-005898,S000071174,WisdomTree Private Credit and Alternative Income Fund,Y,Y,series_id,1.0,,True
HYLB,Xtrackers USD High Yield Corporate Bond ETF,not_determined,management_style_evidence_1.1,S000044475,index_passive_identified,high,sec_ncen_c3,SEC N-CEN C.3 identifies the series as an index fund,https://www.sec.gov/Archives/edgar/data/1503123/000094040025005824/0000940400-25-005824-index.html,2025q4_ncen.zip,0000940400-25-005824,S000044475,Xtrackers USD High Yield Corporate Bond ETF,Y,Y,series_id,1.0,,True
HYLS,First Trust Tactical High Yield ETF,active_identified,management_style_evidence_1.1,,active_identified,high,primary_source_override,Issuer lists HYLS in its official actively managed ETF roster,https://www.ftportfolios.com/retail/etf/etflist.aspx?Type=ActivelyManaged,,,,,,,manual_ticker_override,,,False
HYMB,State Street SPDR Nuveen ICE High Yield Municipal Bond ETF,not_determined,management_style_evidence_1.1,S000028870,index_passive_identified,high,sec_ncen_c3,SEC N-CEN C.3 identifies the series as an index fund,https://www.sec.gov/Archives/edgar/data/1064642/000175272425214852/0001752724-25-214852-index.html,2025q3_ncen.zip,0001752724-25-214852,S000028870,SPDR Nuveen ICE High Yield Municipal Bond ETF,Y,Y,series_id,0.7755102040816326,,True
HYS,PIMCO 0-5 Year High Yield Corporat Bond Index Exchange-Traded Fund,index_passive_identified,management_style_evidence_1.1,S000028996,index_passive_identified,high,sec_ncen_c3,SEC N-CEN C.3 identifies the series as an index fund,https://www.sec.gov/Archives/edgar/data/1450011/000145001125000520/0001450011-25-000520-index.html,2025q3_ncen.zip,0001450011-25-000520,S000028996,PIMCO 0-5 Year High Yield Corporate Bond Index Exchange-Traded Fund,Y,Y,series_id,0.9876543209876543,,False
HYTR,Counterpoint High Yield Trend ETF,not_determined,management_style_evidence_1.1,S000067284,non_index_management_identified,high,sec_ncen_c3,SEC N-CEN C.3 does not identify the series as an index fund; the filing alone does not distinguish discretionary from rules-based management,https://www.sec.gov/Archives/edgar/data/1537140/000091047225005673/0000910472-25-005673-index.html,2025q4_ncen.zip,0000910472-25-005673,S000067284,Counterpoint High Yield Trend ETF,Y,,series_id,1.0,,True
HYUP,Xtrackers High Beta High Yield Bond ETF,not_determined,management_style_evidence_1.1,S000058424,index_passive_identified,high,sec_ncen_c3,SEC N-CEN C.3 identifies the series as an index fund,https://www.sec.gov/Archives/edgar/data/1503123/000094040025005824/0000940400-25-005824-index.html,2025q4_ncen.zip,0000940400-25-005824,S000058424,Xtrackers High Beta High Yield Bond ETF,Y,Y,series_id,1.0,,True
HYXE,iShares iBoxx $ High Yield ex Oil & Gas Corporate Bond ETF,not_determined,management_style_evidence_1.1,S000054184,index_passive_identified,high,sec_ncen_c3,SEC N-CEN C.3 identifies the series as an index fund,https://www.sec.gov/Archives/edgar/data/1100663/000141036826001031/0001410368-26-001031-index.html,2026q1_ncen.zip,0001410368-26-001031,S000054184,iShares ESG Advanced High Yield Corporate Bond ETF,Y,Y,series_id,0.6842105263157895,,True
HYXF,iShares ESG Advanced High Yield Corporate Bond ETF,systematic_or_rules_based,management_style_evidence_1.1,,index_passive_identified,high,sec_ncen_c3,SEC N-CEN C.3 identifies the series as an index fund,https://www.sec.gov/Archives/edgar/data/1100663/000141036826001031/0001410368-26-001031-index.html,2026q1_ncen.zip,0001410368-26-001031,S000054184,iShares ESG Advanced High Yield Corporate Bond ETF,Y,Y,ticker,1.0,,True
HYZD,WisdomTree Interest Rate Hedged High Yield Bond Fund,not_determined,management_style_evidence_1.1,S000043390,index_passive_identified,high,sec_ncen_c3,SEC N-CEN C.3 identifies the series as an index fund,https://www.sec.gov/Archives/edgar/data/1350487/000094040025005898/0000940400-25-005898-index.html,2025q4_ncen.zip,0000940400-25-005898,S000043390,WisdomTree Interest Rate Hedged High Yield Bond Fund,Y,Y,series_id,1.0,,True
IAGG,iShares International Aggregate Bond Fund,not_determined,management_style_evidence_1.1,S000051261,index_passive_identified,high,sec_ncen_c3,SEC N-CEN C.3 identifies the series as an index fund,https://www.sec.gov/Archives/edgar/data/1100663/000141036826001031/0001410368-26-001031-index.html,2026q1_ncen.zip,0001410368-26-001031,S000051261,iShares Core International Aggregate Bond ETF,Y,Y,series_id,0.8615384615384616,,True
IAI,iShares U.S. Broker-Dealers & Securities Exchanges ETF,not_determined,management_style_evidence_1.1,S000009420,index_passive_identified,high,sec_ncen_c3,SEC N-CEN C.3 identifies the series as an index fund,https://www.sec.gov/Archives/edgar/data/1100663/000100472626004646/0001004726-26-004646-index.html,2026q2_ncen.zip,0001004726-26-004646,S000009420,iShares U.S. Broker-Dealers & Securities Exchanges ETF,Y,Y,series_id,1.0,,True
IAK,iShares U.S. Insurance ETF,not_determined,management_style_evidence_1.1,S000009421,index_passive_identified,high,sec_ncen_c3,SEC N-CEN C.3 identifies the series as an index fund,https://www.sec.gov/Archives/edgar/data/1100663/000100472626004646/0001004726-26-004646-index.html,2026q2_ncen.zip,0001004726-26-004646,S000009421,iShares U.S. Insurance ETF,Y,Y,series_id,1.0,,True
IAT,iShares U.S. Regional Banks ETF,not_determined,management_style_evidence_1.1,S000009422,index_passive_identified,high,sec_ncen_c3,SEC N-CEN C.3 identifies the series as an index fund,https://www.sec.gov/Archives/edgar/data/1100663/000100472626004646/0001004726-26-004646-index.html,2026q2_ncen.zip,0001004726-26-004646,S000009422,iShares U.S. Regional Banks ETF,Y,Y,series_id,1.0,,True
IAU,iShares Gold Trust Shares,not_determined,management_style_evidence_1.1,,static_exposure_or_trust,high,primary_source_override,Issuer classifies the product among its physically backed commodity ETPs,https://www.ishares.com/us/products/commodity-etps,,,,,,,manual_ticker_override,,,True
IAUM,iShares Gold Trust Micro Shares,not_determined,management_style_evidence_1.1,,static_exposure_or_trust,high,primary_source_override,Issuer classifies the product among its physically backed commodity ETPs,https://www.ishares.com/us/products/commodity-etps,,,,,,,manual_ticker_override,,,True
IBB,iShares Biotechnology ETF,not_determined,management_style_evidence_1.1,S000004350,index_passive_identified,high,sec_ncen_c3,SEC N-CEN C.3 identifies the series as an index fund,https://www.sec.gov/Archives/edgar/data/1100663/000100472626004646/0001004726-26-004646-index.html,2026q2_ncen.zip,0001004726-26-004646,S000004350,iShares Biotechnology ETF,Y,Y,series_id,1.0,,True
IBBQ,Invesco Nasdaq Biotechnology ETF,index_passive_identified,management_style_evidence_1.1,S000072469,index_passive_identified,high,sec_ncen_c3,SEC N-CEN C.3 identifies the series as an index fund,https://www.sec.gov/Archives/edgar/data/1378872/000137887225000490/0001378872-25-000490-index.html,2025q4_ncen.zip,0001378872-25-000490,S000072469,Invesco Nasdaq Biotechnology ETF,Y,Y,series_id,1.0,,False
IBD,Inspire Corporate Bond ETF,not_determined,management_style_evidence_1.1,S000056116,index_passive_identified,high,sec_ncen_c3,SEC N-CEN C.3 identifies the series as an index fund,https://www.sec.gov/Archives/edgar/data/1644419/000091047226001324/0000910472-26-001324-index.html,2026q1_ncen.zip,0000910472-26-001324,S000056116,Inspire Corporate Bond ETF,Y,Y,series_id,1.0,,True
IBDR,iShares iBonds Dec 2026 Term Corporate ETF,not_determined,management_style_evidence_1.1,S000055059,index_passive_identified,high,sec_ncen_c3,SEC N-CEN C.3 identifies the series as an index fund,https://www.sec.gov/Archives/edgar/data/1100663/000141036826001031/0001410368-26-001031-index.html,2026q1_ncen.zip,0001410368-26-001031,S000055059,iShares iBonds Dec 2026 Term Corporate ETF,Y,Y,series_id,1.0,,True
IBDS,iShares iBonds Dec 2027 Term Corporate ETF,not_determined,management_style_evidence_1.1,S000058301,index_passive_identified,high,sec_ncen_c3,SEC N-CEN C.3 identifies the series as an index fund,https://www.sec.gov/Archives/edgar/data/1100663/000141036826001031/0001410368-26-001031-index.html,2026q1_ncen.zip,0001410368-26-001031,S000058301,iShares iBonds Dec 2027 Term Corporate ETF,Y,Y,series_id,1.0,,True
IBDT,iShares iBonds Dec 2028 Term Corporate ETF,not_determined,management_style_evidence_1.1,S000063041,index_passive_identified,high,sec_ncen_c3,SEC N-CEN C.3 identifies the series as an index fund,https://www.sec.gov/Archives/edgar/data/1100663/000141036826001031/0001410368-26-001031-index.html,2026q1_ncen.zip,0001410368-26-001031,S000063041,iShares iBonds Dec 2028 Term Corporate ETF,Y,Y,series_id,1.0,,True
IBDU,iShares iBonds Dec 2029 Term Corporate ETF,not_determined,management_style_evidence_1.1,S000066401,index_passive_identified,high,sec_ncen_c3,SEC N-CEN C.3 identifies the series as an index fund,https://www.sec.gov/Archives/edgar/data/1100663/000141036826001031/0001410368-26-001031-index.html,2026q1_ncen.zip,0001410368-26-001031,S000066401,iShares iBonds Dec 2029 Term Corporate ETF,Y,Y,series_id,1.0,,True
IBDV,iShares iBonds Dec 2030 Term Corporate ETF,not_determined,management_style_evidence_1.1,S000068777,index_passive_identified,high,sec_ncen_c3,SEC N-CEN C.3 identifies the series as an index fund,https://www.sec.gov/Archives/edgar/data/1100663/000141036826001031/0001410368-26-001031-index.html,2026q1_ncen.zip,0001410368-26-001031,S000068777,iShares iBonds Dec 2030 Term Corporate ETF,Y,Y,series_id,1.0,,True
IBDW,iShares iBonds Dec 2031 Term Corporate ETF,not_determined,management_style_evidence_1.1,S000072204,index_passive_identified,high,sec_ncen_c3,SEC N-CEN C.3 identifies the series as an index fund,https://www.sec.gov/Archives/edgar/data/1100663/000141036826001031/0001410368-26-001031-index.html,2026q1_ncen.zip,0001410368-26-001031,S000072204,iShares iBonds Dec 2031 Term Corporate ETF,Y,Y,series_id,1.0,,True
IBHF,iShares iBonds 2026 Term High Yield and Income ETF,not_determined,management_style_evidence_1.1,S000069852,index_passive_identified,high,sec_ncen_c3,SEC N-CEN C.3 identifies the series as an index fund,https://www.sec.gov/Archives/edgar/data/1100663/000141036826001031/0001410368-26-001031-index.html,2026q1_ncen.zip,0001410368-26-001031,S000069852,iShares iBonds 2026 Term High Yield and Income ETF,Y,Y,series_id,1.0,,True
IBHG,iShares iBonds 2027 Term High Yield and Income ETF,not_determined,management_style_evidence_1.1,S000072335,index_passive_identified,high,sec_ncen_c3,SEC N-CEN C.3 identifies the series as an index fund,https://www.sec.gov/Archives/edgar/data/1100663/000141036826001031/0001410368-26-001031-index.html,2026q1_ncen.zip,0001410368-26-001031,S000072335,iShares iBonds 2027 Term High Yield and Income ETF,Y,Y,series_id,1.0,,True
IBMO,iShares iBonds Dec 2026 Term Muni Bond ETF,not_determined,management_style_evidence_1.1,S000063115,index_passive_identified,high,sec_ncen_c3,SEC N-CEN C.3 identifies the series as an index fund,https://www.sec.gov/Archives/edgar/data/1100663/000141036826001031/0001410368-26-001031-index.html,2026q1_ncen.zip,0001410368-26-001031,S000063115,iShares iBonds Dec 2026 Term Muni Bond ETF,Y,Y,series_id,1.0,,True
IBMP,iShares iBonds Dec 2027 Term Muni Bond ETF,not_determined,management_style_evidence_1.1,S000065128,index_passive_identified,high,sec_ncen_c3,SEC N-CEN C.3 identifies the series as an index fund,https://www.sec.gov/Archives/edgar/data/1100663/000141036826001031/0001410368-26-001031-index.html,2026q1_ncen.zip,0001410368-26-001031,S000065128,iShares iBonds Dec 2027 Term Muni Bond ETF,Y,Y,series_id,1.0,,True
IBMQ,iShares iBonds Dec 2028 Term Muni Bond ETF,not_determined,management_style_evidence_1.1,S000065129,index_passive_identified,high,sec_ncen_c3,SEC N-CEN C.3 identifies the series as an index fund,https://www.sec.gov/Archives/edgar/data/1100663/000141036826001031/0001410368-26-001031-index.html,2026q1_ncen.zip,0001410368-26-001031,S000065129,iShares iBonds Dec 2028 Term Muni Bond ETF,Y,Y,series_id,1.0,,True
IBND,State Street SPDR Bloomberg International Corporate Bond ETF,index_passive_identified,management_style_evidence_1.1,S000028947,index_passive_identified,high,sec_ncen_c3,SEC N-CEN C.3 identifies the series as an index fund,https://www.sec.gov/Archives/edgar/data/1064642/000141036826023902/0001410368-26-023902-index.html,2026q1_ncen.zip,0001410368-26-023902,S000028947,SPDR(R) Bloomberg International Corporate Bond ETF,Y,Y,series_id,0.875,,False
IBTG,iShares iBonds Dec 2026 Term Treasury ETF,not_determined,management_style_evidence_1.1,S000067561,index_passive_identified,high,sec_ncen_c3,SEC N-CEN C.3 identifies the series as an index fund,https://www.sec.gov/Archives/edgar/data/1100663/000141036826001031/0001410368-26-001031-index.html,2026q1_ncen.zip,0001410368-26-001031,S000067561,iShares iBonds Dec 2026 Term Treasury ETF,Y,Y,series_id,1.0,,True
IBTH,iShares iBonds Dec 2027 Term Treasury ETF,not_determined,management_style_evidence_1.1,S000067562,index_passive_identified,high,sec_ncen_c3,SEC N-CEN C.3 identifies the series as an index fund,https://www.sec.gov/Archives/edgar/data/1100663/000141036826001031/0001410368-26-001031-index.html,2026q1_ncen.zip,0001410368-26-001031,S000067562,iShares iBonds Dec 2027 Term Treasury ETF,Y,Y,series_id,1.0,,True
IBTI,iShares iBonds Dec 2028 Term Treasury ETF,not_determined,management_style_evidence_1.1,S000067563,index_passive_identified,high,sec_ncen_c3,SEC N-CEN C.3 identifies the series as an index fund,https://www.sec.gov/Archives/edgar/data/1100663/000141036826001031/0001410368-26-001031-index.html,2026q1_ncen.zip,0001410368-26-001031,S000067563,iShares iBonds Dec 2028 Term Treasury ETF,Y,Y,series_id,1.0,,True
IBTJ,iShares iBonds Dec 2029 Term Treasury ETF,not_determined,management_style_evidence_1.1,S000067564,index_passive_identified,high,sec_ncen_c3,SEC N-CEN C.3 identifies the series as an index fund,https://www.sec.gov/Archives/edgar/data/1100663/000141036826001031/0001410368-26-001031-index.html,2026q1_ncen.zip,0001410368-26-001031,S000067564,iShares iBonds Dec 2029 Term Treasury ETF,Y,Y,series_id,1.0,,True
IBTK,iShares iBonds Dec 2030 Term Treasury ETF,not_determined,management_style_evidence_1.1,S000068912,index_passive_identified,high,sec_ncen_c3,SEC N-CEN C.3 identifies the series as an index fund,https://www.sec.gov/Archives/edgar/data/1100663/000141036826001031/0001410368-26-001031-index.html,2026q1_ncen.zip,0001410368-26-001031,S000068912,iShares iBonds Dec 2030 Term Treasury ETF,Y,Y,series_id,1.0,,True
IBTL,iShares iBonds Dec 2031 Term Treasury ETF,not_determined,management_style_evidence_1.1,S000072402,index_passive_identified,high,sec_ncen_c3,SEC N-CEN C.3 identifies the series as an index fund,https://www.sec.gov/Archives/edgar/data/1100663/000141036826001031/0001410368-26-001031-index.html,2026q1_ncen.zip,0001410368-26-001031,S000072402,iShares iBonds Dec 2031 Term Treasury ETF,Y,Y,series_id,1.0,,True
IBUY,Amplify Online Retail ETF,not_determined,management_style_evidence_1.1,S000052601,index_passive_identified,high,sec_ncen_c3,SEC N-CEN C.3 identifies the series as an index fund,https://www.sec.gov/Archives/edgar/data/1633061/000114554924078539/0001145549-24-078539-index.html,2024q4_ncen.zip,0001145549-24-078539,S000052601,Amplify Online Retail ETF,Y,Y,series_id,1.0,,True
ICAP,Infrastructure Capital Equity Income ETF,not_determined,management_style_evidence_1.1,S000074860,non_index_management_identified,high,sec_ncen_c3,SEC N-CEN C.3 does not identify the series as an index fund; the filing alone does not distinguish discretionary from rules-based management,https://www.sec.gov/Archives/edgar/data/1650149/000089418926003583/0000894189-26-003583-index.html,2026q1_ncen.zip,0000894189-26-003583,S000074860,Infrastructure Capital Equity Income ETF,Y,,series_id,1.0,,True
ICF,iShares Select U.S. REIT ETF,not_determined,management_style_evidence_1.1,S000004349,index_passive_identified,high,sec_ncen_c3,SEC N-CEN C.3 identifies the series as an index fund,https://www.sec.gov/Archives/edgar/data/1100663/000175272425166094/0001752724-25-166094-index.html,2025q3_ncen.zip,0001752724-25-166094,S000004349,iShares Select U.S. REIT ETF,Y,Y,series_id,1.0,,True
ICLN,iShares Global Clean Energy ETF,not_determined,management_style_evidence_1.1,S000022498,index_passive_identified,high,sec_ncen_c3,SEC N-CEN C.3 identifies the series as an index fund,https://www.sec.gov/Archives/edgar/data/1100663/000175272425166094/0001752724-25-166094-index.html,2025q3_ncen.zip,0001752724-25-166094,S000022498,iShares Global Clean Energy ETF,Y,Y,series_id,1.0,,True
ICOW,Pacer Developed Markets International Cash Cows 100 ETF,systematic_or_rules_based,management_style_evidence_1.1,S000055467,index_passive_identified,high,sec_ncen_c3,SEC N-CEN C.3 identifies the series as an index fund,https://www.sec.gov/Archives/edgar/data/1616668/000114554925046416/0001145549-25-046416-index.html,2025q3_ncen.zip,0001145549-25-046416,S000055467,Pacer Developed Markets International Cash Cows 100 ETF,Y,Y,series_id,1.0,,True
ICSH,iShares Ultra Short Duration Bond Active ETF,active_identified,management_style_evidence_1.1,S000040474,active_identified,medium,sec_ncen_c3,SEC N-CEN C.3 does not identify the series as an index fund; classification refined by transparent product-name evidence (strategy_name_identifies_active_management),https://www.sec.gov/Archives/edgar/data/1524513/000141036826001033/0001410368-26-001033-index.html,2026q1_ncen.zip,0001410368-26-001033,S000040474,iShares Ultra Short Duration Bond Active ETF,Y,,series_id,1.0,,False
ICVT,iShares Convertible Bond ETF,not_determined,management_style_evidence_1.1,S000048637,index_passive_identified,high,sec_ncen_c3,SEC N-CEN C.3 identifies the series as an index fund,https://www.sec.gov/Archives/edgar/data/1100663/000141036826001031/0001410368-26-001031-index.html,2026q1_ncen.zip,0001410368-26-001031,S000048637,iShares Convertible Bond ETF,Y,Y,series_id,1.0,,True
IDEV,iShares Core MSCI International Developed Markets ETF,index_passive_identified,management_style_evidence_1.1,S000056604,index_passive_identified,high,sec_ncen_c3,SEC N-CEN C.3 identifies the series as an index fund,https://www.sec.gov/Archives/edgar/data/1100663/000141036825014340/0001410368-25-014340-index.html,2025q4_ncen.zip,0001410368-25-014340,S000056604,iShares Core MSCI International Developed Markets ETF,Y,Y,series_id,1.0,,False
IDGT,iShares U.S. Digital Infrastructure and Real Estate ETF,not_determined,management_style_evidence_1.1,,index_passive_identified,high,sec_ncen_c3,SEC N-CEN C.3 identifies the series as an index fund,https://www.sec.gov/Archives/edgar/data/1100663/000100472626004646/0001004726-26-004646-index.html,2026q2_ncen.zip,0001004726-26-004646,S000004353,iShares U.S. Digital Infrastructure and Real Estate ETF,Y,Y,ticker,1.0,,True
IDHQ,Invesco S&P International Developed Quality ETF,systematic_or_rules_based,management_style_evidence_1.1,S000015280,index_passive_identified,high,sec_ncen_c3,SEC N-CEN C.3 identifies the series as an index fund,https://www.sec.gov/Archives/edgar/data/1378872/000137887226000052/0001378872-26-000052-index.html,2026q1_ncen.zip,0001378872-26-000052,S000015280,Invesco S&P International Developed Quality ETF,Y,Y,series_id,1.0,,True
IDLV,Invesco S&P International Developed Low Volatility ETF,systematic_or_rules_based,management_style_evidence_1.1,S000034747,index_passive_identified,high,sec_ncen_c3,SEC N-CEN C.3 identifies the series as an index fund,https://www.sec.gov/Archives/edgar/data/1378872/000137887226000052/0001378872-26-000052-index.html,2026q1_ncen.zip,0001378872-26-000052,S000034747,Invesco S&P International Developed Low Volatility ETF,Y,Y,series_id,1.0,,True
IDME,International Drawdown Managed Equity ETF,not_determined,management_style_evidence_1.1,S000071790,non_index_management_identified,high,sec_ncen_c3,SEC N-CEN C.3 does not identify the series as an index fund; the filing alone does not distinguish discretionary from rules-based management,https://www.sec.gov/Archives/edgar/data/1540305/000114554925046410/0001145549-25-046410-index.html,2025q3_ncen.zip,0001145549-25-046410,S000071790,Aptus International Enhanced Yield ETF,Y,,series_id,0.6197183098591549,,True
IDMO,Invesco S&P International Developed Momentum ETF,systematic_or_rules_based,management_style_evidence_1.1,,index_passive_identified,high,sec_ncen_c3,SEC N-CEN C.3 identifies the series as an index fund,https://www.sec.gov/Archives/edgar/data/1378872/000137887226000052/0001378872-26-000052-index.html,2026q1_ncen.zip,0001378872-26-000052,S000034746,Invesco S&P International Developed Momentum ETF,Y,Y,ticker,1.0,,True
IDNA,iShares Genomics Immunology and Healthcare ETF,not_determined,management_style_evidence_1.1,S000065599,index_passive_identified,high,sec_ncen_c3,SEC N-CEN C.3 identifies the series as an index fund,https://www.sec.gov/Archives/edgar/data/1100663/000141036825014340/0001410368-25-014340-index.html,2025q4_ncen.zip,0001410368-25-014340,S000065599,iShares Genomics Immunology and Healthcare ETF,Y,Y,series_id,1.0,,True
IDOG,ALPS International Sector Dividend Dogs ETF,systematic_or_rules_based,management_style_evidence_1.1,,index_passive_identified,high,sec_ncen_c3,SEC N-CEN C.3 identifies the series as an index fund,https://www.sec.gov/Archives/edgar/data/1414040/000104916926000159/0001049169-26-000159-index.html,2026q1_ncen.zip,0001049169-26-000159,S000041000,ALPS International Sector Dividend Dogs ETF,Y,Y,ticker,1.0,,True
IDRV,iShares Self-Driving EV and Tech ETF,not_determined,management_style_evidence_1.1,S000063520,index_passive_identified,high,sec_ncen_c3,SEC N-CEN C.3 identifies the series as an index fund,https://www.sec.gov/Archives/edgar/data/1100663/000141036825014340/0001410368-25-014340-index.html,2025q4_ncen.zip,0001410368-25-014340,S000063520,iShares Self-Driving EV and Tech ETF,Y,Y,series_id,1.0,,True
IDU,iShares U.S. Utilities ETF,not_determined,management_style_evidence_1.1,S000004332,index_passive_identified,high,sec_ncen_c3,SEC N-CEN C.3 identifies the series as an index fund,https://www.sec.gov/Archives/edgar/data/1100663/000175272425166094/0001752724-25-166094-index.html,2025q3_ncen.zip,0001752724-25-166094,S000004332,iShares U.S. Utilities ETF,Y,Y,series_id,1.0,,True
IDUB,Aptus International Enhanced Yield ETF,not_determined,management_style_evidence_1.1,,non_index_management_identified,high,sec_ncen_c3,SEC N-CEN C.3 does not identify the series as an index fund; the filing alone does not distinguish discretionary from rules-based management,https://www.sec.gov/Archives/edgar/data/1540305/000114554925046410/0001145549-25-046410-index.html,2025q3_ncen.zip,0001145549-25-046410,S000071790,Aptus International Enhanced Yield ETF,Y,,ticker,1.0,,True
IDV,iShares International Select Dividend ETF,systematic_or_rules_based,management_style_evidence_1.1,S000017777,index_passive_identified,high,sec_ncen_c3,SEC N-CEN C.3 identifies the series as an index fund,https://www.sec.gov/Archives/edgar/data/1100663/000175272425166094/0001752724-25-166094-index.html,2025q3_ncen.zip,0001752724-25-166094,S000017777,iShares International Select Dividend ETF,Y,Y,series_id,1.0,,True
IDX,VanEck Indonesia Index ETF,index_passive_identified,management_style_evidence_1.1,S000024065,index_passive_identified,high,sec_ncen_c3,SEC N-CEN C.3 identifies the series as an index fund,https://www.sec.gov/Archives/edgar/data/1137360/000141036826024760/0001410368-26-024760-index.html,2026q1_ncen.zip,0001410368-26-024760,S000024065,VanEck Indonesia Index ETF,Y,Y,series_id,1.0,,False
IEF,iShares 7-10 Year Treasury Bond ETF,not_determined,management_style_evidence_1.1,S000004358,index_passive_identified,high,sec_ncen_c3,SEC N-CEN C.3 identifies the series as an index fund,https://www.sec.gov/Archives/edgar/data/1100663/000141036826044733/0001410368-26-044733-index.html,2026q2_ncen.zip,0001410368-26-044733,S000004358,iShares 7-10 Year Treasury Bond ETF,Y,Y,series_id,1.0,,True
IEFA,iShares Core MSCI EAFE ETF,index_passive_identified,management_style_evidence_1.1,S000038930,index_passive_identified,high,sec_ncen_c3,SEC N-CEN C.3 identifies the series as an index fund,https://www.sec.gov/Archives/edgar/data/1100663/000141036825014340/0001410368-25-014340-index.html,2025q4_ncen.zip,0001410368-25-014340,S000038930,iShares Core MSCI EAFE ETF,Y,Y,series_id,1.0,,False
IEI,iShares 3-7 Year Treasury Bond ETF,not_determined,management_style_evidence_1.1,S000013695,index_passive_identified,high,sec_ncen_c3,SEC N-CEN C.3 identifies the series as an index fund,https://www.sec.gov/Archives/edgar/data/1100663/000141036826044733/0001410368-26-044733-index.html,2026q2_ncen.zip,0001410368-26-044733,S000013695,iShares 3-7 Year Treasury Bond ETF,Y,Y,series_id,1.0,,True
IEMG,iShares Core MSCI Emerging Markets ETF,index_passive_identified,management_style_evidence_1.1,S000038923,index_passive_identified,high,sec_ncen_c3,SEC N-CEN C.3 identifies the series as an index fund,https://www.sec.gov/Archives/edgar/data/930667/000141036825023226/0001410368-25-023226-index.html,2025q4_ncen.zip,0001410368-25-023226,S000038923,iShares Core MSCI Emerging Markets ETF,Y,Y,series_id,1.0,,False
IEO,iShares U.S. Oil & Gas Exploration & Production ETF,not_determined,management_style_evidence_1.1,S000009414,index_passive_identified,high,sec_ncen_c3,SEC N-CEN C.3 identifies the series as an index fund,https://www.sec.gov/Archives/edgar/data/1100663/000100472626004646/0001004726-26-004646-index.html,2026q2_ncen.zip,0001004726-26-004646,S000009414,iShares U.S. Oil & Gas Exploration & Production ETF,Y,Y,series_id,1.0,,True
IETC,iShares U.S. Tech Independence Focused ETF,not_determined,management_style_evidence_1.1,S000061260,non_index_management_identified,high,sec_ncen_c3,SEC N-CEN C.3 does not identify the series as an index fund; the filing alone does not distinguish discretionary from rules-based management,https://www.sec.gov/Archives/edgar/data/1524513/000207169125002503/0002071691-25-002503-index.html,2025q4_ncen.zip,0002071691-25-002503,S000061260,iShares U.S. Tech Independence Focused ETF,Y,,series_id,1.0,,True
IEUR,iShares Core MSCI Europe ETF,index_passive_identified,management_style_evidence_1.1,S000045102,index_passive_identified,high,sec_ncen_c3,SEC N-CEN C.3 identifies the series as an index fund,https://www.sec.gov/Archives/edgar/data/1100663/000141036825014340/0001410368-25-014340-index.html,2025q4_ncen.zip,0001410368-25-014340,S000045102,iShares Core MSCI Europe ETF,Y,Y,series_id,1.0,,False
IEUS,iShares MSCI Europe Small-Cap ETF,index_passive_identified,management_style_evidence_1.1,,index_passive_identified,high,sec_ncen_c3,SEC N-CEN C.3 identifies the series as an index fund,https://www.sec.gov/Archives/edgar/data/1100663/000141036825014340/0001410368-25-014340-index.html,2025q4_ncen.zip,0001410368-25-014340,S000018145,iShares MSCI Europe Small-Cap ETF,Y,Y,ticker,1.0,,False
IEV,iShares Europe ETF,not_determined,management_style_evidence_1.1,S000004315,index_passive_identified,high,sec_ncen_c3,SEC N-CEN C.3 identifies the series as an index fund,https://www.sec.gov/Archives/edgar/data/1100663/000100472626004646/0001004726-26-004646-index.html,2026q2_ncen.zip,0001004726-26-004646,S000004315,iShares Europe ETF,Y,Y,series_id,1.0,,True
IEZ,iShares U.S. Oil Equipment & Services ETF,not_determined,management_style_evidence_1.1,S000009416,index_passive_identified,high,sec_ncen_c3,SEC N-CEN C.3 identifies the series as an index fund,https://www.sec.gov/Archives/edgar/data/1100663/000100472626004646/0001004726-26-004646-index.html,2026q2_ncen.zip,0001004726-26-004646,S000009416,iShares U.S. Oil Equipment & Services ETF,Y,Y,series_id,1.0,,True
IFED,ETRACS IFED Invest with the Fed TR Index ETN,index_passive_identified,management_style_evidence_1.1,,not_applicable_security,high,primary_source_override,Issuer lists IFED among its senior unsecured exchange-traded notes,https://etracs.ubs.com/,,,,,,,manual_ticker_override,,Debt instrument: ETF management-style taxonomy is not applicable.,True
IFGL,iShares International Developed Real Estate ETF,not_determined,management_style_evidence_1.1,S000018146,index_passive_identified,high,sec_ncen_c3,SEC N-CEN C.3 identifies the series as an index fund,https://www.sec.gov/Archives/edgar/data/1100663/000175272425166094/0001752724-25-166094-index.html,2025q3_ncen.zip,0001752724-25-166094,S000018146,iShares International Developed Real Estate ETF,Y,Y,series_id,1.0,,True
IFLN,Invesco Bloomberg Enhanced Fallen Angels ETF,index_passive_identified,management_style_evidence_1.1,,index_passive_identified,high,primary_source_override,SEC prospectus states that the fund seeks to track the Bloomberg US High Yield Enhanced Fallen Angels Index,https://www.sec.gov/Archives/edgar/data/1378872/000110465926018152/tm263516d3_485bpos.htm,,,,,,,manual_ticker_override,,,False
IFRA,iShares U.S. Infrastructure ETF,not_determined,management_style_evidence_1.1,S000061314,index_passive_identified,high,sec_ncen_c3,SEC N-CEN C.3 identifies the series as an index fund,https://www.sec.gov/Archives/edgar/data/1100663/000100472626004646/0001004726-26-004646-index.html,2026q2_ncen.zip,0001004726-26-004646,S000061314,iShares U.S. Infrastructure ETF,Y,Y,series_id,1.0,,True
IFV,First Trust Dorsey Wright International Focus 5 ETF,not_determined,management_style_evidence_1.1,S000046116,index_passive_identified,high,sec_ncen_c3,SEC N-CEN C.3 identifies the series as an index fund,https://www.sec.gov/Archives/edgar/data/1552740/000175272424283605/0001752724-24-283605-index.html,2024q4_ncen.zip,0001752724-24-283605,S000046116,First Trust Dorsey Wright International Focus 5 ETF,Y,Y,series_id,1.0,,True
IG,Principal Investment Grade Corporate Active ETF,active_identified,management_style_evidence_1.1,S000061644,active_identified,medium,sec_ncen_c3,SEC N-CEN C.3 does not identify the series as an index fund; classification refined by transparent product-name evidence (strategy_name_identifies_active_management),https://www.sec.gov/Archives/edgar/data/1572661/000175272425214090/0001752724-25-214090-index.html,2025q3_ncen.zip,0001752724-25-214090,S000061644,Principal Investment Grade Corporate Active ETF,Y,,series_id,1.0,,False
IGBH,iShares Interest Rate Hedged Long-Term Corporate Bond ETF,not_determined,management_style_evidence_1.1,,index_passive_identified,high,sec_ncen_c3,SEC N-CEN C.3 identifies the series as an index fund,https://www.sec.gov/Archives/edgar/data/1524513/000141036826001033/0001410368-26-001033-index.html,2026q1_ncen.zip,0001410368-26-001033,S000044145,iShares Interest Rate Hedged Long-Term Corporate Bond ETF,Y,Y,ticker,1.0,,True
IGE,iShares North American Natural Resources ETF,not_determined,management_style_evidence_1.1,S000004356,index_passive_identified,high,sec_ncen_c3,SEC N-CEN C.3 identifies the series as an index fund,https://www.sec.gov/Archives/edgar/data/1100663/000100472626004646/0001004726-26-004646-index.html,2026q2_ncen.zip,0001004726-26-004646,S000004356,iShares North American Natural Resources ETF,Y,Y,series_id,1.0,,True
IGEB,iShares Investment Grade Systematic Bond ETF,not_determined,management_style_evidence_1.1,S000057342,index_passive_identified,high,sec_ncen_c3,SEC N-CEN C.3 identifies the series as an index fund,https://www.sec.gov/Archives/edgar/data/1100663/000141036826044733/0001410368-26-044733-index.html,2026q2_ncen.zip,0001410368-26-044733,S000057342,iShares Investment Grade Systematic Bond ETF,Y,Y,series_id,1.0,,True
IGF,iShares Global Infrastructure ETF,not_determined,management_style_evidence_1.1,S000019356,index_passive_identified,high,sec_ncen_c3,SEC N-CEN C.3 identifies the series as an index fund,https://www.sec.gov/Archives/edgar/data/1100663/000100472626004646/0001004726-26-004646-index.html,2026q2_ncen.zip,0001004726-26-004646,S000019356,iShares Global Infrastructure ETF,Y,Y,series_id,1.0,,True
IGHG,ProShares Investment Grade-Interest Rate Hedged,not_determined,management_style_evidence_1.1,S000042798,index_passive_identified,high,sec_ncen_c3,SEC N-CEN C.3 identifies the series as an index fund,https://www.sec.gov/Archives/edgar/data/1174610/000175272425186802/0001752724-25-186802-index.html,2025q3_ncen.zip,0001752724-25-186802,S000042798,ProShares Investment Grade-Interest Rate Hedged,Y,Y,series_id,1.0,,True
IGIB,iShares 5-10 Year Investment Grade Corporate Bond ETF,not_determined,management_style_evidence_1.1,,index_passive_identified,high,sec_ncen_c3,SEC N-CEN C.3 identifies the series as an index fund,https://www.sec.gov/Archives/edgar/data/1100663/000141036826044733/0001410368-26-044733-index.html,2026q2_ncen.zip,0001410368-26-044733,S000013698,iShares 5-10 Year Investment Grade Corporate Bond ETF,Y,Y,ticker,1.0,,True
IGLB,iShares 10  Year Investment Grade Corporate Bond ETF,not_determined,management_style_evidence_1.1,,index_passive_identified,high,sec_ncen_c3,SEC N-CEN C.3 identifies the series as an index fund,https://www.sec.gov/Archives/edgar/data/1100663/000141036826044733/0001410368-26-044733-index.html,2026q2_ncen.zip,0001410368-26-044733,S000026651,iShares 10+ Year Investment Grade Corporate Bond ETF,Y,Y,ticker,1.0,,True
IGLD,FT Vest Gold Strategy Target Income ETF,not_determined,management_style_evidence_1.1,S000070087,non_index_management_identified,high,sec_ncen_c3,SEC N-CEN C.3 does not identify the series as an index fund; the filing alone does not distinguish discretionary from rules-based management,https://www.sec.gov/Archives/edgar/data/1329377/000094040026009992/0000940400-26-009992-index.html,2026q1_ncen.zip,0000940400-26-009992,S000070087,FT Vest Gold Strategy Target Income ETF,Y,,series_id,1.0,,True
IGM,iShares Expanded Tech Sector ETF,not_determined,management_style_evidence_1.1,S000004352,index_passive_identified,high,sec_ncen_c3,SEC N-CEN C.3 identifies the series as an index fund,https://www.sec.gov/Archives/edgar/data/1100663/000100472626004646/0001004726-26-004646-index.html,2026q2_ncen.zip,0001004726-26-004646,S000004352,iShares Expanded Tech Sector ETF,Y,Y,series_id,1.0,,True
IGOV,iShares International Treasury Bond ETF,not_determined,management_style_evidence_1.1,S000023614,index_passive_identified,high,sec_ncen_c3,SEC N-CEN C.3 identifies the series as an index fund,https://www.sec.gov/Archives/edgar/data/1100663/000141036826001031/0001410368-26-001031-index.html,2026q1_ncen.zip,0001410368-26-001031,S000023614,iShares International Treasury Bond ETF,Y,Y,series_id,1.0,,True
IGPT,Invesco AI and Next Gen Software ETF,not_determined,management_style_evidence_1.1,,index_passive_identified,high,sec_ncen_c3,SEC N-CEN C.3 identifies the series as an index fund,https://www.sec.gov/Archives/edgar/data/1209466/000175272425166789/0001752724-25-166789-index.html,2025q3_ncen.zip,0001752724-25-166789,S000003033,Invesco AI and Next Gen Software ETF,Y,Y,ticker,1.0,,True
IGRO,iShares International Dividend Growth ETF,systematic_or_rules_based,management_style_evidence_1.1,S000053600,index_passive_identified,high,sec_ncen_c3,SEC N-CEN C.3 identifies the series as an index fund,https://www.sec.gov/Archives/edgar/data/1100663/000100472626004646/0001004726-26-004646-index.html,2026q2_ncen.zip,0001004726-26-004646,S000053600,iShares International Dividend Growth ETF,Y,Y,series_id,1.0,,True
IGSB,iShares 1-5 Year Investment Grade Corporate Bond ETF,not_determined,management_style_evidence_1.1,,index_passive_identified,high,sec_ncen_c3,SEC N-CEN C.3 identifies the series as an index fund,https://www.sec.gov/Archives/edgar/data/1100663/000141036826044733/0001410368-26-044733-index.html,2026q2_ncen.zip,0001410368-26-044733,S000013697,iShares 1-5 Year Investment Grade Corporate Bond ETF,Y,Y,ticker,1.0,,True
IGV,iShares Expanded Tech-Software Sector ETF,not_determined,management_style_evidence_1.1,S000004355,index_passive_identified,high,sec_ncen_c3,SEC N-CEN C.3 identifies the series as an index fund,https://www.sec.gov/Archives/edgar/data/1100663/000100472626004646/0001004726-26-004646-index.html,2026q2_ncen.zip,0001004726-26-004646,S000004355,iShares Expanded Tech-Software Sector ETF,Y,Y,series_id,1.0,,True
IHAK,iShares Cybersecurity and Tech ETF,not_determined,management_style_evidence_1.1,S000065015,index_passive_identified,high,sec_ncen_c3,SEC N-CEN C.3 identifies the series as an index fund,https://www.sec.gov/Archives/edgar/data/1100663/000141036825014340/0001410368-25-014340-index.html,2025q4_ncen.zip,0001410368-25-014340,S000065015,iShares Cybersecurity and Tech ETF,Y,Y,series_id,1.0,,True
IHDG,WisdomTree International Hedged Quality Dividend Growth Fund,systematic_or_rules_based,management_style_evidence_1.1,S000043768,index_passive_identified,high,sec_ncen_c3,SEC N-CEN C.3 identifies the series as an index fund,https://www.sec.gov/Archives/edgar/data/1350487/000094040026023461/0000940400-26-023461-index.html,2026q2_ncen.zip,0000940400-26-023461,S000043768,WisdomTree International Hedged Quality Dividend Growth Fund,Y,Y,series_id,1.0,,True
IHE,iShares U.S. Pharmaceutical ETF,not_determined,management_style_evidence_1.1,S000009417,index_passive_identified,high,sec_ncen_c3,SEC N-CEN C.3 identifies the series as an index fund,https://www.sec.gov/Archives/edgar/data/1100663/000100472626004646/0001004726-26-004646-index.html,2026q2_ncen.zip,0001004726-26-004646,S000009417,iShares U.S. Pharmaceuticals ETF,Y,Y,series_id,0.975609756097561,,True
IHF,iShares U.S. Health Care Providers ETF,not_determined,management_style_evidence_1.1,S000009418,index_passive_identified,high,sec_ncen_c3,SEC N-CEN C.3 identifies the series as an index fund,https://www.sec.gov/Archives/edgar/data/1100663/000100472626004646/0001004726-26-004646-index.html,2026q2_ncen.zip,0001004726-26-004646,S000009418,iShares U.S. Healthcare Providers ETF,Y,Y,series_id,1.0,,True
IHI,iShares U.S. Medical Devices ETF,not_determined,management_style_evidence_1.1,S000009419,index_passive_identified,high,sec_ncen_c3,SEC N-CEN C.3 identifies the series as an index fund,https://www.sec.gov/Archives/edgar/data/1100663/000100472626004646/0001004726-26-004646-index.html,2026q2_ncen.zip,0001004726-26-004646,S000009419,iShares U.S. Medical Devices ETF,Y,Y,series_id,1.0,,True
IHY,VanEck International High Yield Bond ETF,not_determined,management_style_evidence_1.1,S000033465,index_passive_identified,high,sec_ncen_c3,SEC N-CEN C.3 identifies the series as an index fund,https://www.sec.gov/Archives/edgar/data/1137360/000141036826024760/0001410368-26-024760-index.html,2026q1_ncen.zip,0001410368-26-024760,S000033465,VanEck International High Yield Bond ETF,Y,Y,series_id,1.0,,True
IIGD,Invesco Investment Grade Defensive ETF,not_determined,management_style_evidence_1.1,S000062197,index_passive_identified,high,sec_ncen_c3,SEC N-CEN C.3 identifies the series as an index fund,https://www.sec.gov/Archives/edgar/data/1657201/000165720125000196/0001657201-25-000196-index.html,2025q4_ncen.zip,0001657201-25-000196,S000062197,Invesco Investment Grade Defensive ETF,Y,Y,series_id,1.0,,True
IJH,iShares Core S&P Mid-Cap ETF,index_passive_identified,management_style_evidence_1.1,S000004307,index_passive_identified,high,sec_ncen_c3,SEC N-CEN C.3 identifies the series as an index fund,https://www.sec.gov/Archives/edgar/data/1100663/000100472626004646/0001004726-26-004646-index.html,2026q2_ncen.zip,0001004726-26-004646,S000004307,iShares Core S&P Mid-Cap ETF,Y,Y,series_id,1.0,,False
IJJ,iShares S&P Mid-Cap 400 Value ETF,systematic_or_rules_based,management_style_evidence_1.1,S000004309,index_passive_identified,high,sec_ncen_c3,SEC N-CEN C.3 identifies the series as an index fund,https://www.sec.gov/Archives/edgar/data/1100663/000100472626004646/0001004726-26-004646-index.html,2026q2_ncen.zip,0001004726-26-004646,S000004309,iShares S&P Mid-Cap 400 Value ETF,Y,Y,series_id,1.0,,True
IJK,iShares S&P Mid-Cap 400 Growth ETF,systematic_or_rules_based,management_style_evidence_1.1,S000004308,index_passive_identified,high,sec_ncen_c3,SEC N-CEN C.3 identifies the series as an index fund,https://www.sec.gov/Archives/edgar/data/1100663/000100472626004646/0001004726-26-004646-index.html,2026q2_ncen.zip,0001004726-26-004646,S000004308,iShares S&P Mid-Cap 400 Growth ETF,Y,Y,series_id,1.0,,True
IJR,iShares Core S&P Small-Cap ETF,index_passive_identified,management_style_evidence_1.1,S000004313,index_passive_identified,high,sec_ncen_c3,SEC N-CEN C.3 identifies the series as an index fund,https://www.sec.gov/Archives/edgar/data/1100663/000100472626004646/0001004726-26-004646-index.html,2026q2_ncen.zip,0001004726-26-004646,S000004313,iShares Core S&P Small-Cap ETF,Y,Y,series_id,1.0,,False
IJS,iShares S&P SmallCap 600 Value ETF,systematic_or_rules_based,management_style_evidence_1.1,S000004316,index_passive_identified,high,sec_ncen_c3,SEC N-CEN C.3 identifies the series as an index fund,https://www.sec.gov/Archives/edgar/data/1100663/000100472626004646/0001004726-26-004646-index.html,2026q2_ncen.zip,0001004726-26-004646,S000004316,iShares S&P Small-Cap 600 Value ETF,Y,Y,series_id,1.0,,True
IJT,iShares S&P SmallCap 600 Growth ETF,systematic_or_rules_based,management_style_evidence_1.1,S000004314,index_passive_identified,high,sec_ncen_c3,SEC N-CEN C.3 identifies the series as an index fund,https://www.sec.gov/Archives/edgar/data/1100663/000100472626004646/0001004726-26-004646-index.html,2026q2_ncen.zip,0001004726-26-004646,S000004314,iShares S&P Small-Cap 600 Growth ETF,Y,Y,series_id,1.0,,True
ILCB,iShares Morningstar Large-Cap ETF,index_passive_identified,management_style_evidence_1.1,,index_passive_identified,high,sec_ncen_c3,SEC N-CEN C.3 identifies the series as an index fund,https://www.sec.gov/Archives/edgar/data/1100663/000175272425166094/0001752724-25-166094-index.html,2025q3_ncen.zip,0001752724-25-166094,S000004367,iShares Morningstar U.S. Equity ETF,Y,Y,ticker,0.6956521739130435,,False
ILCG,iShares Morningstar Large-Cap Growth ETF,systematic_or_rules_based,management_style_evidence_1.1,,index_passive_identified,high,sec_ncen_c3,SEC N-CEN C.3 identifies the series as an index fund,https://www.sec.gov/Archives/edgar/data/1100663/000175272425166094/0001752724-25-166094-index.html,2025q3_ncen.zip,0001752724-25-166094,S000004368,iShares Morningstar Growth ETF,Y,Y,ticker,0.84,,True
ILCV,iShares Morningstar Large-Cap  Value ETF,systematic_or_rules_based,management_style_evidence_1.1,,index_passive_identified,high,sec_ncen_c3,SEC N-CEN C.3 identifies the series as an index fund,https://www.sec.gov/Archives/edgar/data/1100663/000175272425166094/0001752724-25-166094-index.html,2025q3_ncen.zip,0001752724-25-166094,S000004369,iShares Morningstar Value ETF,Y,Y,ticker,0.8333333333333334,,True
ILDR,First Trust Innovation Leaders ETF,not_determined,management_style_evidence_1.1,S000071847,non_index_management_identified,high,sec_ncen_c3,SEC N-CEN C.3 does not identify the series as an index fund; the filing alone does not distinguish discretionary from rules-based management,https://www.sec.gov/Archives/edgar/data/1667919/000094040025005820/0000940400-25-005820-index.html,2025q4_ncen.zip,0000940400-25-005820,S000071847,First Trust Innovation Leaders ETF,Y,,series_id,1.0,,True
ILF,iShares Latin America 40 ETF,not_determined,management_style_evidence_1.1,S000004348,index_passive_identified,high,sec_ncen_c3,SEC N-CEN C.3 identifies the series as an index fund,https://www.sec.gov/Archives/edgar/data/1100663/000100472626004646/0001004726-26-004646-index.html,2026q2_ncen.zip,0001004726-26-004646,S000004348,iShares Latin America 40 ETF,Y,Y,series_id,1.0,,True
ILTB,iShares Core 10  Year USD Bond ETF,not_determined,management_style_evidence_1.1,S000026652,index_passive_identified,high,sec_ncen_c3,SEC N-CEN C.3 identifies the series as an index fund,https://www.sec.gov/Archives/edgar/data/1100663/000141036826044733/0001410368-26-044733-index.html,2026q2_ncen.zip,0001410368-26-044733,S000026652,iShares Core 10+ Year USD Bond ETF,Y,Y,series_id,1.0,,True
IMCB,iShares Morningstar Mid-Cap ETF,index_passive_identified,management_style_evidence_1.1,,index_passive_identified,high,sec_ncen_c3,SEC N-CEN C.3 identifies the series as an index fund,https://www.sec.gov/Archives/edgar/data/1100663/000175272425166094/0001752724-25-166094-index.html,2025q3_ncen.zip,0001752724-25-166094,S000004371,iShares Morningstar Mid-Cap ETF,Y,Y,ticker,1.0,,False
IMCG,iShares Morningstar Mid-Cap Growth ETF,systematic_or_rules_based,management_style_evidence_1.1,,index_passive_identified,high,sec_ncen_c3,SEC N-CEN C.3 identifies the series as an index fund,https://www.sec.gov/Archives/edgar/data/1100663/000175272425166094/0001752724-25-166094-index.html,2025q3_ncen.zip,0001752724-25-166094,S000004430,iShares Morningstar Mid-Cap Growth ETF,Y,Y,ticker,1.0,,True
IMCV,iShares Morningstar Mid-Cap Value ETF,systematic_or_rules_based,management_style_evidence_1.1,,index_passive_identified,high,sec_ncen_c3,SEC N-CEN C.3 identifies the series as an index fund,https://www.sec.gov/Archives/edgar/data/1100663/000175272425166094/0001752724-25-166094-index.html,2025q3_ncen.zip,0001752724-25-166094,S000004432,iShares Morningstar Mid-Cap Value ETF,Y,Y,ticker,1.0,,True
IMFL,Invesco International Developed Dynamic Multifactor ETF,systematic_or_rules_based,management_style_evidence_1.1,S000070974,index_passive_identified,high,sec_ncen_c3,SEC N-CEN C.3 identifies the series as an index fund,https://www.sec.gov/Archives/edgar/data/1657201/000165720125000196/0001657201-25-000196-index.html,2025q4_ncen.zip,0001657201-25-000196,S000070974,Invesco International Developed Dynamic Multifactor ETF,Y,Y,series_id,1.0,,True
IMOM,Alpha Architect International Quantitative Momentum ETF,systematic_or_rules_based,management_style_evidence_1.1,S000046019,active_identified,high,primary_source_override,Issuer states that its quantitative ETFs are actively managed,https://funds.alphaarchitect.com/documents/factsheet_qmom/,,,,,,,manual_ticker_override,,Family prospectus language covers IMOM IVAL QMOM QVAL and VMOT/AAVM.,True
IMTB,iShares Core 5-10 Year USD Bond ETF,not_determined,management_style_evidence_1.1,S000055401,index_passive_identified,high,sec_ncen_c3,SEC N-CEN C.3 identifies the series as an index fund,https://www.sec.gov/Archives/edgar/data/1100663/000141036826044733/0001410368-26-044733-index.html,2026q2_ncen.zip,0001410368-26-044733,S000055401,iShares Core 5-10 Year USD Bond ETF,Y,Y,series_id,1.0,,True
IMTM,iShares MSCI Intl Momentum Factor ETF,systematic_or_rules_based,management_style_evidence_1.1,S000047503,index_passive_identified,high,sec_ncen_c3,SEC N-CEN C.3 identifies the series as an index fund,https://www.sec.gov/Archives/edgar/data/1100663/000141036825014340/0001410368-25-014340-index.html,2025q4_ncen.zip,0001410368-25-014340,S000047503,iShares MSCI Intl Momentum Factor ETF,Y,Y,series_id,1.0,,True
IMVP,Invesco India ETF,not_determined,management_style_evidence_1.1,,index_passive_identified,high,primary_source_override,SEC filing states that the fund seeks to track its designated India index,https://www.sec.gov/Archives/edgar/data/1419139/000119312526062436/d71791d497k.htm,,,,,,,manual_ticker_override,,,True
INCE,Franklin Income Equity Focus ETF,not_determined,management_style_evidence_1.1,,non_index_management_identified,high,sec_ncen_c3,SEC N-CEN C.3 does not identify the series as an index fund; the filing alone does not distinguish discretionary from rules-based management,https://www.sec.gov/Archives/edgar/data/1655589/000094040026023418/0000940400-26-023418-index.html,2026q2_ncen.zip,0000940400-26-023418,S000053774,Franklin Income Equity Focus ETF,Y,,ticker,1.0,,True
INCO,Columbia India Consumer ETF,not_determined,management_style_evidence_1.1,S000032847,index_passive_identified,high,sec_ncen_c3,SEC N-CEN C.3 identifies the series as an index fund,https://www.sec.gov/Archives/edgar/data/1450501/000141036826060043/0001410368-26-060043-index.html,2026q2_ncen.zip,0001410368-26-060043,S000032847,Columbia India Consumer ETF,Y,Y,series_id,1.0,,True
INDA,iShares MSCI India ETF,index_passive_identified,management_style_evidence_1.1,S000034702,index_passive_identified,high,sec_ncen_c3,SEC N-CEN C.3 identifies the series as an index fund,https://www.sec.gov/Archives/edgar/data/1100663/000141036825023225/0001410368-25-023225-index.html,2025q4_ncen.zip,0001410368-25-023225,S000034702,iShares MSCI India ETF,Y,Y,series_id,1.0,,False
INDS,Pacer Industrial Real Estate ETF,not_determined,management_style_evidence_1.1,S000061571,index_passive_identified,high,sec_ncen_c3,SEC N-CEN C.3 identifies the series as an index fund,https://www.sec.gov/Archives/edgar/data/1616668/000114554925046416/0001145549-25-046416-index.html,2025q3_ncen.zip,0001145549-25-046416,S000061571,Pacer Industrial Real Estate ETF,Y,Y,series_id,1.0,,True
INDY,iShares India 50 ETF,not_determined,management_style_evidence_1.1,S000022341,index_passive_identified,high,sec_ncen_c3,SEC N-CEN C.3 identifies the series as an index fund,https://www.sec.gov/Archives/edgar/data/1100663/000100472626004646/0001004726-26-004646-index.html,2026q2_ncen.zip,0001004726-26-004646,S000022341,iShares India 50 ETF,Y,Y,series_id,1.0,,True
INEQ,Columbia International Equity Income ETF,not_determined,management_style_evidence_1.1,,index_passive_identified,high,sec_ncen_c3,SEC N-CEN C.3 identifies the series as an index fund,https://www.sec.gov/Archives/edgar/data/1551950/000119312526008591/0001193125-26-008591-index.html,2026q1_ncen.zip,0001193125-26-008591,S000053878,Columbia International Equity Income ETF,Y,Y,ticker,1.0,,True
INFL,Horizon Kinetics Inflation Beneficiaries ETF,not_determined,management_style_evidence_1.1,S000070458,non_index_management_identified,high,sec_ncen_c3,SEC N-CEN C.3 does not identify the series as an index fund; the filing alone does not distinguish discretionary from rules-based management,https://www.sec.gov/Archives/edgar/data/1683471/000089418926007824/0000894189-26-007824-index.html,2026q1_ncen.zip,0000894189-26-007824,S000070458,Horizon Kinetics Inflation Beneficiaries ETF,Y,,series_id,1.0,,True
INKM,State Street Income Allocation ETF,not_determined,management_style_evidence_1.1,S000033060,non_index_management_identified,high,sec_ncen_c3,SEC N-CEN C.3 does not identify the series as an index fund; the filing alone does not distinguish discretionary from rules-based management,https://www.sec.gov/Archives/edgar/data/1516212/000175272425214851/0001752724-25-214851-index.html,2025q3_ncen.zip,0001752724-25-214851,S000033060,SPDR SSGA Income Allocation ETF,Y,,series_id,0.7368421052631579,,True
INMU,iShares Intermediate Muni Income Active ETF,active_identified,management_style_evidence_1.1,,active_identified,medium,sec_ncen_c3,SEC N-CEN C.3 does not identify the series as an index fund; classification refined by transparent product-name evidence (strategy_name_identifies_active_management),https://www.sec.gov/Archives/edgar/data/1804196/000141036826027058/0001410368-26-027058-index.html,2026q1_ncen.zip,0001410368-26-027058,S000070976,iShares Intermediate Muni Income Active ETF,Y,,ticker,1.0,,False
INTF,iShares International Equity Factor ETF,systematic_or_rules_based,management_style_evidence_1.1,S000049024,index_passive_identified,high,sec_ncen_c3,SEC N-CEN C.3 identifies the series as an index fund,https://www.sec.gov/Archives/edgar/data/1100663/000141036825014340/0001410368-25-014340-index.html,2025q4_ncen.zip,0001410368-25-014340,S000049024,iShares International Equity Factor ETF,Y,Y,series_id,1.0,,True
IOO,iShares Global 100 ETF,not_determined,management_style_evidence_1.1,S000004326,index_passive_identified,high,sec_ncen_c3,SEC N-CEN C.3 identifies the series as an index fund,https://www.sec.gov/Archives/edgar/data/1100663/000100472626004646/0001004726-26-004646-index.html,2026q2_ncen.zip,0001004726-26-004646,S000004326,iShares Global 100 ETF,Y,Y,series_id,1.0,,True
IPAC,iShares Core MSCI Pacific ETF,index_passive_identified,management_style_evidence_1.1,S000045103,index_passive_identified,high,sec_ncen_c3,SEC N-CEN C.3 identifies the series as an index fund,https://www.sec.gov/Archives/edgar/data/1100663/000141036825014340/0001410368-25-014340-index.html,2025q4_ncen.zip,0001410368-25-014340,S000045103,iShares Core MSCI Pacific ETF,Y,Y,series_id,1.0,,False
IPAY,Amplify Digital Payments ETF,not_determined,management_style_evidence_1.1,,index_passive_identified,high,sec_ncen_c3,SEC N-CEN C.3 identifies the series as an index fund,https://www.sec.gov/Archives/edgar/data/1633061/000114554924078539/0001145549-24-078539-index.html,2024q4_ncen.zip,0001145549-24-078539,S000082268,Amplify Mobile Payments ETF,Y,Y,ticker,0.8163265306122449,,True
IPB,"Merrill Lynch & Co., Inc. 6.0518% Index Plus Trust Certificates Series 2003-1",index_passive_identified,management_style_evidence_1.1,,not_applicable_security,high,primary_source_override,SEC exchange-product record identifies a Merrill Lynch Index Plus trust certificate rather than an ETF portfolio,https://www.sec.gov/Archives/edgar/vprr/1601/16019238.pdf,,,,,,,manual_ticker_override,,Structured trust certificate: ETF management-style taxonomy is not applicable.,True
IPKW,Invesco International BuyBack Achievers ETF,not_determined,management_style_evidence_1.1,S000043789,index_passive_identified,high,sec_ncen_c3,SEC N-CEN C.3 identifies the series as an index fund,https://www.sec.gov/Archives/edgar/data/1378872/000137887226000052/0001378872-26-000052-index.html,2026q1_ncen.zip,0001378872-26-000052,S000043789,Invesco International BuyBack Achievers ETF,Y,Y,series_id,1.0,,True
IPO,Renaissance IPO ETF,not_determined,management_style_evidence_1.1,,index_passive_identified,high,sec_ncen_c3,SEC N-CEN C.3 identifies the series as an index fund,https://www.sec.gov/Archives/edgar/data/1026634/000141036825034175/0001410368-25-034175-index.html,2025q4_ncen.zip,0001410368-25-034175,S000041784,Renaissance IPO ETF,Y,Y,ticker,1.0,,True
IPOS,Renaissance Capital Greenwich Fund,not_determined,management_style_evidence_1.1,S000046875,index_passive_identified,high,sec_ncen_c3,SEC N-CEN C.3 identifies the series as an index fund,https://www.sec.gov/Archives/edgar/data/1026634/000141036825034175/0001410368-25-034175-index.html,2025q4_ncen.zip,0001410368-25-034175,S000046875,Renaissance International IPO ETF,Y,Y,series_id,0.5573770491803278,,True
IQDF,Northern Trust International Quality Dividend ETF,systematic_or_rules_based,management_style_evidence_1.1,S000038876,index_passive_identified,high,sec_ncen_c3,SEC N-CEN C.3 identifies the series as an index fund,https://www.sec.gov/Archives/edgar/data/1491978/000207169126000168/0002071691-26-000168-index.html,2026q1_ncen.zip,0002071691-26-000168,S000038876,FlexShares International Quality Dividend Index Fund,Y,Y,series_id,0.75,,True
IQDG,WisdomTree International Quality Dividend Growth Fund,systematic_or_rules_based,management_style_evidence_1.1,S000052973,index_passive_identified,high,sec_ncen_c3,SEC N-CEN C.3 identifies the series as an index fund,https://www.sec.gov/Archives/edgar/data/1350487/000094040026023461/0000940400-26-023461-index.html,2026q2_ncen.zip,0000940400-26-023461,S000052973,WisdomTree International Quality Dividend Growth Fund,Y,Y,series_id,1.0,,True
IQDY,Northern Trust International Quality Dividend Dynamic ETF,systematic_or_rules_based,management_style_evidence_1.1,S000038877,index_passive_identified,high,sec_ncen_c3,SEC N-CEN C.3 identifies the series as an index fund,https://www.sec.gov/Archives/edgar/data/1491978/000207169126000168/0002071691-26-000168-index.html,2026q1_ncen.zip,0002071691-26-000168,S000038877,FlexShares International Quality Dividend Dynamic Index Fund,Y,Y,series_id,0.7872340425531915,,True
IQLT,iShares MSCI Intl Quality Factor ETF,systematic_or_rules_based,management_style_evidence_1.1,S000047504,index_passive_identified,high,sec_ncen_c3,SEC N-CEN C.3 identifies the series as an index fund,https://www.sec.gov/Archives/edgar/data/1100663/000141036825014340/0001410368-25-014340-index.html,2025q4_ncen.zip,0001410368-25-014340,S000047504,iShares MSCI Intl Quality Factor ETF,Y,Y,series_id,1.0,,True
IQM,Franklin Intelligent Machines ETF,not_determined,management_style_evidence_1.1,S000067394,non_index_management_identified,high,sec_ncen_c3,SEC N-CEN C.3 does not identify the series as an index fund; the filing alone does not distinguish discretionary from rules-based management,https://www.sec.gov/Archives/edgar/data/1655589/000094040026023418/0000940400-26-023418-index.html,2026q2_ncen.zip,0000940400-26-023418,S000067394,Franklin Intelligent Machines ETF,Y,,series_id,1.0,,True
IQSI,NYLIM Candriam International Equity ETF,not_determined,management_style_evidence_1.1,,index_passive_identified,high,sec_ncen_c3,SEC N-CEN C.3 identifies the series as an index fund,https://www.sec.gov/Archives/edgar/data/1415995/000175272425165942/0001752724-25-165942-index.html,2025q3_ncen.zip,0001752724-25-165942,S000054231,NYLI Candriam International Equity ETF,Y,Y,ticker,0.9855072463768116,,True
IQSU,NYLIM Candriam U.S. Large Cap Equity ETF,not_determined,management_style_evidence_1.1,,index_passive_identified,high,sec_ncen_c3,SEC N-CEN C.3 identifies the series as an index fund,https://www.sec.gov/Archives/edgar/data/1415995/000175272425165942/0001752724-25-165942-index.html,2025q3_ncen.zip,0001752724-25-165942,S000054232,NYLI Candriam U.S. Large Cap Equity ETF,Y,Y,ticker,0.9841269841269841,,True
IRBO,iShares Robotics and Artificial Intelligence ETF,not_determined,management_style_evidence_1.1,S000062201,index_passive_identified,high,sec_ncen_c3,SEC N-CEN C.3 identifies the series as an index fund,https://www.sec.gov/Archives/edgar/data/1100663/000175272424227624/0001752724-24-227624-index.html,2024q4_ncen.zip,0001752724-24-227624,S000062201,iShares Robotics and Artificial Intelligence Multisector ETF,Y,Y,series_id,0.8705882352941177,,True
ISAPF,iShares Public Limited Company - iShares Core MSCI EM IMI UCITS ETF,index_passive_identified,management_style_evidence_1.1,,index_passive_identified,high,primary_source_override,Issuer states that the UCITS fund tracks the MSCI Emerging Markets Investable Market Index,https://www.ishares.com/uk/individual/en/products/295689/ishares-core-msci-em-imi-ucits-etf,,,,,,,manual_ticker_override,,Foreign OTC ticker for a UCITS share class; management classification follows the legal fund.,False
ISCB,iShares Morningstar Small-Cap ETF,index_passive_identified,management_style_evidence_1.1,,index_passive_identified,high,sec_ncen_c3,SEC N-CEN C.3 identifies the series as an index fund,https://www.sec.gov/Archives/edgar/data/1100663/000175272425166094/0001752724-25-166094-index.html,2025q3_ncen.zip,0001752724-25-166094,S000004433,iShares Morningstar Small-Cap ETF,Y,Y,ticker,1.0,,False
ISCF,iShares International Small-Cap Equity Factor ETF,systematic_or_rules_based,management_style_evidence_1.1,S000049025,index_passive_identified,high,sec_ncen_c3,SEC N-CEN C.3 identifies the series as an index fund,https://www.sec.gov/Archives/edgar/data/1100663/000141036825014340/0001410368-25-014340-index.html,2025q4_ncen.zip,0001410368-25-014340,S000049025,iShares International Small-Cap Equity Factor ETF,Y,Y,series_id,1.0,,True
ISCG,iShares Morningstar Small-Cap Growth ETF,systematic_or_rules_based,management_style_evidence_1.1,,index_passive_identified,high,sec_ncen_c3,SEC N-CEN C.3 identifies the series as an index fund,https://www.sec.gov/Archives/edgar/data/1100663/000175272425166094/0001752724-25-166094-index.html,2025q3_ncen.zip,0001752724-25-166094,S000004434,iShares Morningstar Small-Cap Growth ETF,Y,Y,ticker,1.0,,True
ISCV,iShares Morningstar Small-Cap Value ETF,systematic_or_rules_based,management_style_evidence_1.1,,index_passive_identified,high,sec_ncen_c3,SEC N-CEN C.3 identifies the series as an index fund,https://www.sec.gov/Archives/edgar/data/1100663/000175272425166094/0001752724-25-166094-index.html,2025q3_ncen.zip,0001752724-25-166094,S000004435,iShares Morningstar Small-Cap Value ETF,Y,Y,ticker,1.0,,True
ISELF,IShares Trust - Electric Vehicle Driving Technology UCITS Fund,not_determined,management_style_evidence_1.1,,index_passive_identified,high,primary_source_override,Issuer states that the UCITS fund tracks the STOXX Global Electric Vehicles and Driving Technology Index,https://www.ishares.com/uk/individual/en/products/307130/ishares-electric-vehicles-and-driving-technology-ucits-etf,,,,,,,manual_ticker_override,,,True
ISHBF,iShares IV Public Limited Company - iShares $ Treasury Bond 20+yr UCITS ETF,not_determined,management_style_evidence_1.1,,index_passive_identified,high,primary_source_override,Issuer states that the UCITS fund tracks an index of US Treasury bonds with 20-plus-year maturities,https://www.ishares.com/uk/individual/en/products/297191/ishares-treasury-bond-20%2Byr-ucits-etf-usd-acc-fund/1000,,,,,,,manual_ticker_override,,,True
ISHG,iShares 1-3 Year International Treasury Bond ETF,not_determined,management_style_evidence_1.1,S000023615,index_passive_identified,high,sec_ncen_c3,SEC N-CEN C.3 identifies the series as an index fund,https://www.sec.gov/Archives/edgar/data/1100663/000141036826001031/0001410368-26-001031-index.html,2026q1_ncen.zip,0001410368-26-001031,S000023615,iShares 1-3 Year International Treasury Bond ETF,Y,Y,series_id,1.0,,True
ISHP,First Trust S-Network E-Commerce ETF,not_determined,management_style_evidence_1.1,,index_passive_identified,high,sec_ncen_c3,SEC N-CEN C.3 identifies the series as an index fund,https://www.sec.gov/Archives/edgar/data/1552740/000094040026023374/0000940400-26-023374-index.html,2026q2_ncen.zip,0000940400-26-023374,S000053946,First Trust S-Network E-Commerce ETF,Y,Y,ticker,1.0,,True
ISMD,Inspire Small/Mid Cap ETF,not_determined,management_style_evidence_1.1,S000056118,index_passive_identified,high,sec_ncen_c3,SEC N-CEN C.3 identifies the series as an index fund,https://www.sec.gov/Archives/edgar/data/1644419/000091047226001324/0000910472-26-001324-index.html,2026q1_ncen.zip,0000910472-26-001324,S000056118,Inspire Small/Mid Cap ETF,Y,Y,series_id,1.0,,True
ISRA,VanEck Israel ETF,not_determined,management_style_evidence_1.1,,index_passive_identified,high,sec_ncen_c3,SEC N-CEN C.3 identifies the series as an index fund,https://www.sec.gov/Archives/edgar/data/1137360/000141036826024760/0001410368-26-024760-index.html,2026q1_ncen.zip,0001410368-26-024760,S000041167,VanEck Israel ETF,Y,Y,ticker,1.0,,True
ISTB,iShares Core 1-5 Year USD Bond ETF,not_determined,management_style_evidence_1.1,S000038926,index_passive_identified,high,sec_ncen_c3,SEC N-CEN C.3 identifies the series as an index fund,https://www.sec.gov/Archives/edgar/data/1100663/000141036826001031/0001410368-26-001031-index.html,2026q1_ncen.zip,0001410368-26-001031,S000038926,iShares Core 1-5 Year USD Bond ETF,Y,Y,series_id,1.0,,True
ISTXF,iShares Public Limited Company - iShares $ Treasury Bond 1-3yr UCITS ETF,not_determined,management_style_evidence_1.1,,index_passive_identified,high,primary_source_override,Issuer states that the UCITS fund tracks an index of one-to-three-year US Treasury bonds,https://www.ishares.com/uk/individual/en/products/287340/ishares-treasury-bond-1-3yr-ucits-etf,,,,,,,manual_ticker_override,,,True
ISVL,iShares International Developed Small Cap Value Factor ETF,systematic_or_rules_based,management_style_evidence_1.1,S000070653,index_passive_identified,high,sec_ncen_c3,SEC N-CEN C.3 identifies the series as an index fund,https://www.sec.gov/Archives/edgar/data/1100663/000100472626004646/0001004726-26-004646-index.html,2026q2_ncen.zip,0001004726-26-004646,S000070653,iShares International Developed Small Cap Value Factor ETF,Y,Y,series_id,1.0,,True
ISWN,Amplify BlackSwan ISWN ETF,not_determined,management_style_evidence_1.1,S000069679,index_passive_identified,high,sec_ncen_c3,SEC N-CEN C.3 identifies the series as an index fund,https://www.sec.gov/Archives/edgar/data/1633061/000114554924078539/0001145549-24-078539-index.html,2024q4_ncen.zip,0001145549-24-078539,S000069679,Amplify BlackSwan ISWN ETF,Y,Y,series_id,1.0,,True
ITA,iShares U.S. Aerospace & Defense ETF,not_determined,management_style_evidence_1.1,S000009423,index_passive_identified,high,sec_ncen_c3,SEC N-CEN C.3 identifies the series as an index fund,https://www.sec.gov/Archives/edgar/data/1100663/000100472626004646/0001004726-26-004646-index.html,2026q2_ncen.zip,0001004726-26-004646,S000009423,iShares U.S. Aerospace & Defense ETF,Y,Y,series_id,1.0,,True
ITAN,Sparkline Intangible Value ETF,systematic_or_rules_based,management_style_evidence_1.1,S000072323,active_identified,high,primary_source_override,Issuer states that ITAN is actively managed,https://etf.sparklinecapital.com/itan/,,,,,,,manual_ticker_override,,,True
ITB,iShares U.S. Home Construction ETF,not_determined,management_style_evidence_1.1,S000009415,index_passive_identified,high,sec_ncen_c3,SEC N-CEN C.3 identifies the series as an index fund,https://www.sec.gov/Archives/edgar/data/1100663/000100472626004646/0001004726-26-004646-index.html,2026q2_ncen.zip,0001004726-26-004646,S000009415,iShares U.S. Home Construction ETF,Y,Y,series_id,1.0,,True
ITEQ,Amplify BlueStar Israel Technology ETF,not_determined,management_style_evidence_1.1,S000051284,index_passive_identified,high,sec_ncen_c3,SEC N-CEN C.3 identifies the series as an index fund,https://www.sec.gov/Archives/edgar/data/1633061/000114554924078539/0001145549-24-078539-index.html,2024q4_ncen.zip,0001145549-24-078539,S000082274,Amplify BlueStar Israel Technology ETF,Y,Y,ticker,1.0,,True
ITM,VanEck Intermediate Muni ETF,not_determined,management_style_evidence_1.1,S000019190,index_passive_identified,high,sec_ncen_c3,SEC N-CEN C.3 identifies the series as an index fund,https://www.sec.gov/Archives/edgar/data/1137360/000175272425165267/0001752724-25-165267-index.html,2025q3_ncen.zip,0001752724-25-165267,S000019190,VanEck Intermediate Muni ETF,Y,Y,series_id,1.0,,True
ITOT,iShares Core S&P Total U.S. Stock Market ETF,index_passive_identified,management_style_evidence_1.1,S000004317,index_passive_identified,high,sec_ncen_c3,SEC N-CEN C.3 identifies the series as an index fund,https://www.sec.gov/Archives/edgar/data/1100663/000100472626004646/0001004726-26-004646-index.html,2026q2_ncen.zip,0001004726-26-004646,S000004317,iShares Core S&P Total U.S. Stock Market ETF,Y,Y,series_id,1.0,,False
IUS,Invesco RAFI Strategic US ETF,not_determined,management_style_evidence_1.1,S000062831,index_passive_identified,high,sec_ncen_c3,SEC N-CEN C.3 identifies the series as an index fund,https://www.sec.gov/Archives/edgar/data/1657201/000165720125000196/0001657201-25-000196-index.html,2025q4_ncen.zip,0001657201-25-000196,S000062831,Invesco RAFI Strategic US ETF,Y,Y,series_id,1.0,,True
IUSB,iShares Core Universal USD Bond ETF,not_determined,management_style_evidence_1.1,S000045644,index_passive_identified,high,sec_ncen_c3,SEC N-CEN C.3 identifies the series as an index fund,https://www.sec.gov/Archives/edgar/data/1100663/000141036826001031/0001410368-26-001031-index.html,2026q1_ncen.zip,0001410368-26-001031,S000045644,iShares Core Universal USD Bond ETF,Y,Y,series_id,1.0,,True
IUSG,iShares Core S&P U.S. Growth ETF,systematic_or_rules_based,management_style_evidence_1.1,,index_passive_identified,high,sec_ncen_c3,SEC N-CEN C.3 identifies the series as an index fund,https://www.sec.gov/Archives/edgar/data/1100663/000100472626004646/0001004726-26-004646-index.html,2026q2_ncen.zip,0001004726-26-004646,S000004340,iShares Core S&P U.S. Growth ETF,Y,Y,ticker,1.0,,True
IUSV,iShares Core S&P U.S. Value ETF,systematic_or_rules_based,management_style_evidence_1.1,,index_passive_identified,high,sec_ncen_c3,SEC N-CEN C.3 identifies the series as an index fund,https://www.sec.gov/Archives/edgar/data/1100663/000100472626004646/0001004726-26-004646-index.html,2026q2_ncen.zip,0001004726-26-004646,S000004339,iShares Core S&P U.S. Value ETF,Y,Y,ticker,1.0,,True
IVAL,Alpha Architect International Quantitative Value ETF,systematic_or_rules_based,management_style_evidence_1.1,S000046017,active_identified,high,primary_source_override,Issuer states that its quantitative ETFs are actively managed,https://funds.alphaarchitect.com/documents/factsheet_qmom/,,,,,,,manual_ticker_override,,Family prospectus language covers IMOM IVAL QMOM QVAL and VMOT/AAVM.,True
IVE,iShares S&P 500 Value ETF,systematic_or_rules_based,management_style_evidence_1.1,S000004312,index_passive_identified,high,sec_ncen_c3,SEC N-CEN C.3 identifies the series as an index fund,https://www.sec.gov/Archives/edgar/data/1100663/000100472626004646/0001004726-26-004646-index.html,2026q2_ncen.zip,0001004726-26-004646,S000004312,iShares S&P 500 Value ETF,Y,Y,series_id,1.0,,True
IVLU,iShares MSCI Intl Value Factor ETF,systematic_or_rules_based,management_style_evidence_1.1,S000049573,index_passive_identified,high,sec_ncen_c3,SEC N-CEN C.3 identifies the series as an index fund,https://www.sec.gov/Archives/edgar/data/1100663/000141036825014340/0001410368-25-014340-index.html,2025q4_ncen.zip,0001410368-25-014340,S000049573,iShares MSCI Intl Value Factor ETF,Y,Y,series_id,1.0,,True
IVOG,Vanguard S&P Mid-Cap 400 Growth ETF,systematic_or_rules_based,management_style_evidence_1.1,S000030016,index_passive_identified,high,sec_ncen_c3,SEC N-CEN C.3 identifies the series as an index fund,https://www.sec.gov/Archives/edgar/data/891190/000089119025000112/0000891190-25-000112-index.html,2025q4_ncen.zip,0000891190-25-000112,S000030016,VANGUARD S&P MID-CAP 400 GROWTH INDEX FUND,Y,Y,series_id,0.9122807017543859,,True
IVOL,Quadratic Interest Rate Volatility and Inflation Hedge ETF,not_determined,management_style_evidence_1.1,S000065362,non_index_management_identified,high,sec_ncen_c3,SEC N-CEN C.3 does not identify the series as an index fund; the filing alone does not distinguish discretionary from rules-based management,https://www.sec.gov/Archives/edgar/data/1547576/000204825126004798/0002048251-26-004798-index.html,2026q2_ncen.zip,0002048251-26-004798,S000065362,Quadratic Interest Rate Volatility and Inflation Hedge ETF,Y,,series_id,1.0,,True
IVOO,Vanguard S&P Mid-Cap 400 ETF,index_passive_identified,management_style_evidence_1.1,S000030014,index_passive_identified,high,sec_ncen_c3,SEC N-CEN C.3 identifies the series as an index fund,https://www.sec.gov/Archives/edgar/data/891190/000089119025000112/0000891190-25-000112-index.html,2025q4_ncen.zip,0000891190-25-000112,S000030014,VANGUARD S&P MID-CAP 400 INDEX FUND,Y,Y,series_id,0.8888888888888888,,False
IVOV,Vanguard S&P Mid-Cap 400 Value ETF,systematic_or_rules_based,management_style_evidence_1.1,S000030015,index_passive_identified,high,sec_ncen_c3,SEC N-CEN C.3 identifies the series as an index fund,https://www.sec.gov/Archives/edgar/data/891190/000089119025000112/0000891190-25-000112-index.html,2025q4_ncen.zip,0000891190-25-000112,S000030015,VANGUARD S&P MID-CAP 400 VALUE INDEX FUND,Y,Y,series_id,0.9090909090909091,,True
IVV,iShares Core S&P 500 ETF,index_passive_identified,management_style_evidence_1.1,S000004310,index_passive_identified,high,sec_ncen_c3,SEC N-CEN C.3 identifies the series as an index fund,https://www.sec.gov/Archives/edgar/data/1100663/000100472626004646/0001004726-26-004646-index.html,2026q2_ncen.zip,0001004726-26-004646,S000004310,iShares Core S&P 500 ETF,Y,Y,series_id,1.0,,False
IVVPF,iShares VII Public Limited Company - iShares Core EURO STOXX 50 UCITS ETF,index_passive_identified,management_style_evidence_1.1,,index_passive_identified,high,primary_source_override,Issuer key information document identifies the EURO STOXX 50 index mandate,https://www.ishares.com/uk/professional/en/literature/kiid/ucits_kiid-ishares-core-euro-stoxx-50-ucits-etf-eur-acc-gb-ie00b53l3w79-en.pdf,,,,,,,manual_ticker_override,,Foreign OTC ticker for a UCITS share class; management classification follows the legal fund.,False
IVW,iShares S&P 500 Growth ETF,systematic_or_rules_based,management_style_evidence_1.1,S000004311,index_passive_identified,high,sec_ncen_c3,SEC N-CEN C.3 identifies the series as an index fund,https://www.sec.gov/Archives/edgar/data/1100663/000100472626004646/0001004726-26-004646-index.html,2026q2_ncen.zip,0001004726-26-004646,S000004311,iShares S&P 500 Growth ETF,Y,Y,series_id,1.0,,True
IWB,iShares Russell 1000 ETF,index_passive_identified,management_style_evidence_1.1,S000004347,index_passive_identified,high,sec_ncen_c3,SEC N-CEN C.3 identifies the series as an index fund,https://www.sec.gov/Archives/edgar/data/1100663/000100472626004646/0001004726-26-004646-index.html,2026q2_ncen.zip,0001004726-26-004646,S000004347,iShares Russell 1000 ETF,Y,Y,series_id,1.0,,False
IWC,iShares Microcap ETF,not_determined,management_style_evidence_1.1,S000004439,index_passive_identified,high,sec_ncen_c3,SEC N-CEN C.3 identifies the series as an index fund,https://www.sec.gov/Archives/edgar/data/1100663/000100472626004646/0001004726-26-004646-index.html,2026q2_ncen.zip,0001004726-26-004646,S000004439,iShares Micro-Cap ETF,Y,Y,series_id,1.0,,True
IWD,iShares Russell 1000 Value ETF,systematic_or_rules_based,management_style_evidence_1.1,S000004345,index_passive_identified,high,sec_ncen_c3,SEC N-CEN C.3 identifies the series as an index fund,https://www.sec.gov/Archives/edgar/data/1100663/000100472626004646/0001004726-26-004646-index.html,2026q2_ncen.zip,0001004726-26-004646,S000004345,iShares Russell 1000 Value ETF,Y,Y,series_id,1.0,,True
IWF,iShares Russell 1000 Growth Fund,systematic_or_rules_based,management_style_evidence_1.1,S000004346,index_passive_identified,high,sec_ncen_c3,SEC N-CEN C.3 identifies the series as an index fund,https://www.sec.gov/Archives/edgar/data/1100663/000100472626004646/0001004726-26-004646-index.html,2026q2_ncen.zip,0001004726-26-004646,S000004346,iShares Russell 1000 Growth ETF,Y,Y,series_id,0.8837209302325582,,True
IWL,iShares Russell Top 200 ETF,index_passive_identified,management_style_evidence_1.1,S000026553,index_passive_identified,high,sec_ncen_c3,SEC N-CEN C.3 identifies the series as an index fund,https://www.sec.gov/Archives/edgar/data/1100663/000100472626004646/0001004726-26-004646-index.html,2026q2_ncen.zip,0001004726-26-004646,S000026553,iShares Russell Top 200 ETF,Y,Y,series_id,1.0,,False
IWM,iShares Russell 2000 Index Fund,index_passive_identified,management_style_evidence_1.1,S000004344,index_passive_identified,high,sec_ncen_c3,SEC N-CEN C.3 identifies the series as an index fund,https://www.sec.gov/Archives/edgar/data/1100663/000100472626004646/0001004726-26-004646-index.html,2026q2_ncen.zip,0001004726-26-004646,S000004344,iShares Russell 2000 ETF,Y,Y,series_id,0.8387096774193549,,False
IWN,iShares Russell 2000 Value ETF,systematic_or_rules_based,management_style_evidence_1.1,S000004342,index_passive_identified,high,sec_ncen_c3,SEC N-CEN C.3 identifies the series as an index fund,https://www.sec.gov/Archives/edgar/data/1100663/000100472626004646/0001004726-26-004646-index.html,2026q2_ncen.zip,0001004726-26-004646,S000004342,iShares Russell 2000 Value ETF,Y,Y,series_id,1.0,,True
IWO,iShares Russell 2000 Growth Fund,systematic_or_rules_based,management_style_evidence_1.1,S000004343,index_passive_identified,high,sec_ncen_c3,SEC N-CEN C.3 identifies the series as an index fund,https://www.sec.gov/Archives/edgar/data/1100663/000100472626004646/0001004726-26-004646-index.html,2026q2_ncen.zip,0001004726-26-004646,S000004343,iShares Russell 2000 Growth ETF,Y,Y,series_id,0.8837209302325582,,True
IWP,iShares Russell Midcap Growth ETF,systematic_or_rules_based,management_style_evidence_1.1,S000004336,index_passive_identified,high,sec_ncen_c3,SEC N-CEN C.3 identifies the series as an index fund,https://www.sec.gov/Archives/edgar/data/1100663/000100472626004646/0001004726-26-004646-index.html,2026q2_ncen.zip,0001004726-26-004646,S000004336,iShares Russell Mid-Cap Growth ETF,Y,Y,series_id,1.0,,True
IWR,iShares Russell Mid-Cap ETF,index_passive_identified,management_style_evidence_1.1,S000004338,index_passive_identified,high,sec_ncen_c3,SEC N-CEN C.3 identifies the series as an index fund,https://www.sec.gov/Archives/edgar/data/1100663/000100472626004646/0001004726-26-004646-index.html,2026q2_ncen.zip,0001004726-26-004646,S000004338,iShares Russell Mid-Cap ETF,Y,Y,series_id,1.0,,False
IWS,iShares Russell Mid-Cap Value ETF,systematic_or_rules_based,management_style_evidence_1.1,S000004335,index_passive_identified,high,sec_ncen_c3,SEC N-CEN C.3 identifies the series as an index fund,https://www.sec.gov/Archives/edgar/data/1100663/000100472626004646/0001004726-26-004646-index.html,2026q2_ncen.zip,0001004726-26-004646,S000004335,iShares Russell Mid-Cap Value ETF,Y,Y,series_id,1.0,,True
IWV,iShares Russell 3000 Fund,index_passive_identified,management_style_evidence_1.1,S000004341,index_passive_identified,high,sec_ncen_c3,SEC N-CEN C.3 identifies the series as an index fund,https://www.sec.gov/Archives/edgar/data/1100663/000100472626004646/0001004726-26-004646-index.html,2026q2_ncen.zip,0001004726-26-004646,S000004341,iShares Russell 3000 ETF,Y,Y,series_id,0.8387096774193549,,False
IWX,iShares Russell Top 200 Value ETF,systematic_or_rules_based,management_style_evidence_1.1,S000026554,index_passive_identified,high,sec_ncen_c3,SEC N-CEN C.3 identifies the series as an index fund,https://www.sec.gov/Archives/edgar/data/1100663/000100472626004646/0001004726-26-004646-index.html,2026q2_ncen.zip,0001004726-26-004646,S000026554,iShares Russell Top 200 Value ETF,Y,Y,series_id,1.0,,True
IWY,iShares Russell Top 200 Growth ETF,systematic_or_rules_based,management_style_evidence_1.1,S000026552,index_passive_identified,high,sec_ncen_c3,SEC N-CEN C.3 identifies the series as an index fund,https://www.sec.gov/Archives/edgar/data/1100663/000100472626004646/0001004726-26-004646-index.html,2026q2_ncen.zip,0001004726-26-004646,S000026552,iShares Russell Top 200 Growth ETF,Y,Y,series_id,1.0,,True
IXC,iShares Global Energy ETF,not_determined,management_style_evidence_1.1,S000004359,index_passive_identified,high,sec_ncen_c3,SEC N-CEN C.3 identifies the series as an index fund,https://www.sec.gov/Archives/edgar/data/1100663/000100472626004646/0001004726-26-004646-index.html,2026q2_ncen.zip,0001004726-26-004646,S000004359,iShares Global Energy ETF,Y,Y,series_id,1.0,,True
IXG,iShares Global Financial ETF,not_determined,management_style_evidence_1.1,S000004370,index_passive_identified,high,sec_ncen_c3,SEC N-CEN C.3 identifies the series as an index fund,https://www.sec.gov/Archives/edgar/data/1100663/000100472626004646/0001004726-26-004646-index.html,2026q2_ncen.zip,0001004726-26-004646,S000004370,iShares Global Financials ETF,Y,Y,series_id,0.9743589743589743,,True
IXJ,iShares Global Healthcare ETF,not_determined,management_style_evidence_1.1,S000004372,index_passive_identified,high,sec_ncen_c3,SEC N-CEN C.3 identifies the series as an index fund,https://www.sec.gov/Archives/edgar/data/1100663/000100472626004646/0001004726-26-004646-index.html,2026q2_ncen.zip,0001004726-26-004646,S000004372,iShares Global Healthcare ETF,Y,Y,series_id,1.0,,True
IXN,iShares Global Tech ETF,not_determined,management_style_evidence_1.1,S000004305,index_passive_identified,high,sec_ncen_c3,SEC N-CEN C.3 identifies the series as an index fund,https://www.sec.gov/Archives/edgar/data/1100663/000100472626004646/0001004726-26-004646-index.html,2026q2_ncen.zip,0001004726-26-004646,S000004305,iShares Global Tech ETF,Y,Y,series_id,1.0,,True
IXP,iShares Global Comm Services ETF,not_determined,management_style_evidence_1.1,S000004373,index_passive_identified,high,sec_ncen_c3,SEC N-CEN C.3 identifies the series as an index fund,https://www.sec.gov/Archives/edgar/data/1100663/000100472626004646/0001004726-26-004646-index.html,2026q2_ncen.zip,0001004726-26-004646,S000004373,iShares Global Comm Services ETF,Y,Y,series_id,1.0,,True
IXUS,iShares Core MSCI Total International Stock ETF,index_passive_identified,management_style_evidence_1.1,S000038931,index_passive_identified,high,sec_ncen_c3,SEC N-CEN C.3 identifies the series as an index fund,https://www.sec.gov/Archives/edgar/data/1100663/000141036825014340/0001410368-25-014340-index.html,2025q4_ncen.zip,0001410368-25-014340,S000038931,iShares Core MSCI Total International Stock ETF,Y,Y,series_id,1.0,,False
IYC,iShares U.S. Consumer Discretionary ETF,not_determined,management_style_evidence_1.1,S000004320,index_passive_identified,high,sec_ncen_c3,SEC N-CEN C.3 identifies the series as an index fund,https://www.sec.gov/Archives/edgar/data/1100663/000175272425166094/0001752724-25-166094-index.html,2025q3_ncen.zip,0001752724-25-166094,S000004320,iShares U.S. Consumer Discretionary ETF,Y,Y,series_id,1.0,,True
IYE,iShares U.S. Energy ETF,not_determined,management_style_evidence_1.1,S000004321,index_passive_identified,high,sec_ncen_c3,SEC N-CEN C.3 identifies the series as an index fund,https://www.sec.gov/Archives/edgar/data/1100663/000175272425166094/0001752724-25-166094-index.html,2025q3_ncen.zip,0001752724-25-166094,S000004321,iShares U.S. Energy ETF,Y,Y,series_id,1.0,,True
IYF,iShares U.S. Financial ETF,not_determined,management_style_evidence_1.1,S000004323,index_passive_identified,high,sec_ncen_c3,SEC N-CEN C.3 identifies the series as an index fund,https://www.sec.gov/Archives/edgar/data/1100663/000175272425166094/0001752724-25-166094-index.html,2025q3_ncen.zip,0001752724-25-166094,S000004323,iShares U.S. Financials ETF,Y,Y,series_id,0.967741935483871,,True
IYG,iShares U.S. Financial Services ETF,not_determined,management_style_evidence_1.1,S000004322,index_passive_identified,high,sec_ncen_c3,SEC N-CEN C.3 identifies the series as an index fund,https://www.sec.gov/Archives/edgar/data/1100663/000175272425166094/0001752724-25-166094-index.html,2025q3_ncen.zip,0001752724-25-166094,S000004322,iShares U.S. Financial Services ETF,Y,Y,series_id,1.0,,True
IYH,iShares U.S. Healthcare ETF,not_determined,management_style_evidence_1.1,S000004324,index_passive_identified,high,sec_ncen_c3,SEC N-CEN C.3 identifies the series as an index fund,https://www.sec.gov/Archives/edgar/data/1100663/000175272425166094/0001752724-25-166094-index.html,2025q3_ncen.zip,0001752724-25-166094,S000004324,iShares U.S. Healthcare ETF,Y,Y,series_id,1.0,,True
IYJ,iShares U.S. Industrials ETF,not_determined,management_style_evidence_1.1,S000004325,index_passive_identified,high,sec_ncen_c3,SEC N-CEN C.3 identifies the series as an index fund,https://www.sec.gov/Archives/edgar/data/1100663/000175272425166094/0001752724-25-166094-index.html,2025q3_ncen.zip,0001752724-25-166094,S000004325,iShares U.S. Industrials ETF,Y,Y,series_id,1.0,,True
IYK,iShares U.S. Consumer Staples ETF,not_determined,management_style_evidence_1.1,S000004431,index_passive_identified,high,sec_ncen_c3,SEC N-CEN C.3 identifies the series as an index fund,https://www.sec.gov/Archives/edgar/data/1100663/000175272425166094/0001752724-25-166094-index.html,2025q3_ncen.zip,0001752724-25-166094,S000004431,iShares U.S. Consumer Staples ETF,Y,Y,series_id,1.0,,True
IYLD,iShares Morningstar Multi-Asset Income ETF,index_passive_identified,management_style_evidence_1.1,S000036830,index_passive_identified,high,sec_ncen_c3,SEC N-CEN C.3 identifies the series as an index fund,https://www.sec.gov/Archives/edgar/data/1100663/000141036825014340/0001410368-25-014340-index.html,2025q4_ncen.zip,0001410368-25-014340,S000036830,iShares Morningstar Multi-Asset Income ETF,Y,Y,series_id,1.0,,False
IYM,iShares U.S. Basic Materials ETF,not_determined,management_style_evidence_1.1,S000004318,index_passive_identified,high,sec_ncen_c3,SEC N-CEN C.3 identifies the series as an index fund,https://www.sec.gov/Archives/edgar/data/1100663/000175272425166094/0001752724-25-166094-index.html,2025q3_ncen.zip,0001752724-25-166094,S000004318,iShares U.S. Basic Materials ETF,Y,Y,series_id,1.0,,True
IYR,iShares U.S. Real Estate ETF,not_determined,management_style_evidence_1.1,S000004328,index_passive_identified,high,sec_ncen_c3,SEC N-CEN C.3 identifies the series as an index fund,https://www.sec.gov/Archives/edgar/data/1100663/000100472626004646/0001004726-26-004646-index.html,2026q2_ncen.zip,0001004726-26-004646,S000004328,iShares U.S. Real Estate ETF,Y,Y,series_id,1.0,,True
IYT,iShares U.S. Transportation ETF,not_determined,management_style_evidence_1.1,S000004331,index_passive_identified,high,sec_ncen_c3,SEC N-CEN C.3 identifies the series as an index fund,https://www.sec.gov/Archives/edgar/data/1100663/000175272425166094/0001752724-25-166094-index.html,2025q3_ncen.zip,0001752724-25-166094,S000004331,iShares U.S. Transportation ETF,Y,Y,series_id,1.0,,True
IYW,iShares U.S. Technology ETF,not_determined,management_style_evidence_1.1,S000004329,index_passive_identified,high,sec_ncen_c3,SEC N-CEN C.3 identifies the series as an index fund,https://www.sec.gov/Archives/edgar/data/1100663/000175272425166094/0001752724-25-166094-index.html,2025q3_ncen.zip,0001752724-25-166094,S000004329,iShares U.S. Technology ETF,Y,Y,series_id,1.0,,True
IYY,iShares Dow Jones U.S. ETF,index_passive_identified,management_style_evidence_1.1,S000004330,index_passive_identified,high,sec_ncen_c3,SEC N-CEN C.3 identifies the series as an index fund,https://www.sec.gov/Archives/edgar/data/1100663/000175272425166094/0001752724-25-166094-index.html,2025q3_ncen.zip,0001752724-25-166094,S000004330,iShares Dow Jones U.S. ETF,Y,Y,series_id,1.0,,False
IYZ,iShares U.S. Telecommunications ETF,not_determined,management_style_evidence_1.1,S000004333,index_passive_identified,high,sec_ncen_c3,SEC N-CEN C.3 identifies the series as an index fund,https://www.sec.gov/Archives/edgar/data/1100663/000100472626004646/0001004726-26-004646-index.html,2026q2_ncen.zip,0001004726-26-004646,S000004333,iShares U.S. Telecommunications ETF,Y,Y,series_id,1.0,,True
IZRL,ARK Israel Innovative Technology ETF,active_identified,management_style_evidence_1.1,S000052299,index_passive_identified,high,sec_ncen_c3,SEC N-CEN C.3 identifies the series as an index fund,https://www.sec.gov/Archives/edgar/data/1579982/000094040025003089/0000940400-25-003089-index.html,2025q4_ncen.zip,0000940400-25-003089,S000052299,ARK Israel Innovative Technology ETF,Y,Y,series_id,1.0,,True
JAAA,Janus Henderson AAA CLO ETF,not_determined,management_style_evidence_1.1,S000069705,active_identified,high,primary_source_override,Issuer explicitly describes JAAA as an actively managed ETF investing primarily in AAA-rated CLO debt,https://www.janushenderson.com/en-us/investor/product/jaaa-aaa-clo-etf/,,,,,,,manual_ticker_override,,Manual refinement of N-CEN non-index evidence; this is the case that triggered the audit.,True
JAGG,JPMorgan U.S. Aggregate Bond ETF,not_determined,management_style_evidence_1.1,S000063668,index_passive_identified,high,sec_ncen_c3,SEC N-CEN C.3 identifies the series as an index fund,https://www.sec.gov/Archives/edgar/data/1485894/000207169126009455/0002071691-26-009455-index.html,2026q2_ncen.zip,0002071691-26-009455,S000063668,JPMorgan BetaBuilders U.S. Aggregate Bond ETF,Y,Y,series_id,0.8125,,True
JAVA,JPMorgan Active Value ETF,active_identified,management_style_evidence_1.1,S000072931,active_identified,medium,sec_ncen_c3,SEC N-CEN C.3 does not identify the series as an index fund; classification refined by transparent product-name evidence (strategy_name_identifies_active_management),https://www.sec.gov/Archives/edgar/data/1485894/000175272425214980/0001752724-25-214980-index.html,2025q3_ncen.zip,0001752724-25-214980,S000072931,JPMorgan Active Value ETF,Y,,series_id,1.0,,False
JBBB,Janus Henderson B-BBB CLO ETF,not_determined,management_style_evidence_1.1,S000074691,non_index_management_identified,high,sec_ncen_c3,SEC N-CEN C.3 does not identify the series as an index fund; the filing alone does not distinguish discretionary from rules-based management,https://www.sec.gov/Archives/edgar/data/1500604/000207169126000114/0002071691-26-000114-index.html,2026q1_ncen.zip,0002071691-26-000114,S000074691,Janus Henderson B-BBB CLO ETF,Y,,series_id,1.0,,True
JCPB,JPMorgan Core Plus Bond ETF,not_determined,management_style_evidence_1.1,S000063265,non_index_management_identified,high,sec_ncen_c3,SEC N-CEN C.3 does not identify the series as an index fund; the filing alone does not distinguish discretionary from rules-based management,https://www.sec.gov/Archives/edgar/data/1485894/000207169126009455/0002071691-26-009455-index.html,2026q2_ncen.zip,0002071691-26-009455,S000063265,JPMorgan Core Plus Bond ETF,Y,,series_id,1.0,,True
JEMA,JPMorgan ActiveBuilders Emerging Markets Equity ETF,active_identified,management_style_evidence_1.1,S000071185,active_identified,high,primary_source_override,Issuer fund commentary describes the ActiveBuilders portfolio as opportunistically allocated among actively managed stocks,https://am.jpmorgan.com/content/dam/jpm-am-aem/americas/us/en/literature/commentary/FC-JEMA.PDF,,,,,,,manual_ticker_override,,,False
JEPI,JPMorgan Equity Premium Income ETF,not_determined,management_style_evidence_1.1,S000068402,non_index_management_identified,high,sec_ncen_c3,SEC N-CEN C.3 does not identify the series as an index fund; the filing alone does not distinguish discretionary from rules-based management,https://www.sec.gov/Archives/edgar/data/1485894/000175272425214980/0001752724-25-214980-index.html,2025q3_ncen.zip,0001752724-25-214980,S000068402,JPMorgan Equity Premium Income ETF,Y,,series_id,1.0,,True
JETS,U.S. Global Jets ETF,not_determined,management_style_evidence_1.1,S000048544,index_passive_identified,high,sec_ncen_c3,SEC N-CEN C.3 identifies the series as an index fund,https://www.sec.gov/Archives/edgar/data/1540305/000089418926007960/0000894189-26-007960-index.html,2026q1_ncen.zip,0000894189-26-007960,S000048544,U.S. Global Jets ETF,Y,Y,series_id,1.0,,True
JHCB,John Hancock Corporate Bond ETF,not_determined,management_style_evidence_1.1,S000071291,non_index_management_identified,high,sec_ncen_c3,SEC N-CEN C.3 does not identify the series as an index fund; the filing alone does not distinguish discretionary from rules-based management,https://www.sec.gov/Archives/edgar/data/1478482/000119312526253078/0001193125-26-253078-index.html,2026q2_ncen.zip,0001193125-26-253078,S000071291,John Hancock Corporate Bond ETF,Y,,series_id,1.0,,True
JHEM,John Hancock Multifactor Emerging Markets ETF,systematic_or_rules_based,management_style_evidence_1.1,S000063017,index_passive_identified,high,sec_ncen_c3,SEC N-CEN C.3 identifies the series as an index fund,https://www.sec.gov/Archives/edgar/data/1478482/000119312526253078/0001193125-26-253078-index.html,2026q2_ncen.zip,0001193125-26-253078,S000063017,John Hancock Multifactor Emerging Markets ETF,Y,Y,series_id,1.0,,True
JHMB,John Hancock Mortgage-Backed Securities ETF,not_determined,management_style_evidence_1.1,S000072179,non_index_management_identified,high,sec_ncen_c3,SEC N-CEN C.3 does not identify the series as an index fund; the filing alone does not distinguish discretionary from rules-based management,https://www.sec.gov/Archives/edgar/data/1478482/000119312526253078/0001193125-26-253078-index.html,2026q2_ncen.zip,0001193125-26-253078,S000072179,John Hancock Mortgage-Backed Secrities ETF,Y,,series_id,0.9866666666666667,,True
JHMD,John Hancock Multifactor Developed International ETF,systematic_or_rules_based,management_style_evidence_1.1,S000055737,index_passive_identified,high,sec_ncen_c3,SEC N-CEN C.3 identifies the series as an index fund,https://www.sec.gov/Archives/edgar/data/1478482/000119312526253078/0001193125-26-253078-index.html,2026q2_ncen.zip,0001193125-26-253078,S000055737,John Hancock Multifactor Developed International ETF,Y,Y,series_id,1.0,,True
JHML,John Hancock Multifactor Large Cap ETF,systematic_or_rules_based,management_style_evidence_1.1,S000050077,index_passive_identified,high,sec_ncen_c3,SEC N-CEN C.3 identifies the series as an index fund,https://www.sec.gov/Archives/edgar/data/1478482/000119312526253078/0001193125-26-253078-index.html,2026q2_ncen.zip,0001193125-26-253078,S000050077,John Hancock Multifactor Large Cap ETF,Y,Y,series_id,1.0,,True
JHMM,John Hancock Multifactor Mid Cap ETF,systematic_or_rules_based,management_style_evidence_1.1,S000050079,index_passive_identified,high,sec_ncen_c3,SEC N-CEN C.3 identifies the series as an index fund,https://www.sec.gov/Archives/edgar/data/1478482/000119312526253078/0001193125-26-253078-index.html,2026q2_ncen.zip,0001193125-26-253078,S000050079,John Hancock Multifactor Mid Cap ETF,Y,Y,series_id,1.0,,True
JHPI,John Hancock Preferred Income ETF,not_determined,management_style_evidence_1.1,S000074603,non_index_management_identified,high,sec_ncen_c3,SEC N-CEN C.3 does not identify the series as an index fund; the filing alone does not distinguish discretionary from rules-based management,https://www.sec.gov/Archives/edgar/data/1478482/000119312526253078/0001193125-26-253078-index.html,2026q2_ncen.zip,0001193125-26-253078,S000074603,John Hancock Preferred Income ETF,Y,,series_id,1.0,,True
JHSC,John Hancock Multifactor Small Cap ETF,systematic_or_rules_based,management_style_evidence_1.1,S000059464,index_passive_identified,high,sec_ncen_c3,SEC N-CEN C.3 identifies the series as an index fund,https://www.sec.gov/Archives/edgar/data/1478482/000119312526253078/0001193125-26-253078-index.html,2026q2_ncen.zip,0001193125-26-253078,S000059464,John Hancock Multifactor Small Cap ETF,Y,Y,series_id,1.0,,True
JIG,JPMorgan International Growth ETF,systematic_or_rules_based,management_style_evidence_1.1,S000068407,active_identified,high,primary_source_override,Issuer fact sheet describes portfolio-managed international growth exposure against a performance benchmark rather than index replication,https://am.jpmorgan.com/content/dam/jpm-am-aem/americas/us/en/literature/fact-sheet/etfs/FS-JIG.PDF,,,,,,,manual_ticker_override,,,True
JIGB,JPMorgan Corporate Bond Research Enhanced ETF,not_determined,management_style_evidence_1.1,S000063667,active_identified,high,primary_source_override,SEC prospectus describes a research-enhanced corporate bond selection process rather than index replication,https://www.sec.gov/Archives/edgar/data/1485894/000119312518343231/d626882d485bpos.htm,,,,,,,manual_ticker_override,,,True
JLQD,Janus Henderson Corporate Bond ETF,not_determined,management_style_evidence_1.1,,non_index_management_identified,high,sec_ncen_c3,SEC N-CEN C.3 does not identify the series as an index fund; the filing alone does not distinguish discretionary from rules-based management,https://www.sec.gov/Archives/edgar/data/1500604/000207169126000114/0002071691-26-000114-index.html,2026q1_ncen.zip,0002071691-26-000114,S000073434,Janus Henderson Corporate Bond ETF,Y,,ticker,1.0,,True
JMBS,Janus Henderson Mortgage-Backed Securities ETF,not_determined,management_style_evidence_1.1,S000063007,non_index_management_identified,high,sec_ncen_c3,SEC N-CEN C.3 does not identify the series as an index fund; the filing alone does not distinguish discretionary from rules-based management,https://www.sec.gov/Archives/edgar/data/1500604/000207169126000114/0002071691-26-000114-index.html,2026q1_ncen.zip,0002071691-26-000114,S000063007,Janus Henderson Mortgage-Backed Securities ETF,Y,,series_id,1.0,,True
JMOM,JPMorgan U.S. Momentum Factor ETF,systematic_or_rules_based,management_style_evidence_1.1,S000059313,index_passive_identified,high,sec_ncen_c3,SEC N-CEN C.3 identifies the series as an index fund,https://www.sec.gov/Archives/edgar/data/1485894/000207169126000163/0002071691-26-000163-index.html,2026q1_ncen.zip,0002071691-26-000163,S000059313,JPMorgan U.S. Momentum Factor ETF,Y,Y,series_id,1.0,,True
JMST,JPMorgan Ultra-Short Municipal Income ETF,not_determined,management_style_evidence_1.1,S000063269,non_index_management_identified,high,sec_ncen_c3,SEC N-CEN C.3 does not identify the series as an index fund; the filing alone does not distinguish discretionary from rules-based management,https://www.sec.gov/Archives/edgar/data/1485894/000207169126009455/0002071691-26-009455-index.html,2026q2_ncen.zip,0002071691-26-009455,S000063269,JPMorgan Ultra-Short Municipal Income ETF,Y,,series_id,1.0,,True
JMUB,JPMorgan Municipal ETF,not_determined,management_style_evidence_1.1,S000063268,non_index_management_identified,high,sec_ncen_c3,SEC N-CEN C.3 does not identify the series as an index fund; the filing alone does not distinguish discretionary from rules-based management,https://www.sec.gov/Archives/edgar/data/1485894/000207169126009455/0002071691-26-009455-index.html,2026q2_ncen.zip,0002071691-26-009455,S000063268,JPMorgan Municipal ETF,Y,,series_id,1.0,,True
JNK,State Street SPDR Bloomberg High Yield Bond ETF,index_passive_identified,management_style_evidence_1.1,S000019669,index_passive_identified,high,sec_ncen_c3,SEC N-CEN C.3 identifies the series as an index fund,https://www.sec.gov/Archives/edgar/data/1064642/000141036826040180/0001410368-26-040180-index.html,2026q2_ncen.zip,0001410368-26-040180,S000019669,SPDR(R) Bloomberg High Yield Bond ETF,Y,Y,series_id,0.8285714285714286,,False
JOET,Virtus Terranova U.S. Quality Momentum ETF,systematic_or_rules_based,management_style_evidence_1.1,S000070014,index_passive_identified,high,sec_ncen_c3,SEC N-CEN C.3 identifies the series as an index fund,https://www.sec.gov/Archives/edgar/data/1648403/000094040025003130/0000940400-25-003130-index.html,2025q4_ncen.zip,0000940400-25-003130,S000070014,Virtus Terranova U.S. Quality Momentum ETF,Y,Y,series_id,1.0,,True
JOJO,ATAC Credit Rotation ETF,systematic_or_rules_based,management_style_evidence_1.1,S000072498,active_identified,high,primary_source_override,SEC shareholder report states that JOJO is actively managed using a systematic rules-based rotation process,https://www.sec.gov/Archives/edgar/data/1742912/000183988223030344/atac-ncsr_083123.htm,,,,,,,manual_ticker_override,,Systematic implementation is a strategy attribute and does not negate the active management classification.,True
JPEM,JPMorgan Diversified Return Emerging Markets Equity ETF,not_determined,management_style_evidence_1.1,S000045407,index_passive_identified,high,sec_ncen_c3,SEC N-CEN C.3 identifies the series as an index fund,https://www.sec.gov/Archives/edgar/data/1485894/000207169126000163/0002071691-26-000163-index.html,2026q1_ncen.zip,0002071691-26-000163,S000045407,JPMorgan Diversified Return Emerging Markets Equity ETF,Y,Y,series_id,1.0,,True
JPGB,JPMorgan Global Bond Opportunities ETF,not_determined,management_style_evidence_1.1,S000054802,non_index_management_identified,high,sec_ncen_c3,SEC N-CEN C.3 does not identify the series as an index fund; the filing alone does not distinguish discretionary from rules-based management,https://www.sec.gov/Archives/edgar/data/1485894/000207169126009455/0002071691-26-009455-index.html,2026q2_ncen.zip,0002071691-26-009455,S000054802,JPMorgan International Bond Opportunities ETF,Y,,series_id,0.8266666666666667,,True
JPIB,JPMorgan International Bond Opportunities ETF,not_determined,management_style_evidence_1.1,,non_index_management_identified,high,sec_ncen_c3,SEC N-CEN C.3 does not identify the series as an index fund; the filing alone does not distinguish discretionary from rules-based management,https://www.sec.gov/Archives/edgar/data/1485894/000207169126009455/0002071691-26-009455-index.html,2026q2_ncen.zip,0002071691-26-009455,S000054802,JPMorgan International Bond Opportunities ETF,Y,,ticker,1.0,,True
JPIE,JPMorgan Income ETF,not_determined,management_style_evidence_1.1,S000072932,non_index_management_identified,high,sec_ncen_c3,SEC N-CEN C.3 does not identify the series as an index fund; the filing alone does not distinguish discretionary from rules-based management,https://www.sec.gov/Archives/edgar/data/1485894/000207169126009455/0002071691-26-009455-index.html,2026q2_ncen.zip,0002071691-26-009455,S000072932,JPMorgan Income ETF,Y,,series_id,1.0,,True
JPIN,JPMorgan Diversified Return International Equity ETF,not_determined,management_style_evidence_1.1,S000045406,index_passive_identified,high,sec_ncen_c3,SEC N-CEN C.3 identifies the series as an index fund,https://www.sec.gov/Archives/edgar/data/1485894/000207169126000163/0002071691-26-000163-index.html,2026q1_ncen.zip,0002071691-26-000163,S000045406,JPMorgan Diversified Return International Equity ETF,Y,Y,series_id,1.0,,True
JPMB,JPMorgan USD Emerging Markets Sovereign Bond ETF,not_determined,management_style_evidence_1.1,S000060180,index_passive_identified,high,sec_ncen_c3,SEC N-CEN C.3 identifies the series as an index fund,https://www.sec.gov/Archives/edgar/data/1485894/000207169126009455/0002071691-26-009455-index.html,2026q2_ncen.zip,0002071691-26-009455,S000060180,JPMorgan USD Emerging Markets Sovereign Bond ETF,Y,Y,series_id,1.0,,True
JPME,JPMorgan Diversified Return U.S. Mid Cap Equity ETF,not_determined,management_style_evidence_1.1,S000053745,index_passive_identified,high,sec_ncen_c3,SEC N-CEN C.3 identifies the series as an index fund,https://www.sec.gov/Archives/edgar/data/1485894/000207169126000163/0002071691-26-000163-index.html,2026q1_ncen.zip,0002071691-26-000163,S000053745,JPMorgan Diversified Return U.S. Mid Cap Equity ETF,Y,Y,series_id,1.0,,True
JPSE,JPMorgan Diversified Return U.S. Small Cap Equity ETF,not_determined,management_style_evidence_1.1,S000055014,index_passive_identified,high,sec_ncen_c3,SEC N-CEN C.3 identifies the series as an index fund,https://www.sec.gov/Archives/edgar/data/1485894/000207169126000163/0002071691-26-000163-index.html,2026q1_ncen.zip,0002071691-26-000163,S000055014,JPMorgan Diversified Return U.S. Small Cap Equity ETF,Y,Y,series_id,1.0,,True
JPST,JPMorgan Ultra-Short Income ETF,not_determined,management_style_evidence_1.1,S000054790,non_index_management_identified,high,sec_ncen_c3,SEC N-CEN C.3 does not identify the series as an index fund; the filing alone does not distinguish discretionary from rules-based management,https://www.sec.gov/Archives/edgar/data/1485894/000207169126009455/0002071691-26-009455-index.html,2026q2_ncen.zip,0002071691-26-009455,S000054790,JPMorgan Ultra-Short Income ETF,Y,,series_id,1.0,,True
JPUS,JPMorgan Diversified Return U.S. Equity ETF,not_determined,management_style_evidence_1.1,S000046874,index_passive_identified,high,sec_ncen_c3,SEC N-CEN C.3 identifies the series as an index fund,https://www.sec.gov/Archives/edgar/data/1485894/000207169126000163/0002071691-26-000163-index.html,2026q1_ncen.zip,0002071691-26-000163,S000046874,JPMorgan Diversified Return U.S. Equity ETF,Y,Y,series_id,1.0,,True
JPXN,iShares JPX-Nikkei 400 ETF,not_determined,management_style_evidence_1.1,,index_passive_identified,high,sec_ncen_c3,SEC N-CEN C.3 identifies the series as an index fund,https://www.sec.gov/Archives/edgar/data/1100663/000100472626004646/0001004726-26-004646-index.html,2026q2_ncen.zip,0001004726-26-004646,S000004337,iShares JPX-Nikkei 400 ETF,Y,Y,ticker,1.0,,True
JQUA,JPMorgan U.S. Quality Factor ETF,systematic_or_rules_based,management_style_evidence_1.1,S000059315,index_passive_identified,high,sec_ncen_c3,SEC N-CEN C.3 identifies the series as an index fund,https://www.sec.gov/Archives/edgar/data/1485894/000207169126000163/0002071691-26-000163-index.html,2026q1_ncen.zip,0002071691-26-000163,S000059315,JPMorgan U.S. Quality Factor ETF,Y,Y,series_id,1.0,,True
JSCP,JPMorgan Short Duration Core Plus ETF,not_determined,management_style_evidence_1.1,S000071090,non_index_management_identified,high,sec_ncen_c3,SEC N-CEN C.3 does not identify the series as an index fund; the filing alone does not distinguish discretionary from rules-based management,https://www.sec.gov/Archives/edgar/data/1485894/000207169126009455/0002071691-26-009455-index.html,2026q2_ncen.zip,0002071691-26-009455,S000071090,JPMorgan Short Duration Core Plus ETF,Y,,series_id,1.0,,True
JSMD,Janus Henderson Small/Mid Cap Growth Alpha ETF,systematic_or_rules_based,management_style_evidence_1.1,S000052564,mixed_or_changed_mandate,high,primary_source_override,Issuer documents a passive index approach before conversion to active management on May 12 2025,https://www.janushenderson.com/en-us/advisor/product/jsmd-small-mid-cap-growth-alpha-etf/,,,,,,,manual_ticker_override,,History spans an index mandate before May 12 2025 and an active mandate afterward; exclude from whole-history active attribution.,True
JSML,Janus Henderson Small Cap Growth Alpha ETF,systematic_or_rules_based,management_style_evidence_1.1,S000052563,mixed_or_changed_mandate,high,primary_source_override,Issuer fact sheet documents a passive index approach before conversion to active management on May 12 2025,https://cdn.janushenderson.com/webdocs/FactSheet_JSML_ETF_ENG_2025_12_exp_2026_05.pdf,,,,,,,manual_ticker_override,,History spans an index mandate before May 12 2025 and an active mandate afterward; exclude from whole-history active attribution.,True
JSTC,Adasina Social Justice All Cap Global ETF,not_determined,management_style_evidence_1.1,S000069950,non_index_management_identified,high,sec_ncen_c3,SEC N-CEN C.3 does not identify the series as an index fund; the filing alone does not distinguish discretionary from rules-based management,https://www.sec.gov/Archives/edgar/data/1742912/000200032425004189/0002000324-25-004189-index.html,2025q4_ncen.zip,0002000324-25-004189,S000069950,Adasina Social Justice All Cap Global ETF,Y,,series_id,1.0,,True
JUST,Goldman Sachs JUST U.S. Large Cap Equity ETF,not_determined,management_style_evidence_1.1,S000061377,index_passive_identified,high,sec_ncen_c3,SEC N-CEN C.3 identifies the series as an index fund,https://www.sec.gov/Archives/edgar/data/1479026/000094040025005876/0000940400-25-005876-index.html,2025q4_ncen.zip,0000940400-25-005876,S000061377,Goldman Sachs JUST U.S. Large Cap Equity ETF,Y,Y,series_id,1.0,,True
JVAL,JPMorgan U.S. Value Factor ETF,systematic_or_rules_based,management_style_evidence_1.1,S000059314,index_passive_identified,high,sec_ncen_c3,SEC N-CEN C.3 identifies the series as an index fund,https://www.sec.gov/Archives/edgar/data/1485894/000207169126000163/0002071691-26-000163-index.html,2026q1_ncen.zip,0002071691-26-000163,S000059314,JPMorgan U.S. Value Factor ETF,Y,Y,series_id,1.0,,True
JXI,iShares Global Utilities ETF,not_determined,management_style_evidence_1.1,S000008883,index_passive_identified,high,sec_ncen_c3,SEC N-CEN C.3 identifies the series as an index fund,https://www.sec.gov/Archives/edgar/data/1100663/000100472626004646/0001004726-26-004646-index.html,2026q2_ncen.zip,0001004726-26-004646,S000008883,iShares Global Utilities ETF,Y,Y,series_id,1.0,,True
KARS,KraneShares Electric Vehicles and Future Mobility Index ETF,index_passive_identified,management_style_evidence_1.1,S000061165,index_passive_identified,high,sec_ncen_c3,SEC N-CEN C.3 identifies the series as an index fund,https://www.sec.gov/Archives/edgar/data/1547576/000204825126004798/0002048251-26-004798-index.html,2026q2_ncen.zip,0002048251-26-004798,S000061165,KraneShares Electric Vehicles and Future Mobility Index ETF,Y,Y,series_id,1.0,,False
KBA,KraneShares Bosera MSCI China A 50 Connect Index ETF,index_passive_identified,management_style_evidence_1.1,,index_passive_identified,high,sec_ncen_c3,SEC N-CEN C.3 identifies the series as an index fund,https://www.sec.gov/Archives/edgar/data/1547576/000204825126004798/0002048251-26-004798-index.html,2026q2_ncen.zip,0002048251-26-004798,S000041738,KraneShares Bosera MSCI China A 50 Connect Index ETF,Y,Y,ticker,1.0,,False
KBE,State Street SPDR S&P Bank ETF,index_passive_identified,management_style_evidence_1.1,S000006977,index_passive_identified,high,sec_ncen_c3,SEC N-CEN C.3 identifies the series as an index fund,https://www.sec.gov/Archives/edgar/data/1064642/000141036826040180/0001410368-26-040180-index.html,2026q2_ncen.zip,0001410368-26-040180,S000006977,SPDR(R) S&P Bank ETF,Y,Y,series_id,0.6842105263157895,,False
KBWB,Invesco KBW Bank ETF,not_determined,management_style_evidence_1.1,S000034530,index_passive_identified,high,sec_ncen_c3,SEC N-CEN C.3 identifies the series as an index fund,https://www.sec.gov/Archives/edgar/data/1378872/000137887225000490/0001378872-25-000490-index.html,2025q4_ncen.zip,0001378872-25-000490,S000034530,Invesco KBW Bank ETF,Y,Y,series_id,1.0,,True
KBWD,Invesco KBW High Dividend Yield Financial ETF,systematic_or_rules_based,management_style_evidence_1.1,S000030361,index_passive_identified,high,sec_ncen_c3,SEC N-CEN C.3 identifies the series as an index fund,https://www.sec.gov/Archives/edgar/data/1378872/000137887225000490/0001378872-25-000490-index.html,2025q4_ncen.zip,0001378872-25-000490,S000030361,Invesco KBW High Dividend Yield Financial ETF,Y,Y,series_id,1.0,,True
KBWP,Invesco KBW Property & Casualty Insurance ETF,not_determined,management_style_evidence_1.1,S000030363,index_passive_identified,high,sec_ncen_c3,SEC N-CEN C.3 identifies the series as an index fund,https://www.sec.gov/Archives/edgar/data/1378872/000137887225000490/0001378872-25-000490-index.html,2025q4_ncen.zip,0001378872-25-000490,S000030363,Invesco KBW Property & Casualty Insurance ETF,Y,Y,series_id,1.0,,True
KBWY,Invesco KBW Premium Yield Equity REIT ETF,not_determined,management_style_evidence_1.1,S000030362,index_passive_identified,high,sec_ncen_c3,SEC N-CEN C.3 identifies the series as an index fund,https://www.sec.gov/Archives/edgar/data/1378872/000137887225000490/0001378872-25-000490-index.html,2025q4_ncen.zip,0001378872-25-000490,S000030362,Invesco KBW Premium Yield Equity REIT ETF,Y,Y,series_id,1.0,,True
KCCA,KraneShares California Carbon Allowance Strategy ETF,not_determined,management_style_evidence_1.1,S000072749,index_passive_identified,high,sec_ncen_c3,SEC N-CEN C.3 identifies the series as an index fund,https://www.sec.gov/Archives/edgar/data/1547576/000204825126004798/0002048251-26-004798-index.html,2026q2_ncen.zip,0002048251-26-004798,S000072749,KraneShares California Carbon Allowance Strategy ETF,Y,Y,series_id,1.0,,True
KCCB,KraneShares CCBS China Corporate High Yield Bond USD Index ETF,index_passive_identified,management_style_evidence_1.1,S000059793,index_passive_identified,high,primary_source_override,Issuer launch release identifies KCCB as the China Corporate High Yield Bond USD Index ETF,https://kraneshares.com/kraneshares-ccbs-china-corporate-high-yield-bond-usd-etf-ticker-kccb-lists-on-the-new-york-stock-exchange/,,,,,,,manual_ticker_override,,Historical series was index based; N-CEN negative evidence is not sufficient to override the explicit mandate.,False
KCE,State Street SPDR S&P Capital Markets ETF,index_passive_identified,management_style_evidence_1.1,S000006978,index_passive_identified,high,sec_ncen_c3,SEC N-CEN C.3 identifies the series as an index fund,https://www.sec.gov/Archives/edgar/data/1064642/000141036826040180/0001410368-26-040180-index.html,2026q2_ncen.zip,0001410368-26-040180,S000006978,SPDR(R) S&P Capital Markets ETF,Y,Y,series_id,0.7931034482758621,,False
KDRN,Kingsbarn Tactical Bond ETF,active_identified,management_style_evidence_1.1,S000074002,active_identified,high,primary_source_override,Issuer identifies KDRN as an actively managed portfolio with tactical duration decisions,https://www.kingsbarncapital.com/kingsbarn-etf/,,,,,,,manual_ticker_override,,,False
KEMQ,KraneShares Public-Private Emerging Markets Internet and Technology ETF,not_determined,management_style_evidence_1.1,S000056077,index_passive_identified,high,sec_ncen_c3,SEC N-CEN C.3 identifies the series as an index fund,https://www.sec.gov/Archives/edgar/data/1547576/000204825126004798/0002048251-26-004798-index.html,2026q2_ncen.zip,0002048251-26-004798,S000056077,KraneShares Emerging Markets Consumer Technology Index ETF,Y,Y,series_id,0.6990291262135923,,True
KEMX,KraneShares MSCI Emerging Markets ex China Index ETF,index_passive_identified,management_style_evidence_1.1,S000064914,index_passive_identified,high,sec_ncen_c3,SEC N-CEN C.3 identifies the series as an index fund,https://www.sec.gov/Archives/edgar/data/1547576/000204825126004798/0002048251-26-004798-index.html,2026q2_ncen.zip,0002048251-26-004798,S000064914,KraneShares MSCI Emerging Markets ex China Index ETF,Y,Y,series_id,1.0,,False
KGRN,KraneShares MSCI China Clean Technology Index ETF,index_passive_identified,management_style_evidence_1.1,S000049858,index_passive_identified,high,sec_ncen_c3,SEC N-CEN C.3 identifies the series as an index fund,https://www.sec.gov/Archives/edgar/data/1547576/000204825126004798/0002048251-26-004798-index.html,2026q2_ncen.zip,0002048251-26-004798,S000049858,KraneShares MSCI China Clean Technology Index ETF,Y,Y,series_id,1.0,,False
KHYB,KraneShares Asia Pacific High Income USD Bond ETF,not_determined,management_style_evidence_1.1,,non_index_management_identified,high,sec_ncen_c3,SEC N-CEN C.3 does not identify the series as an index fund; the filing alone does not distinguish discretionary from rules-based management,https://www.sec.gov/Archives/edgar/data/1547576/000204825126004798/0002048251-26-004798-index.html,2026q2_ncen.zip,0002048251-26-004798,S000059793,KraneShares Asia Pacific High Income USD Bond ETF,Y,,ticker,1.0,,True
KIE,State Street SPDR S&P Insurance ETF,index_passive_identified,management_style_evidence_1.1,S000006979,index_passive_identified,high,sec_ncen_c3,SEC N-CEN C.3 identifies the series as an index fund,https://www.sec.gov/Archives/edgar/data/1064642/000141036826040180/0001410368-26-040180-index.html,2026q2_ncen.zip,0001410368-26-040180,S000006979,SPDR(R) S&P Insurance ETF,Y,Y,series_id,0.75,,False
KLDW,Knowledge Leaders Developed World ETF,not_determined,management_style_evidence_1.1,S000068493,non_index_management_identified,high,sec_ncen_c3,SEC N-CEN C.3 does not identify the series as an index fund; the filing alone does not distinguish discretionary from rules-based management,https://www.sec.gov/Archives/edgar/data/1318342/000114554924043702/0001145549-24-043702-index.html,2024q3_ncen.zip,0001145549-24-043702,S000068493,Knowledge Leaders Developed World ETF,Y,,series_id,1.0,,True
KMLM,KraneShares Mount Lucas Managed Futures Index Strategy ETF,active_identified,management_style_evidence_1.1,S000070143,index_passive_identified,high,sec_ncen_c3,SEC N-CEN C.3 identifies the series as an index fund,https://www.sec.gov/Archives/edgar/data/1547576/000204825126004798/0002048251-26-004798-index.html,2026q2_ncen.zip,0002048251-26-004798,S000070143,KraneShares Mount Lucas Managed Futures Index Strategy ETF,Y,Y,series_id,1.0,,True
KNCT,Invesco Next Gen Connectivity ETF,not_determined,management_style_evidence_1.1,,index_passive_identified,high,sec_ncen_c3,SEC N-CEN C.3 identifies the series as an index fund,https://www.sec.gov/Archives/edgar/data/1209466/000175272425166789/0001752724-25-166789-index.html,2025q3_ncen.zip,0001752724-25-166789,S000003030,Invesco Next Gen Connectivity ETF,Y,Y,ticker,1.0,,True
KNG,FT Vest S&P 500 Dividend Aristocrats Target Income ETF,systematic_or_rules_based,management_style_evidence_1.1,S000070911,index_passive_identified,high,sec_ncen_c3,SEC N-CEN C.3 identifies the series as an index fund,https://www.sec.gov/Archives/edgar/data/1517936/000094040026000180/0000940400-26-000180-index.html,2026q1_ncen.zip,0000940400-26-000180,S000070911,FT Vest S&P 500 Dividend Aristocrats Target Income ETF,Y,Y,series_id,1.0,,True
KNGZ,First Trust S&P 500 Diversified Dividend Aristocrats ETF,systematic_or_rules_based,management_style_evidence_1.1,,index_passive_identified,high,sec_ncen_c3,SEC N-CEN C.3 identifies the series as an index fund,https://www.sec.gov/Archives/edgar/data/1552740/000094040026023374/0000940400-26-023374-index.html,2026q2_ncen.zip,0000940400-26-023374,S000058149,First Trust S&P 500 Diversified Dividend Aristocrats ETF,Y,Y,ticker,1.0,,True
KNO,AXS Knowledge Leaders ETF,not_determined,management_style_evidence_1.1,S000083575,non_index_management_identified,high,sec_ncen_c3,SEC N-CEN C.3 does not identify the series as an index fund; the filing alone does not distinguish discretionary from rules-based management,https://www.sec.gov/Archives/edgar/data/1587982/000119312526268843/0001193125-26-268843-index.html,2026q2_ncen.zip,0001193125-26-268843,S000083575,AXS Knowledge Leaders ETF,Y,,series_id,1.0,,True
KOKU,Xtrackers MSCI Kokusai Equity ETF,index_passive_identified,management_style_evidence_1.1,S000067508,index_passive_identified,high,sec_ncen_c3,SEC N-CEN C.3 identifies the series as an index fund,https://www.sec.gov/Archives/edgar/data/1503123/000094040025005824/0000940400-25-005824-index.html,2025q4_ncen.zip,0000940400-25-005824,S000067508,Xtrackers MSCI Kokusai Equity ETF,Y,Y,series_id,1.0,,False
KOMP,State Street SPDR S&P Kensho New Economies Composite ETF,index_passive_identified,management_style_evidence_1.1,S000063362,index_passive_identified,high,sec_ncen_c3,SEC N-CEN C.3 identifies the series as an index fund,https://www.sec.gov/Archives/edgar/data/1064642/000141036826040180/0001410368-26-040180-index.html,2026q2_ncen.zip,0001410368-26-040180,S000063362,SPDR S&P Kensho New Economies Composite ETF,Y,Y,series_id,0.7659574468085106,,False
KONG,Formidable Fortress ETF,not_determined,management_style_evidence_1.1,S000071250,non_index_management_identified,high,sec_ncen_c3,SEC N-CEN C.3 does not identify the series as an index fund; the filing alone does not distinguish discretionary from rules-based management,https://www.sec.gov/Archives/edgar/data/1771146/000100472626004649/0001004726-26-004649-index.html,2026q2_ncen.zip,0001004726-26-004649,S000071250,Formidable Fortress ETF,Y,,series_id,1.0,,True
KORP,American Century Diversified Corporate Bond ETF,not_determined,management_style_evidence_1.1,S000060785,non_index_management_identified,high,sec_ncen_c3,SEC N-CEN C.3 does not identify the series as an index fund; the filing alone does not distinguish discretionary from rules-based management,https://www.sec.gov/Archives/edgar/data/1710607/000114554924068816/0001145549-24-068816-index.html,2024q4_ncen.zip,0001145549-24-068816,S000060785,American Century Diversified Corporate Bond ETF,Y,,series_id,1.0,,True
KRBN,KraneShares Global Carbon Strategy ETF,not_determined,management_style_evidence_1.1,S000066286,index_passive_identified,high,sec_ncen_c3,SEC N-CEN C.3 identifies the series as an index fund,https://www.sec.gov/Archives/edgar/data/1547576/000204825126004798/0002048251-26-004798-index.html,2026q2_ncen.zip,0002048251-26-004798,S000066286,KraneShares Global Carbon Strategy ETF,Y,Y,series_id,1.0,,True
KRE,State Street SPDR S&P Regional Banking ETF,index_passive_identified,management_style_evidence_1.1,S000012325,index_passive_identified,high,sec_ncen_c3,SEC N-CEN C.3 identifies the series as an index fund,https://www.sec.gov/Archives/edgar/data/1064642/000141036826040180/0001410368-26-040180-index.html,2026q2_ncen.zip,0001410368-26-040180,S000012325,SPDR(R) S&P Regional Banking(SM) ETF,Y,Y,series_id,0.7741935483870968,,False
KROP,Global X AgTech & Food Innovation ETF,not_determined,management_style_evidence_1.1,S000072327,index_passive_identified,high,sec_ncen_c3,SEC N-CEN C.3 identifies the series as an index fund,https://www.sec.gov/Archives/edgar/data/1432353/000204825126001908/0002048251-26-001908-index.html,2026q1_ncen.zip,0002048251-26-001908,S000072327,Global X AgTech & Food Innovation ETF,Y,Y,series_id,1.0,,True
KSA,iShares MSCI Saudi Arabia ETF,index_passive_identified,management_style_evidence_1.1,S000047939,index_passive_identified,high,sec_ncen_c3,SEC N-CEN C.3 identifies the series as an index fund,https://www.sec.gov/Archives/edgar/data/1100663/000141036825023225/0001410368-25-023225-index.html,2025q4_ncen.zip,0001410368-25-023225,S000047939,iShares MSCI Saudi Arabia ETF,Y,Y,series_id,1.0,,False
KSTR,KraneShares China Technology & Semiconductor STAR 50 Index ETF,index_passive_identified,management_style_evidence_1.1,S000069005,index_passive_identified,high,sec_ncen_c3,SEC N-CEN C.3 identifies the series as an index fund,https://www.sec.gov/Archives/edgar/data/1547576/000204825126004798/0002048251-26-004798-index.html,2026q2_ncen.zip,0002048251-26-004798,S000069005,KraneShares SSE STAR Market 50 Index ETF,Y,Y,series_id,0.56,,False
KTEC,KraneShares Hang Seng TECH Index ETF,index_passive_identified,management_style_evidence_1.1,S000070105,index_passive_identified,high,sec_ncen_c3,SEC N-CEN C.3 identifies the series as an index fund,https://www.sec.gov/Archives/edgar/data/1547576/000204825126004798/0002048251-26-004798-index.html,2026q2_ncen.zip,0002048251-26-004798,S000070105,KraneShares Hang Seng TECH Index ETF,Y,Y,series_id,1.0,,False
KURE,KraneShares MSCI All China Health Care Index ETF,index_passive_identified,management_style_evidence_1.1,S000059796,index_passive_identified,high,sec_ncen_c3,SEC N-CEN C.3 identifies the series as an index fund,https://www.sec.gov/Archives/edgar/data/1547576/000204825126004798/0002048251-26-004798-index.html,2026q2_ncen.zip,0002048251-26-004798,S000059796,KraneShares MSCI All China Health Care Index ETF,Y,Y,series_id,1.0,,False
KVLE,KraneShares Value Line Dynamic Dividend Equity Index ETF,systematic_or_rules_based,management_style_evidence_1.1,S000069664,index_passive_identified,high,sec_ncen_c3,SEC N-CEN C.3 identifies the series as an index fund,https://www.sec.gov/Archives/edgar/data/1547576/000204825126004798/0002048251-26-004798-index.html,2026q2_ncen.zip,0002048251-26-004798,S000069664,KraneShares Value Line(R) Dynamic Dividend Equity Index ETF,Y,Y,series_id,0.9885057471264368,,True
KWEB,KraneShares CSI China Internet ETF,not_determined,management_style_evidence_1.1,,index_passive_identified,high,sec_ncen_c3,SEC N-CEN C.3 identifies the series as an index fund,https://www.sec.gov/Archives/edgar/data/1547576/000204825126004798/0002048251-26-004798-index.html,2026q2_ncen.zip,0002048251-26-004798,S000041596,KraneShares CSI China Internet ETF,Y,Y,ticker,1.0,,True
KWT,iShares MSCI Kuwait ETF,index_passive_identified,management_style_evidence_1.1,S000068137,index_passive_identified,high,sec_ncen_c3,SEC N-CEN C.3 identifies the series as an index fund,https://www.sec.gov/Archives/edgar/data/1100663/000141036825023225/0001410368-25-023225-index.html,2025q4_ncen.zip,0001410368-25-023225,S000068137,iShares MSCI Kuwait ETF,Y,Y,series_id,1.0,,False
KXI,iShares Global Consumer Staples ETF,not_determined,management_style_evidence_1.1,S000008881,index_passive_identified,high,sec_ncen_c3,SEC N-CEN C.3 identifies the series as an index fund,https://www.sec.gov/Archives/edgar/data/1100663/000100472626004646/0001004726-26-004646-index.html,2026q2_ncen.zip,0001004726-26-004646,S000008881,iShares Global Consumer Staples ETF,Y,Y,series_id,1.0,,True
LBAY,Leatherback Long/Short Alternative Yield ETF,active_identified,management_style_evidence_1.1,S000069694,active_identified,high,primary_source_override,SEC shareholder report states that LBAY is actively managed,https://www.sec.gov/Archives/edgar/data/1742912/000199937126010365/lbay-ncsrs_022826.htm,,,,,,,manual_ticker_override,,,False
LCR,Leuthold Core ETF,not_determined,management_style_evidence_1.1,S000066699|S000083373,active_identified,high,primary_source_override,Issuer fact sheet identifies a flexible actively managed tactical asset-allocation process,https://funds.leutholdgroup.com/etf/LCR/fact_sheet,,,,,,,manual_ticker_override,,N-CEN bulk rows for this series omit the ETF and index boolean fields; issuer evidence controls.,True
LCTD,iShares World ex U.S. Carbon Transition Readiness Aware Active ETF,active_identified,management_style_evidence_1.1,,active_identified,medium,sec_ncen_c3,SEC N-CEN C.3 does not identify the series as an index fund; classification refined by transparent product-name evidence (strategy_name_identifies_active_management),https://www.sec.gov/Archives/edgar/data/1761055/000141036825014326/0001410368-25-014326-index.html,2025q4_ncen.zip,0001410368-25-014326,S000071282,BlackRock World ex U.S. Carbon Transition Readiness ETF,Y,,ticker,0.7789473684210526,,False
LCTU,iShares U.S. Carbon Transition Readiness Aware Active ETF,active_identified,management_style_evidence_1.1,,active_identified,medium,sec_ncen_c3,SEC N-CEN C.3 does not identify the series as an index fund; classification refined by transparent product-name evidence (strategy_name_identifies_active_management),https://www.sec.gov/Archives/edgar/data/1761055/000141036825014326/0001410368-25-014326-index.html,2025q4_ncen.zip,0001410368-25-014326,S000071281,BlackRock U.S. Carbon Transition Readiness ETF,Y,,ticker,0.7407407407407407,,False
LDEM,iShares ESG MSCI EM Leaders ETF,systematic_or_rules_based,management_style_evidence_1.1,S000067838,index_passive_identified,high,sec_ncen_c3,SEC N-CEN C.3 identifies the series as an index fund,https://www.sec.gov/Archives/edgar/data/1100663/000141036825023225/0001410368-25-023225-index.html,2025q4_ncen.zip,0001410368-25-023225,S000067838,iShares ESG MSCI EM Leaders ETF,Y,Y,series_id,1.0,,True
LDSF,First Trust Low Duration Strategic Focus ETF,not_determined,management_style_evidence_1.1,S000063239,non_index_management_identified,high,sec_ncen_c3,SEC N-CEN C.3 does not identify the series as an index fund; the filing alone does not distinguish discretionary from rules-based management,https://www.sec.gov/Archives/edgar/data/1667919/000094040025005820/0000940400-25-005820-index.html,2025q4_ncen.zip,0000940400-25-005820,S000063239,First Trust Low Duration Strategic Focus ETF,Y,,series_id,1.0,,True
LDUR,PIMCO Enhanced Low Duration Active Exchange-Traded Fund,active_identified,management_style_evidence_1.1,S000037977,active_identified,medium,sec_ncen_c3,SEC N-CEN C.3 does not identify the series as an index fund; classification refined by transparent product-name evidence (strategy_name_identifies_active_management),https://www.sec.gov/Archives/edgar/data/1450011/000145001125000520/0001450011-25-000520-index.html,2025q3_ncen.zip,0001450011-25-000520,S000037977,PIMCO Enhanced Low Duration Active Exchange-Traded Fund,Y,,series_id,1.0,,False
LEGR,First Trust Indxx Innovative Transaction & Process ETF,index_passive_identified,management_style_evidence_1.1,S000061213,index_passive_identified,high,sec_ncen_c3,SEC N-CEN C.3 identifies the series as an index fund,https://www.sec.gov/Archives/edgar/data/1552740/000175272424283605/0001752724-24-283605-index.html,2024q4_ncen.zip,0001752724-24-283605,S000061213,First Trust Indxx Innovative Transaction & Process ETF,Y,Y,series_id,1.0,,False
LEMB,iShares J.P. Morgan EM Local Currency Bond,not_determined,management_style_evidence_1.1,S000033806,index_passive_identified,high,sec_ncen_c3,SEC N-CEN C.3 identifies the series as an index fund,https://www.sec.gov/Archives/edgar/data/930667/000141036826001032/0001410368-26-001032-index.html,2026q1_ncen.zip,0001410368-26-001032,S000033806,iShares J.P. Morgan EM Local Currency Bond ETF,Y,Y,series_id,0.9032258064516129,,True
LEXI,Alexis Practical Tactical ETF,active_identified,management_style_evidence_1.1,S000072266,active_identified,high,primary_source_override,Issuer states that LEXI is actively managed and portfolio decisions respond to changing information,https://www.lexietf.com/,,,,,,,manual_ticker_override,,,False
LFEQ,VanEck Long/Flat Trend ETF,not_determined,management_style_evidence_1.1,S000054127,index_passive_identified,high,sec_ncen_c3,SEC N-CEN C.3 identifies the series as an index fund,https://www.sec.gov/Archives/edgar/data/1137360/000141036825033784/0001410368-25-033784-index.html,2025q4_ncen.zip,0001410368-25-033784,S000054127,VanEck Long/Flat Trend ETF,Y,Y,series_id,1.0,,True
LGH,HCM Defender 500 Index ETF,index_passive_identified,management_style_evidence_1.1,S000066142,index_passive_identified,high,sec_ncen_c3,SEC N-CEN C.3 identifies the series as an index fund,https://www.sec.gov/Archives/edgar/data/1537140/000091047225000625/0000910472-25-000625-index.html,2025q3_ncen.zip,0000910472-25-000625,S000066142,HCM Defender 500 Index ETF,Y,Y,series_id,1.0,,False
LGLV,State Street SPDR US Large Cap Low Volatility Index ETF,systematic_or_rules_based,management_style_evidence_1.1,S000039794,index_passive_identified,high,sec_ncen_c3,SEC N-CEN C.3 identifies the series as an index fund,https://www.sec.gov/Archives/edgar/data/1064642/000141036826040180/0001410368-26-040180-index.html,2026q2_ncen.zip,0001410368-26-040180,S000039794,SPDR SSGA US Large Cap Low Volatility Index ETF,Y,Y,series_id,0.8235294117647058,,True
LGOV,First Trust Long Duration Opportunities ETF,not_determined,management_style_evidence_1.1,S000064087,non_index_management_identified,high,sec_ncen_c3,SEC N-CEN C.3 does not identify the series as an index fund; the filing alone does not distinguish discretionary from rules-based management,https://www.sec.gov/Archives/edgar/data/1517936/000094040026000180/0000940400-26-000180-index.html,2026q1_ncen.zip,0000940400-26-000180,S000064087,First Trust Long Duration Opportunities ETF,Y,,series_id,1.0,,True
LIT,Global X Lithium & Battery Tech ETF,not_determined,management_style_evidence_1.1,S000029441,index_passive_identified,high,sec_ncen_c3,SEC N-CEN C.3 identifies the series as an index fund,https://www.sec.gov/Archives/edgar/data/1432353/000204825126001907/0002048251-26-001907-index.html,2026q1_ncen.zip,0002048251-26-001907,S000029441,Global X Lithium & Battery Tech ETF,Y,Y,series_id,1.0,,True
LKOR,Northern Trust Credit-Scored US Long Corporate Bond ETF,not_determined,management_style_evidence_1.1,S000050613,index_passive_identified,high,sec_ncen_c3,SEC N-CEN C.3 identifies the series as an index fund,https://www.sec.gov/Archives/edgar/data/1491978/000207169126000168/0002071691-26-000168-index.html,2026q1_ncen.zip,0002071691-26-000168,S000050613,FlexShares Credit-Scored US Long Corporate Bond Index Fund,Y,Y,series_id,0.7674418604651163,,True
LMBS,First Trust Low Duration Opportunities ETF,not_determined,management_style_evidence_1.1,S000046204,non_index_management_identified,high,sec_ncen_c3,SEC N-CEN C.3 does not identify the series as an index fund; the filing alone does not distinguish discretionary from rules-based management,https://www.sec.gov/Archives/edgar/data/1517936/000094040026000180/0000940400-26-000180-index.html,2026q1_ncen.zip,0000940400-26-000180,S000046204,First Trust Low Duration Opportunities ETF,Y,,series_id,1.0,,True
LNGR,Global X Longevity Thematic ETF,not_determined,management_style_evidence_1.1,S000054162,index_passive_identified,high,sec_ncen_c3,SEC N-CEN C.3 identifies the series as an index fund,https://www.sec.gov/Archives/edgar/data/1432353/000204825126001908/0002048251-26-001908-index.html,2026q1_ncen.zip,0002048251-26-001908,S000054162,Global X Aging Population ETF,Y,Y,series_id,0.5769230769230769,,True
LOPP,Gabelli Love Our Planet & People ETF Gabelli Love Our Planet & People ETF,not_determined,management_style_evidence_1.1,S000069043,non_index_management_identified,high,sec_ncen_c3,SEC N-CEN C.3 does not identify the series as an index fund; the filing alone does not distinguish discretionary from rules-based management,https://www.sec.gov/Archives/edgar/data/1748425/000094040026025158/0000940400-26-025158-index.html,2026q2_ncen.zip,0000940400-26-025158,S000069043,Gabelli Love Our Planet & People ETF,Y,,series_id,0.5,,True
LOUP,Innovator Deepwater Frontier Tech ETF,not_determined,management_style_evidence_1.1,,index_passive_identified,high,sec_ncen_c3,SEC N-CEN C.3 identifies the series as an index fund,https://www.sec.gov/Archives/edgar/data/1415726/000089418926000385/0000894189-26-000385-index.html,2026q1_ncen.zip,0000894189-26-000385,S000062244,Innovator Deepwater Frontier Tech ETF,Y,Y,ticker,1.0,,True
LOWC,SPDR MSCI ACWI Low Carbon Target ETF,index_passive_identified,management_style_evidence_1.1,S000047509,index_passive_identified,high,sec_ncen_c3,SEC N-CEN C.3 identifies the series as an index fund,https://www.sec.gov/Archives/edgar/data/1168164/000141036825034454/0001410368-25-034454-index.html,2025q4_ncen.zip,0001410368-25-034454,S000047509,SPDR MSCI ACWI Climate Paris Aligned ETF,Y,Y,series_id,0.625,,False
LQD,iShares iBoxx $ Investment Grade Corporate Bond ETF,not_determined,management_style_evidence_1.1,S000004361,index_passive_identified,high,sec_ncen_c3,SEC N-CEN C.3 identifies the series as an index fund,https://www.sec.gov/Archives/edgar/data/1100663/000141036826044733/0001410368-26-044733-index.html,2026q2_ncen.zip,0001410368-26-044733,S000004361,iShares iBoxx $ Investment Grade Corporate Bond ETF,Y,Y,series_id,1.0,,True
LQDB,iShares BBB Rated Corporate Bond ETF,not_determined,management_style_evidence_1.1,S000071770,index_passive_identified,high,sec_ncen_c3,SEC N-CEN C.3 identifies the series as an index fund,https://www.sec.gov/Archives/edgar/data/1100663/000141036826044733/0001410368-26-044733-index.html,2026q2_ncen.zip,0001410368-26-044733,S000071770,iShares BBB Rated Corporate Bond ETF,Y,Y,series_id,1.0,,True
LQDH,iShares Interest Rate Hedged Corporate Bond ETF,not_determined,management_style_evidence_1.1,S000042862,index_passive_identified,high,sec_ncen_c3,SEC N-CEN C.3 identifies the series as an index fund,https://www.sec.gov/Archives/edgar/data/1524513/000141036826001033/0001410368-26-001033-index.html,2026q1_ncen.zip,0001410368-26-001033,S000042862,iShares Interest Rate Hedged Corporate Bond ETF,Y,Y,series_id,1.0,,True
LQDI,iShares Inflation Hedged Corporate Bond ETF,not_determined,management_style_evidence_1.1,S000058011,index_passive_identified,high,sec_ncen_c3,SEC N-CEN C.3 identifies the series as an index fund,https://www.sec.gov/Archives/edgar/data/1524513/000141036826001033/0001410368-26-001033-index.html,2026q1_ncen.zip,0001410368-26-001033,S000058011,iShares Inflation Hedged Corporate Bond ETF,Y,Y,series_id,1.0,,True
LRGE,ClearBridge Large Cap Growth Select ETF,systematic_or_rules_based,management_style_evidence_1.1,S000057700,active_identified,high,primary_source_override,Issuer classifies LRGE as active equity with bottom-up security selection,https://www.franklintempleton.com/investments/options/exchange-traded-funds/products/91630/SINGLCLASS/clearbridge-large-cap-growth-esg-etf/LRGE,,,,,,,manual_ticker_override,,,True
LRGF,iShares U.S. Equity Factor ETF,systematic_or_rules_based,management_style_evidence_1.1,S000048623,index_passive_identified,high,sec_ncen_c3,SEC N-CEN C.3 identifies the series as an index fund,https://www.sec.gov/Archives/edgar/data/1100663/000141036825014340/0001410368-25-014340-index.html,2025q4_ncen.zip,0001410368-25-014340,S000048623,iShares U.S. Equity Factor ETF,Y,Y,series_id,1.0,,True
LRND,NYLIM U.S. Large Cap R&D Leaders ETF,not_determined,management_style_evidence_1.1,S000074745,index_passive_identified,high,sec_ncen_c3,SEC N-CEN C.3 identifies the series as an index fund,https://www.sec.gov/Archives/edgar/data/1415995/000175272425165942/0001752724-25-165942-index.html,2025q3_ncen.zip,0001752724-25-165942,S000074745,NYLI U.S. Large Cap R&D Leaders ETF,Y,Y,series_id,0.9811320754716981,,True
LRNZ,"TrueShares Technology, AI & Deep Learning ETF",not_determined,management_style_evidence_1.1,S000068068|S000092123,non_index_management_identified,high,sec_ncen_c3,SEC N-CEN C.3 does not identify the series as an index fund; the filing alone does not distinguish discretionary from rules-based management,https://www.sec.gov/Archives/edgar/data/1936157/000193615726000077/0001936157-26-000077-index.html,2026q1_ncen.zip,0001936157-26-000077,S000092123,"TrueShares Technology, AI & Deep Learning ETF",Y,,series_id,1.0,,True
LSAF,LeaderShares AlphaFactor US Core Equity ETF,not_determined,management_style_evidence_1.1,S000089063,index_passive_identified,high,sec_ncen_c3,SEC N-CEN C.3 identifies the series as an index fund,https://www.sec.gov/Archives/edgar/data/1552947/000091047226000300/0000910472-26-000300-index.html,2026q1_ncen.zip,0000910472-26-000300,S000061956,LeaderShares AlphaFactor US Core Equity ETF,Y,Y,ticker,1.0,,True
LSAT,LeaderShares AlphaFactor Tactical Focused ETF,active_identified,management_style_evidence_1.1,S000089062,active_identified,high,primary_source_override,Issuer states that LSAT is an actively managed ETF using a quantitative factor methodology,https://www.leadersharesetfs.com/funds/leadershares-tactical-focused-etf,,,,,,,manual_ticker_override,,,False
LTPZ,Pimco 15  Year U.S. TIPS Index Exchange-Traded Fund,index_passive_identified,management_style_evidence_1.1,S000026343,index_passive_identified,high,sec_ncen_c3,SEC N-CEN C.3 identifies the series as an index fund,https://www.sec.gov/Archives/edgar/data/1450011/000145001125000520/0001450011-25-000520-index.html,2025q3_ncen.zip,0001450011-25-000520,S000026343,PIMCO 15+ Year U.S. TIPS Index Exchange-Traded Fund,Y,Y,series_id,1.0,,False
LVHB,Innovator Lunt Low Vol/High Beta Tactical ETF,active_identified,management_style_evidence_1.1,S000055264,index_passive_identified,high,primary_source_override,SEC prospectus identifies LVHB as an exchange-traded index fund tracking the Lunt Capital US Large Cap Equity Rotation Index,https://www.sec.gov/Archives/edgar/data/1595106/000143774919001848/elkhorn20190204_497k.htm,,,,,,,manual_ticker_override,,Historical LVHB was renamed and retickered BUFF in 2020; the unusually extended Yahoo history merits identity review.,True
LVHD,Franklin U.S. Low Volatility High Dividend Index ETF,systematic_or_rules_based,management_style_evidence_1.1,S000051686,index_passive_identified,high,sec_ncen_c3,SEC N-CEN C.3 identifies the series as an index fund,https://www.sec.gov/Archives/edgar/data/1645194/000094040026023423/0000940400-26-023423-index.html,2026q2_ncen.zip,0000940400-26-023423,S000051686,Franklin U.S. Low Volatility High Dividend Index ETF,Y,Y,series_id,1.0,,True
LVHI,Franklin International Low Volatility High Dividend Index ETF,systematic_or_rules_based,management_style_evidence_1.1,S000054583,index_passive_identified,high,sec_ncen_c3,SEC N-CEN C.3 identifies the series as an index fund,https://www.sec.gov/Archives/edgar/data/1645194/000094040026023423/0000940400-26-023423-index.html,2026q2_ncen.zip,0000940400-26-023423,S000054583,Franklin International Low Volatility High Dividend Index ETF,Y,Y,series_id,1.0,,True
MAGA,Truth Social America First ETF,not_determined,management_style_evidence_1.1,S000058757,index_passive_identified,high,sec_ncen_c3,SEC N-CEN C.3 identifies the series as an index fund,https://www.sec.gov/Archives/edgar/data/1540305/000089418925006969/0000894189-25-006969-index.html,2025q3_ncen.zip,0000894189-25-006969,S000058757,Point Bridge America First ETF,Y,Y,series_id,0.6923076923076923,,True
MAKX,ProShares S&P Kensho Smart Factories ETF,index_passive_identified,management_style_evidence_1.1,S000073417,index_passive_identified,high,sec_ncen_c3,SEC N-CEN C.3 identifies the series as an index fund,https://www.sec.gov/Archives/edgar/data/1174610/000175272425186802/0001752724-25-186802-index.html,2025q3_ncen.zip,0001752724-25-186802,S000073417,ProShares S&P Kensho Smart Factories ETF,Y,Y,series_id,1.0,,False
MAMB,Monarch Ambassador Income Index ETF,index_passive_identified,management_style_evidence_1.1,S000071242,index_passive_identified,high,sec_ncen_c3,SEC N-CEN C.3 identifies the series as an index fund,https://www.sec.gov/Archives/edgar/data/1644419/000091047226006460/0000910472-26-006460-index.html,2026q2_ncen.zip,0000910472-26-006460,S000071242,Monarch Ambassador Income Index ETF,Y,Y,series_id,1.0,,False
MBB,iShares MBS ETF,not_determined,management_style_evidence_1.1,S000013702,index_passive_identified,high,sec_ncen_c3,SEC N-CEN C.3 identifies the series as an index fund,https://www.sec.gov/Archives/edgar/data/1100663/000141036826044733/0001410368-26-044733-index.html,2026q2_ncen.zip,0001410368-26-044733,S000013702,iShares MBS ETF,Y,Y,series_id,1.0,,True
MBBB,VanEck Moody's Analytics BBB Corporate Bond ETF,not_determined,management_style_evidence_1.1,S000069557,index_passive_identified,high,sec_ncen_c3,SEC N-CEN C.3 identifies the series as an index fund,https://www.sec.gov/Archives/edgar/data/1137360/000175272425165267/0001752724-25-165267-index.html,2025q3_ncen.zip,0001752724-25-165267,S000069557,VanEck Moody's Analytics BBB Corporate Bond ETF,Y,Y,series_id,1.0,,True
MBCE,Monarch Blue Chips Elite Index ETF,index_passive_identified,management_style_evidence_1.1,,index_passive_identified,high,primary_source_override,Issuer states that MBCE is a passively indexed ETF tracking the Monarch Blue Chips Elite Index,https://monarchfunds.com/blue-chips-elite-etf,,,,,,,manual_ticker_override,,,False
MBND,State Street Nuveen Municipal Bond ETF,not_determined,management_style_evidence_1.1,S000070917,non_index_management_identified,high,sec_ncen_c3,SEC N-CEN C.3 does not identify the series as an index fund; the filing alone does not distinguish discretionary from rules-based management,https://www.sec.gov/Archives/edgar/data/1516212/000175272425214851/0001752724-25-214851-index.html,2025q3_ncen.zip,0001752724-25-214851,S000070917,SPDR Nuveen Municipal Bond ETF,Y,,series_id,0.8135593220338984,,True
MBOX,Freedom Day Dividend ETF,systematic_or_rules_based,management_style_evidence_1.1,S000071574,active_identified,high,primary_source_override,SEC prospectus states that MBOX is actively managed,https://www.sec.gov/Archives/edgar/data/1592900/000159290025000169/R2.htm,,,,,,,manual_ticker_override,,,True
MBSD,Northern Trust Disciplined Duration MBS ETF,not_determined,management_style_evidence_1.1,S000046193,index_passive_identified,high,sec_ncen_c3,SEC N-CEN C.3 identifies the series as an index fund,https://www.sec.gov/Archives/edgar/data/1491978/000207169126000168/0002071691-26-000168-index.html,2026q1_ncen.zip,0002071691-26-000168,S000046193,FlexShares Disciplined Duration MBS Index Fund,Y,Y,series_id,0.7058823529411765,,True
MCEF,First Trust Municipal CEF Income Opportunity ETF,not_determined,management_style_evidence_1.1,S000053970,non_index_management_identified,high,sec_ncen_c3,SEC N-CEN C.3 does not identify the series as an index fund; the filing alone does not distinguish discretionary from rules-based management,https://www.sec.gov/Archives/edgar/data/1667919/000094040025005820/0000940400-25-005820-index.html,2025q4_ncen.zip,0000940400-25-005820,S000053970,First Trust Flexible Municipal High Income ETF,Y,,series_id,0.6829268292682927,,True
MCHI,iShares MSCI China ETF,index_passive_identified,management_style_evidence_1.1,S000031717,index_passive_identified,high,sec_ncen_c3,SEC N-CEN C.3 identifies the series as an index fund,https://www.sec.gov/Archives/edgar/data/1100663/000141036825023225/0001410368-25-023225-index.html,2025q4_ncen.zip,0001410368-25-023225,S000031717,iShares MSCI China ETF,Y,Y,series_id,1.0,,False
MDEV,First Trust Indxx Medical Devices ETF,index_passive_identified,management_style_evidence_1.1,S000071976,index_passive_identified,high,sec_ncen_c3,SEC N-CEN C.3 identifies the series as an index fund,https://www.sec.gov/Archives/edgar/data/1552740/000094040026023374/0000940400-26-023374-index.html,2026q2_ncen.zip,0000940400-26-023374,S000071976,First Trust Indxx Medical Devices ETF,Y,Y,series_id,1.0,,False
MDIV,Multi-Asset Diversified Income Index Fund,index_passive_identified,management_style_evidence_1.1,S000038245,index_passive_identified,high,sec_ncen_c3,SEC N-CEN C.3 identifies the series as an index fund,https://www.sec.gov/Archives/edgar/data/1552740/000175272424283605/0001752724-24-283605-index.html,2024q4_ncen.zip,0001752724-24-283605,S000038245,Multi-Asset Diversified Income Index Fund,Y,Y,series_id,1.0,,False
MDY,State Street SPDR S&P MIDCAP 400 ETF Trust,index_passive_identified,management_style_evidence_1.1,,index_passive_identified,high,primary_source_override,Issuer states that the unit investment trust seeks to track the S&P MidCap 400 Index,https://www.ssga.com/us/en/institutional/etfs/state-street-spdr-sp-midcap-400-etf-trust-mdy,,,,,,,manual_ticker_override,,Unit investment trust outside ordinary N-CEN registered-fund coverage.,False
MDYG,State Street SPDR S&P 400 Mid Cap Growth ETF,systematic_or_rules_based,management_style_evidence_1.1,,index_passive_identified,high,sec_ncen_c3,SEC N-CEN C.3 identifies the series as an index fund,https://www.sec.gov/Archives/edgar/data/1064642/000141036826040180/0001410368-26-040180-index.html,2026q2_ncen.zip,0001410368-26-040180,S000006987,SPDR(R) S & P 400 Mid Cap Growth ETF,Y,Y,ticker,0.8,,True
MDYV,State Street SPDR S&P 400 Mid Cap Value ETF,systematic_or_rules_based,management_style_evidence_1.1,,index_passive_identified,high,sec_ncen_c3,SEC N-CEN C.3 identifies the series as an index fund,https://www.sec.gov/Archives/edgar/data/1064642/000141036826040180/0001410368-26-040180-index.html,2026q2_ncen.zip,0001410368-26-040180,S000006988,SPDR(R) S & P 400 Mid Cap Value ETF,Y,Y,ticker,0.7931034482758621,,True
MEAR,iShares Short Maturity Municipal Bond Active ETF,active_identified,management_style_evidence_1.1,S000047352,active_identified,medium,sec_ncen_c3,SEC N-CEN C.3 does not identify the series as an index fund; classification refined by transparent product-name evidence (strategy_name_identifies_active_management),https://www.sec.gov/Archives/edgar/data/1524513/000141036826001033/0001410368-26-001033-index.html,2026q1_ncen.zip,0001410368-26-001033,S000047352,iShares Short Maturity Municipal Bond Active ETF,Y,,series_id,1.0,,False
METV,Roundhill Ball Metaverse ETF,not_determined,management_style_evidence_1.1,,index_passive_identified,high,sec_ncen_c3,SEC N-CEN C.3 identifies the series as an index fund,https://www.sec.gov/Archives/edgar/data/1683471/000089418926007824/0000894189-26-007824-index.html,2026q1_ncen.zip,0000894189-26-007824,S000072321,Roundhill Ball Metaverse ETF,Y,Y,ticker,1.0,,True
MFDX,PIMCO RAFI Dynamic Multi-Factor International Equity ETF,systematic_or_rules_based,management_style_evidence_1.1,S000057224,index_passive_identified,high,sec_ncen_c3,SEC N-CEN C.3 identifies the series as an index fund,https://www.sec.gov/Archives/edgar/data/1479360/000147936025000551/0001479360-25-000551-index.html,2025q3_ncen.zip,0001479360-25-000551,S000057224,PIMCO RAFI Dynamic Multi-Factor International Equity ETF,Y,Y,series_id,1.0,,True
MFEM,PIMCO RAFI Dynamic Multi-Factor Emerging Markets Equity ETF,systematic_or_rules_based,management_style_evidence_1.1,S000057223,index_passive_identified,high,sec_ncen_c3,SEC N-CEN C.3 identifies the series as an index fund,https://www.sec.gov/Archives/edgar/data/1479360/000147936025000551/0001479360-25-000551-index.html,2025q3_ncen.zip,0001479360-25-000551,S000057223,PIMCO RAFI Dynamic Multi-Factor Emerging Markets Equity ETF,Y,Y,series_id,1.0,,True
MFLX,First Trust Flexible Municipal High Income ETF,not_determined,management_style_evidence_1.1,,non_index_management_identified,high,sec_ncen_c3,SEC N-CEN C.3 does not identify the series as an index fund; the filing alone does not distinguish discretionary from rules-based management,https://www.sec.gov/Archives/edgar/data/1667919/000094040025005820/0000940400-25-005820-index.html,2025q4_ncen.zip,0000940400-25-005820,S000053970,First Trust Flexible Municipal High Income ETF,Y,,ticker,1.0,,True
MFMS,MFAM Small-Cap Growth ETF,systematic_or_rules_based,management_style_evidence_1.1,S000063392,active_identified,high,primary_source_override,Issuer groups the small-cap growth strategy with its active funds and describes portfolio-manager security selection,https://fooletfs.com/active-strategy,,,,,,,manual_ticker_override,,Historical ticker/name identity for the strategy now represented by TMFS.,True
MFUL,Mindful Conservative ETF,not_determined,management_style_evidence_1.1,S000072879,non_index_management_identified,high,sec_ncen_c3,SEC N-CEN C.3 does not identify the series as an index fund; the filing alone does not distinguish discretionary from rules-based management,https://www.sec.gov/Archives/edgar/data/1719812/000175272424281965/0001752724-24-281965-index.html,2024q4_ncen.zip,0001752724-24-281965,S000072879,Mindful Conservative ETF,Y,,series_id,1.0,,True
MFUS,PIMCO RAFI Dynamic Multi-Factor U.S. Equity ETF,systematic_or_rules_based,management_style_evidence_1.1,S000057225,index_passive_identified,high,sec_ncen_c3,SEC N-CEN C.3 identifies the series as an index fund,https://www.sec.gov/Archives/edgar/data/1479360/000147936025000551/0001479360-25-000551-index.html,2025q3_ncen.zip,0001479360-25-000551,S000057225,PIMCO RAFI Dynamic Multi-Factor U.S. Equity ETF,Y,Y,series_id,1.0,,True
MGC,Vanguard Morningstar Mega Cap ETF,index_passive_identified,management_style_evidence_1.1,S000019698,index_passive_identified,high,sec_ncen_c3,SEC N-CEN C.3 identifies the series as an index fund,https://www.sec.gov/Archives/edgar/data/52848/000005284825000301/0000052848-25-000301-index.html,2025q4_ncen.zip,0000052848-25-000301,S000019698,VANGUARD MEGA CAP INDEX FUND,Y,Y,series_id,0.6666666666666666,,False
MGK,Vanguard Morningstar Mega Cap Growth ETF,systematic_or_rules_based,management_style_evidence_1.1,S000019700,index_passive_identified,high,sec_ncen_c3,SEC N-CEN C.3 identifies the series as an index fund,https://www.sec.gov/Archives/edgar/data/52848/000005284825000314/0000052848-25-000314-index.html,2025q4_ncen.zip,0000052848-25-000314,S000019700,VANGUARD MEGA CAP GROWTH INDEX FUND,Y,Y,series_id,0.7333333333333333,,True
MGMT,Ballast Small/Mid Cap ETF,not_determined,management_style_evidence_1.1,S000070046,non_index_management_identified,high,sec_ncen_c3,SEC N-CEN C.3 does not identify the series as an index fund; the filing alone does not distinguish discretionary from rules-based management,https://www.sec.gov/Archives/edgar/data/1199046/000091047225005658/0000910472-25-005658-index.html,2025q4_ncen.zip,0000910472-25-005658,S000070046,BALLAST SMALL/MID CAP ETF,Y,,series_id,1.0,,True
MGV,Vanguard Morningstar Mega Cap Value ETF,systematic_or_rules_based,management_style_evidence_1.1,S000019699,index_passive_identified,high,sec_ncen_c3,SEC N-CEN C.3 identifies the series as an index fund,https://www.sec.gov/Archives/edgar/data/52848/000005284825000301/0000052848-25-000301-index.html,2025q4_ncen.zip,0000052848-25-000301,S000019699,VANGUARD MEGA CAP VALUE INDEX FUND,Y,Y,series_id,0.7241379310344828,,True
MID,American Century Mid Cap Growth Impact ETF,systematic_or_rules_based,management_style_evidence_1.1,S000068306,active_identified,high,primary_source_override,Issuer states that MID is actively managed and does not replicate an index,https://www.americancentury.com/advisors/investment-products/etfs/,,,,,,,manual_ticker_override,,,True
MIDE,Xtrackers S&P MidCap 400 Scored & Screened ETF,index_passive_identified,management_style_evidence_1.1,S000070348,index_passive_identified,high,sec_ncen_c3,SEC N-CEN C.3 identifies the series as an index fund,https://www.sec.gov/Archives/edgar/data/1503123/000094040025005824/0000940400-25-005824-index.html,2025q4_ncen.zip,0000940400-25-005824,S000070348,Xtrackers S&P MidCap 400 Scored & Screened ETF,Y,Y,series_id,1.0,,False
MIG,VanEck Moody's Analytics IG Corporate Bond ETF,not_determined,management_style_evidence_1.1,S000069556,index_passive_identified,high,sec_ncen_c3,SEC N-CEN C.3 identifies the series as an index fund,https://www.sec.gov/Archives/edgar/data/1137360/000175272425165267/0001752724-25-165267-index.html,2025q3_ncen.zip,0001752724-25-165267,S000069556,VanEck Moody's Analytics IG Corporate Bond ETF,Y,Y,series_id,1.0,,True
MILN,Global X Millennial Consumer ETF,not_determined,management_style_evidence_1.1,S000054163,index_passive_identified,high,sec_ncen_c3,SEC N-CEN C.3 identifies the series as an index fund,https://www.sec.gov/Archives/edgar/data/1432353/000204825126001908/0002048251-26-001908-index.html,2026q1_ncen.zip,0002048251-26-001908,S000054163,Global X Millennial Consumer ETF,Y,Y,series_id,1.0,,True
MINN,Mairs & Power Minnesota Municipal Bond ETF,not_determined,management_style_evidence_1.1,S000069483,non_index_management_identified,high,sec_ncen_c3,SEC N-CEN C.3 does not identify the series as an index fund; the filing alone does not distinguish discretionary from rules-based management,https://www.sec.gov/Archives/edgar/data/1141819/000089418926007726/0000894189-26-007726-index.html,2026q1_ncen.zip,0000894189-26-007726,S000069483,Mairs & Power Minnesota Municipal Bond ETF,Y,,series_id,1.0,,True
MINO,PIMCO Municipal Income Opportunities Active Exchange-Traded Fund,active_identified,management_style_evidence_1.1,S000072714,active_identified,medium,sec_ncen_c3,SEC N-CEN C.3 does not identify the series as an index fund; classification refined by transparent product-name evidence (strategy_name_identifies_active_management),https://www.sec.gov/Archives/edgar/data/1450011/000145001125000520/0001450011-25-000520-index.html,2025q3_ncen.zip,0001450011-25-000520,S000072714,PIMCO Municipal Income Opportunities Active Exchange-Traded Fund,Y,,series_id,1.0,,False
MINT,PIMCO Enhanced Short Maturity Active Exchange-Traded Fund,active_identified,management_style_evidence_1.1,S000026751,active_identified,medium,sec_ncen_c3,SEC N-CEN C.3 does not identify the series as an index fund; classification refined by transparent product-name evidence (strategy_name_identifies_active_management),https://www.sec.gov/Archives/edgar/data/1450011/000145001125000520/0001450011-25-000520-index.html,2025q3_ncen.zip,0001450011-25-000520,S000026751,PIMCO Enhanced Short Maturity Active Exchange-Traded Fund,Y,,series_id,1.0,,False
MJ,Amplify Alternative Harvest ETF,not_determined,management_style_evidence_1.1,,index_passive_identified,high,sec_ncen_c3,SEC N-CEN C.3 identifies the series as an index fund,https://www.sec.gov/Archives/edgar/data/1633061/000114554924078539/0001145549-24-078539-index.html,2024q4_ncen.zip,0001145549-24-078539,S000082272,Amplify Alternative Harvest ETF,Y,Y,ticker,1.0,,True
MLN,VanEck Long Muni ETF,not_determined,management_style_evidence_1.1,S000019191,index_passive_identified,high,sec_ncen_c3,SEC N-CEN C.3 identifies the series as an index fund,https://www.sec.gov/Archives/edgar/data/1137360/000175272425165267/0001752724-25-165267-index.html,2025q3_ncen.zip,0001752724-25-165267,S000019191,VanEck Long Muni ETF,Y,Y,series_id,1.0,,True
MLPA,Global X MLP ETF,not_determined,management_style_evidence_1.1,,index_passive_identified,high,sec_ncen_c3,SEC N-CEN C.3 identifies the series as an index fund,https://www.sec.gov/Archives/edgar/data/1432353/000204825126001908/0002048251-26-001908-index.html,2026q1_ncen.zip,0002048251-26-001908,S000033201,Global X MLP ETF,Y,Y,ticker,1.0,,True
MLPB,UBS ETRACS Alerian MLP Infrastructure Index ETN Series B,index_passive_identified,management_style_evidence_1.1,,not_applicable_security,high,primary_source_override,Issuer lists MLPB among its senior unsecured exchange-traded notes,https://etracs.ubs.com/,,,,,,,manual_ticker_override,,Debt instrument: ETF management-style taxonomy is not applicable.,True
MLPX,Global X MLP & Energy Infrastructure ETF,not_determined,management_style_evidence_1.1,,index_passive_identified,high,sec_ncen_c3,SEC N-CEN C.3 identifies the series as an index fund,https://www.sec.gov/Archives/edgar/data/1432353/000204825126001908/0002048251-26-001908-index.html,2026q1_ncen.zip,0002048251-26-001908,S000040076,Global X MLP & Energy Infrastructure ETF,Y,Y,ticker,1.0,,True
MMCA,NYLIM MacKay California Muni Intermediate ETF,not_determined,management_style_evidence_1.1,S000069622,non_index_management_identified,high,sec_ncen_c3,SEC N-CEN C.3 does not identify the series as an index fund; the filing alone does not distinguish discretionary from rules-based management,https://www.sec.gov/Archives/edgar/data/1426439/000175272425165944/0001752724-25-165944-index.html,2025q3_ncen.zip,0001752724-25-165944,S000069622,NYLI MacKay California Muni Intermediate ETF,Y,,series_id,0.9873417721518988,,True
MMIN,NYLIM MacKay Muni Insured ETF,not_determined,management_style_evidence_1.1,S000057660,non_index_management_identified,high,sec_ncen_c3,SEC N-CEN C.3 does not identify the series as an index fund; the filing alone does not distinguish discretionary from rules-based management,https://www.sec.gov/Archives/edgar/data/1426439/000175272425165944/0001752724-25-165944-index.html,2025q3_ncen.zip,0001752724-25-165944,S000057660,NYLI MacKay Muni Insured ETF,Y,,series_id,0.9795918367346939,,True
MMIT,NYLIM MacKay Muni Intermediate ETF,not_determined,management_style_evidence_1.1,S000057661,non_index_management_identified,high,sec_ncen_c3,SEC N-CEN C.3 does not identify the series as an index fund; the filing alone does not distinguish discretionary from rules-based management,https://www.sec.gov/Archives/edgar/data/1426439/000175272425165944/0001752724-25-165944-index.html,2025q3_ncen.zip,0001752724-25-165944,S000057661,NYLI MacKay Muni Intermediate ETF,Y,,series_id,0.9830508474576272,,True
MMSC,First Trust Multi-Manager Small Cap Opportunities ETF,not_determined,management_style_evidence_1.1,S000073489,non_index_management_identified,high,sec_ncen_c3,SEC N-CEN C.3 does not identify the series as an index fund; the filing alone does not distinguish discretionary from rules-based management,https://www.sec.gov/Archives/edgar/data/1667919/000094040025005820/0000940400-25-005820-index.html,2025q4_ncen.zip,0000940400-25-005820,S000073489,First Trust Multi-Manager Small Cap Opportunities ETF,Y,,series_id,1.0,,True
MMTM,State Street SPDR S&P 1500 Momentum Tilt ETF,systematic_or_rules_based,management_style_evidence_1.1,S000033832,index_passive_identified,high,sec_ncen_c3,SEC N-CEN C.3 identifies the series as an index fund,https://www.sec.gov/Archives/edgar/data/1064642/000141036826040180/0001410368-26-040180-index.html,2026q2_ncen.zip,0001410368-26-040180,S000033832,SPDR S&P 1500 Momentum Tilt ETF,Y,Y,series_id,0.6944444444444444,,True
MNA,NYLIM Merger Arbitrage ETF,active_identified,management_style_evidence_1.1,S000025931,index_passive_identified,high,sec_ncen_c3,SEC N-CEN C.3 identifies the series as an index fund,https://www.sec.gov/Archives/edgar/data/1415995/000175272425165942/0001752724-25-165942-index.html,2025q3_ncen.zip,0001752724-25-165942,S000025931,NYLI Merger Arbitrage ETF,Y,Y,series_id,0.9777777777777777,,True
MOAT,VanEck Morningstar Wide Moat ETF,systematic_or_rules_based,management_style_evidence_1.1,S000036713,index_passive_identified,high,sec_ncen_c3,SEC N-CEN C.3 identifies the series as an index fund,https://www.sec.gov/Archives/edgar/data/1137360/000141036825033784/0001410368-25-033784-index.html,2025q4_ncen.zip,0001410368-25-033784,S000036713,VanEck Morningstar Wide Moat ETF,Y,Y,series_id,1.0,,True
MOO,VanEck Agribusiness ETF,not_determined,management_style_evidence_1.1,S000018474,index_passive_identified,high,sec_ncen_c3,SEC N-CEN C.3 identifies the series as an index fund,https://www.sec.gov/Archives/edgar/data/1137360/000141036826024760/0001410368-26-024760-index.html,2026q1_ncen.zip,0001410368-26-024760,S000018474,VanEck Agribusiness ETF,Y,Y,series_id,1.0,,True
MORT,VanEck Mortgage REIT Income ETF,not_determined,management_style_evidence_1.1,S000033325,index_passive_identified,high,sec_ncen_c3,SEC N-CEN C.3 identifies the series as an index fund,https://www.sec.gov/Archives/edgar/data/1137360/000141036826024760/0001410368-26-024760-index.html,2026q1_ncen.zip,0001410368-26-024760,S000033325,VanEck Mortgage REIT Income ETF,Y,Y,series_id,1.0,,True
MOTG,VanEck Morningstar Global Wide Moat ETF,systematic_or_rules_based,management_style_evidence_1.1,,index_passive_identified,high,sec_ncen_c3,SEC N-CEN C.3 identifies the series as an index fund,https://www.sec.gov/Archives/edgar/data/1137360/000141036825033784/0001410368-25-033784-index.html,2025q4_ncen.zip,0001410368-25-033784,S000063090,VanEck Morningstar Global Wide Moat ETF,Y,Y,ticker,1.0,,True
MOTI,VanEck Morningstar International Moat ETF,index_passive_identified,management_style_evidence_1.1,S000049283,index_passive_identified,high,sec_ncen_c3,SEC N-CEN C.3 identifies the series as an index fund,https://www.sec.gov/Archives/edgar/data/1137360/000141036825033784/0001410368-25-033784-index.html,2025q4_ncen.zip,0001410368-25-033784,S000049283,VanEck Morningstar International Moat ETF,Y,Y,series_id,1.0,,False
MOTO,Guinness Atkinson Smart Transportation & Technology ETF,not_determined,management_style_evidence_1.1,S000065017,non_index_management_identified,high,sec_ncen_c3,SEC N-CEN C.3 does not identify the series as an index fund; the filing alone does not distinguish discretionary from rules-based management,https://www.sec.gov/Archives/edgar/data/919160/000139834426005280/0001398344-26-005280-index.html,2026q1_ncen.zip,0001398344-26-005280,S000065017,Guinness Atkinson Smart Transportation & Technology ETF,Y,,series_id,1.0,,True
MPRO,Monarch ProCap Index ETF,index_passive_identified,management_style_evidence_1.1,S000071244,index_passive_identified,high,sec_ncen_c3,SEC N-CEN C.3 identifies the series as an index fund,https://www.sec.gov/Archives/edgar/data/1644419/000091047226006460/0000910472-26-006460-index.html,2026q2_ncen.zip,0000910472-26-006460,S000071244,Monarch ProCap Index ETF,Y,Y,series_id,1.0,,False
MRGR,ProShares Merger ETF,not_determined,management_style_evidence_1.1,,index_passive_identified,high,sec_ncen_c3,SEC N-CEN C.3 identifies the series as an index fund,https://www.sec.gov/Archives/edgar/data/1174610/000175272425186802/0001752724-25-186802-index.html,2025q3_ncen.zip,0001752724-25-186802,S000037318,ProShares Merger ETF,Y,Y,ticker,1.0,,True
MRSK,Toews Agility Shares Managed Risk ETF,active_identified,management_style_evidence_1.1,,active_identified,high,primary_source_override,SEC financial statements identify the Toews funds as actively managed ETFs,https://www.sec.gov/Archives/edgar/data/1314414/000158064226004276/toewsagilityetfs_ncsr.htm,,,,,,,manual_ticker_override,,,False
MSMR,McElhenny Sheffield Managed Risk ETF,active_identified,management_style_evidence_1.1,S000074297,active_identified,high,primary_source_override,SEC shareholder report identifies MSMR as an actively managed ETF using proprietary trend and momentum strategies,https://www.sec.gov/Archives/edgar/data/1540305/000113322825000384/msmre-efp12728_ncsr.htm,,,,,,,manual_ticker_override,,,False
MSTB,LHA Market State Tactical Beta ETF,active_identified,management_style_evidence_1.1,S000069542,active_identified,high,primary_source_override,SEC financial statements identify MSTB as an actively managed ETF,https://www.lhafunds.com/lha_uploads/fund/LHA-ETFs-123125-Annual-Financial-Statements-and-Additional-Information-Final-Public.pdf,,,,,,,manual_ticker_override,,Rules-based risk management is a strategy attribute and does not negate the active management classification.,False
MTGP,WisdomTree Mortgage Plus Bond Fund,not_determined,management_style_evidence_1.1,S000065063,non_index_management_identified,high,sec_ncen_c3,SEC N-CEN C.3 does not identify the series as an index fund; the filing alone does not distinguish discretionary from rules-based management,https://www.sec.gov/Archives/edgar/data/1350487/000094040025005898/0000940400-25-005898-index.html,2025q4_ncen.zip,0000940400-25-005898,S000065063,WisdomTree Mortgage Plus Bond Fund,Y,,series_id,1.0,,True
MTUM,iShares MSCI USA Momentum Factor ETF,systematic_or_rules_based,management_style_evidence_1.1,S000040316,index_passive_identified,high,sec_ncen_c3,SEC N-CEN C.3 identifies the series as an index fund,https://www.sec.gov/Archives/edgar/data/1100663/000141036825014340/0001410368-25-014340-index.html,2025q4_ncen.zip,0001410368-25-014340,S000040316,iShares MSCI USA Momentum Factor ETF,Y,Y,series_id,1.0,,True
MUB,iShares National Muni Bond ETF,not_determined,management_style_evidence_1.1,S000018861,index_passive_identified,high,sec_ncen_c3,SEC N-CEN C.3 identifies the series as an index fund,https://www.sec.gov/Archives/edgar/data/1100663/000141036826044733/0001410368-26-044733-index.html,2026q2_ncen.zip,0001410368-26-044733,S000018861,iShares National Muni Bond ETF,Y,Y,series_id,1.0,,True
MUNI,PIMCO Intermediate Municipal Bond Active Exchange-Traded Fund,active_identified,management_style_evidence_1.1,S000026755,active_identified,medium,sec_ncen_c3,SEC N-CEN C.3 does not identify the series as an index fund; classification refined by transparent product-name evidence (strategy_name_identifies_active_management),https://www.sec.gov/Archives/edgar/data/1450011/000145001125000520/0001450011-25-000520-index.html,2025q3_ncen.zip,0001450011-25-000520,S000026755,PIMCO Intermediate Municipal Bond Active Exchange-Traded Fund,Y,,series_id,1.0,,False
MUSI,American Century Multisector Income ETF,not_determined,management_style_evidence_1.1,S000072410,non_index_management_identified,high,sec_ncen_c3,SEC N-CEN C.3 does not identify the series as an index fund; the filing alone does not distinguish discretionary from rules-based management,https://www.sec.gov/Archives/edgar/data/1710607/000114554924068816/0001145549-24-068816-index.html,2024q4_ncen.zip,0001145549-24-068816,S000072410,American Century Multisector Income ETF,Y,,series_id,1.0,,True
MUST,Columbia Multi-Sector Municipal Income ETF,not_determined,management_style_evidence_1.1,S000062425,index_passive_identified,high,sec_ncen_c3,SEC N-CEN C.3 identifies the series as an index fund,https://www.sec.gov/Archives/edgar/data/1551950/000119312526008591/0001193125-26-008591-index.html,2026q1_ncen.zip,0001193125-26-008591,S000062425,Columbia Multi-Sector Municipal Income ETF,Y,Y,series_id,1.0,,True
MXI,iShares Global Materials ETF,not_determined,management_style_evidence_1.1,S000008884,index_passive_identified,high,sec_ncen_c3,SEC N-CEN C.3 identifies the series as an index fund,https://www.sec.gov/Archives/edgar/data/1100663/000100472626004646/0001004726-26-004646-index.html,2026q2_ncen.zip,0001004726-26-004646,S000008884,iShares Global Materials ETF,Y,Y,series_id,1.0,,True
NACP,Impact Shares NAACP Minority Empowerment ETF,not_determined,management_style_evidence_1.1,S000061286,index_passive_identified,high,sec_ncen_c3,SEC N-CEN C.3 identifies the series as an index fund,https://www.sec.gov/Archives/edgar/data/1722388/000200032425003627/0002000324-25-003627-index.html,2025q3_ncen.zip,0002000324-25-003627,S000061286,Impact Shares NAACP Minority Empowerment ETF,Y,Y,series_id,1.0,,True
NANR,State Street SPDR S&P North American Natural Resources ETF,index_passive_identified,management_style_evidence_1.1,S000052050,index_passive_identified,high,sec_ncen_c3,SEC N-CEN C.3 identifies the series as an index fund,https://www.sec.gov/Archives/edgar/data/1168164/000141036825034454/0001410368-25-034454-index.html,2025q4_ncen.zip,0001410368-25-034454,S000052050,SPDR S&P North American Natural Resources ETF,Y,Y,series_id,0.7755102040816326,,False
NEAR,iShares Short Duration Bond Active ETF,active_identified,management_style_evidence_1.1,S000037042,active_identified,medium,sec_ncen_c3,SEC N-CEN C.3 does not identify the series as an index fund; classification refined by transparent product-name evidence (strategy_name_identifies_active_management),https://www.sec.gov/Archives/edgar/data/1524513/000141036826001033/0001410368-26-001033-index.html,2026q1_ncen.zip,0001410368-26-001033,S000037042,iShares Short Duration Bond Active ETF,Y,,series_id,1.0,,False
NERD,Roundhill Video Games ETF,not_determined,management_style_evidence_1.1,S000065293,non_index_management_identified,high,sec_ncen_c3,SEC N-CEN C.3 does not identify the series as an index fund; the filing alone does not distinguish discretionary from rules-based management,https://www.sec.gov/Archives/edgar/data/1683471/000089418926007824/0000894189-26-007824-index.html,2026q1_ncen.zip,0000894189-26-007824,S000065293,Roundhill Video Games ETF,Y,,series_id,1.0,,True
NETL,Colterpoint Net Lease Real Estate ETF,not_determined,management_style_evidence_1.1,S000065033,index_passive_identified,high,sec_ncen_c3,SEC N-CEN C.3 identifies the series as an index fund,https://www.sec.gov/Archives/edgar/data/1540305/000119312526223051/0001193125-26-223051-index.html,2026q2_ncen.zip,0001193125-26-223051,S000065033,Colterpoint Net Lease Real Estate ETF,Y,Y,series_id,1.0,,True
NETZ,Engine No. 1 Transform Climate ETF,not_determined,management_style_evidence_1.1,S000072458,non_index_management_identified,high,sec_ncen_c3,SEC N-CEN C.3 does not identify the series as an index fund; the filing alone does not distinguish discretionary from rules-based management,https://www.sec.gov/Archives/edgar/data/1831313/000141036826000567/0001410368-26-000567-index.html,2026q1_ncen.zip,0001410368-26-000567,S000072458,TCW Transform Systems ETF,Y,,series_id,0.56,,True
NFLT,Virtus Newfleet Multi-Sector Bond ETF,not_determined,management_style_evidence_1.1,S000048895,non_index_management_identified,high,sec_ncen_c3,SEC N-CEN C.3 does not identify the series as an index fund; the filing alone does not distinguish discretionary from rules-based management,https://www.sec.gov/Archives/edgar/data/1559109/000094040026000209/0000940400-26-000209-index.html,2026q1_ncen.zip,0000940400-26-000209,S000048895,Virtus Newfleet Multi-Sector Bond ETF,Y,,series_id,1.0,,True
NFRA,Northern Trust STOXX Global Broad Infrastructure ETF,index_passive_identified,management_style_evidence_1.1,S000042071,index_passive_identified,high,sec_ncen_c3,SEC N-CEN C.3 identifies the series as an index fund,https://www.sec.gov/Archives/edgar/data/1491978/000207169126000168/0002071691-26-000168-index.html,2026q1_ncen.zip,0002071691-26-000168,S000042071,FlexShares STOXX Global Broad Infrastructure Index Fund,Y,Y,series_id,0.7619047619047619,,False
NFTY,First Trust India Nifty 50 Equal Weight ETF,systematic_or_rules_based,management_style_evidence_1.1,,index_passive_identified,high,sec_ncen_c3,SEC N-CEN C.3 identifies the series as an index fund,https://www.sec.gov/Archives/edgar/data/1510337/000094040026009998/0000940400-26-009998-index.html,2026q1_ncen.zip,0000940400-26-009998,S000036506,First Trust India NIFTY 50 Equal Weight ETF,Y,Y,ticker,1.0,,True
NLR,VanEck Uranium and Nuclear ETF,not_determined,management_style_evidence_1.1,S000018475,index_passive_identified,high,sec_ncen_c3,SEC N-CEN C.3 identifies the series as an index fund,https://www.sec.gov/Archives/edgar/data/1137360/000141036826024760/0001410368-26-024760-index.html,2026q1_ncen.zip,0001410368-26-024760,S000018475,VanEck Uranium and Nuclear ETF,Y,Y,series_id,1.0,,True
NOBL,ProShares S&P 500 Dividend Aristocrats ETF,systematic_or_rules_based,management_style_evidence_1.1,S000042349,index_passive_identified,high,sec_ncen_c3,SEC N-CEN C.3 identifies the series as an index fund,https://www.sec.gov/Archives/edgar/data/1174610/000175272425186802/0001752724-25-186802-index.html,2025q3_ncen.zip,0001752724-25-186802,S000042349,ProShares S&P 500 Dividend Aristocrats ETF,Y,Y,series_id,1.0,,True
NORW,Global X MSCI Norway ETF,index_passive_identified,management_style_evidence_1.1,S000026980,index_passive_identified,high,sec_ncen_c3,SEC N-CEN C.3 identifies the series as an index fund,https://www.sec.gov/Archives/edgar/data/1432353/000204825126001907/0002048251-26-001907-index.html,2026q1_ncen.zip,0002048251-26-001907,S000023259,Global X MSCI Norway ETF,Y,Y,ticker,1.0,,False
NTRL,First Trust Equity Market Neutral ETF,active_identified,management_style_evidence_1.1,,active_identified,high,primary_source_override,SEC prospectus identifies an actively managed portfolio and documents the June 2026 change from merger arbitrage to equity market neutral,https://www.sec.gov/Archives/edgar/data/1424212/000144554626004552/ntrl_497k.htm,,,,,,,manual_ticker_override,,Performance spans two materially different active mandates; segment-level analysis is required before interpreting the full history.,False
NUAG,Nuveen Enhanced Yield U.S. Aggregate Bond ETF,not_determined,management_style_evidence_1.1,S000055017,index_passive_identified,high,sec_ncen_c3,SEC N-CEN C.3 identifies the series as an index fund,https://www.sec.gov/Archives/edgar/data/1635073/000100472625001068/0001004726-25-001068-index.html,2025q4_ncen.zip,0001004726-25-001068,S000055017,Nuveen Enhanced Yield U.S. Aggregate Bond ETF,Y,Y,series_id,1.0,,True
NUBD,Nuveen ESG U.S. Aggregate Bond ETF,systematic_or_rules_based,management_style_evidence_1.1,S000059077,index_passive_identified,high,sec_ncen_c3,SEC N-CEN C.3 identifies the series as an index fund,https://www.sec.gov/Archives/edgar/data/1635073/000100472625001068/0001004726-25-001068-index.html,2025q4_ncen.zip,0001004726-25-001068,S000059077,Nuveen ESG U.S. Aggregate Bond ETF,Y,Y,series_id,1.0,,True
NUDM,Nuveen ESG International Developed Markets Equity ETF,systematic_or_rules_based,management_style_evidence_1.1,S000057420,index_passive_identified,high,sec_ncen_c3,SEC N-CEN C.3 identifies the series as an index fund,https://www.sec.gov/Archives/edgar/data/1635073/000100472626000039/0001004726-26-000039-index.html,2026q1_ncen.zip,0001004726-26-000039,S000057420,Nuveen ESG International Developed Markets Equity ETF,Y,Y,series_id,1.0,,True
NUDV,Nuveen ESG Dividend ETF,systematic_or_rules_based,management_style_evidence_1.1,S000072489,index_passive_identified,high,sec_ncen_c3,SEC N-CEN C.3 identifies the series as an index fund,https://www.sec.gov/Archives/edgar/data/1635073/000100472626000039/0001004726-26-000039-index.html,2026q1_ncen.zip,0001004726-26-000039,S000072489,Nuveen ESG Dividend ETF,Y,Y,series_id,1.0,,True
NUEM,Nuveen ESG Emerging Markets Equity ETF,systematic_or_rules_based,management_style_evidence_1.1,S000057421,index_passive_identified,high,sec_ncen_c3,SEC N-CEN C.3 identifies the series as an index fund,https://www.sec.gov/Archives/edgar/data/1635073/000100472626000039/0001004726-26-000039-index.html,2026q1_ncen.zip,0001004726-26-000039,S000057421,Nuveen ESG Emerging Markets Equity ETF,Y,Y,series_id,1.0,,True
NUGO,Nuveen Growth Opportunities ETF,systematic_or_rules_based,management_style_evidence_1.1,S000073535,active_identified,high,primary_source_override,SEC prospectus states that NUGO is an actively managed ETF,https://www.sec.gov/Archives/edgar/data/1635073/000119312523267113/R2.htm,,,,,,,manual_ticker_override,,,True
NUHY,Nuveen ESG High Yield Corporate Bond ETF,systematic_or_rules_based,management_style_evidence_1.1,S000064846,index_passive_identified,high,sec_ncen_c3,SEC N-CEN C.3 identifies the series as an index fund,https://www.sec.gov/Archives/edgar/data/1635073/000100472625001068/0001004726-25-001068-index.html,2025q4_ncen.zip,0001004726-25-001068,S000064846,Nuveen ESG High Yield Corporate Bond ETF,Y,Y,series_id,1.0,,True
NULC,Nuveen ESG Large-Cap ETF,systematic_or_rules_based,management_style_evidence_1.1,S000063599,index_passive_identified,high,sec_ncen_c3,SEC N-CEN C.3 identifies the series as an index fund,https://www.sec.gov/Archives/edgar/data/1635073/000100472626000039/0001004726-26-000039-index.html,2026q1_ncen.zip,0001004726-26-000039,S000063599,Nuveen ESG Large-Cap ETF,Y,Y,series_id,1.0,,True
NULG,Nuveen ESG Large-Cap Growth ETF,systematic_or_rules_based,management_style_evidence_1.1,S000055811,index_passive_identified,high,sec_ncen_c3,SEC N-CEN C.3 identifies the series as an index fund,https://www.sec.gov/Archives/edgar/data/1635073/000100472626000039/0001004726-26-000039-index.html,2026q1_ncen.zip,0001004726-26-000039,S000055811,Nuveen ESG Large-Cap Growth ETF,Y,Y,series_id,1.0,,True
NULV,Nuveen ESG Large-Cap Value ETF,systematic_or_rules_based,management_style_evidence_1.1,S000055812,index_passive_identified,high,sec_ncen_c3,SEC N-CEN C.3 identifies the series as an index fund,https://www.sec.gov/Archives/edgar/data/1635073/000100472626000039/0001004726-26-000039-index.html,2026q1_ncen.zip,0001004726-26-000039,S000055812,Nuveen ESG Large-Cap Value ETF,Y,Y,series_id,1.0,,True
NUMG,Nuveen ESG Mid-Cap Growth ETF,systematic_or_rules_based,management_style_evidence_1.1,S000055813,index_passive_identified,high,sec_ncen_c3,SEC N-CEN C.3 identifies the series as an index fund,https://www.sec.gov/Archives/edgar/data/1635073/000100472626000039/0001004726-26-000039-index.html,2026q1_ncen.zip,0001004726-26-000039,S000055813,Nuveen ESG Mid-Cap Growth ETF,Y,Y,series_id,1.0,,True
NUMV,Nuveen ESG Mid-Cap Value ETF,systematic_or_rules_based,management_style_evidence_1.1,S000055814,index_passive_identified,high,sec_ncen_c3,SEC N-CEN C.3 identifies the series as an index fund,https://www.sec.gov/Archives/edgar/data/1635073/000100472626000039/0001004726-26-000039-index.html,2026q1_ncen.zip,0001004726-26-000039,S000055814,Nuveen ESG Mid-Cap Value ETF,Y,Y,series_id,1.0,,True
NURE,Nuveen Short-Term REIT ETF,not_determined,management_style_evidence_1.1,S000055646,index_passive_identified,high,sec_ncen_c3,SEC N-CEN C.3 identifies the series as an index fund,https://www.sec.gov/Archives/edgar/data/1635073/000100472626001463/0001004726-26-001463-index.html,2026q1_ncen.zip,0001004726-26-001463,S000055646,Nuveen Short-Term REIT ETF,Y,Y,series_id,1.0,,True
NUSA,Nuveen ESG 1-5 Year U.S. Aggregate Bond ETF,systematic_or_rules_based,management_style_evidence_1.1,S000056738,index_passive_identified,high,sec_ncen_c3,SEC N-CEN C.3 identifies the series as an index fund,https://www.sec.gov/Archives/edgar/data/1635073/000100472625001068/0001004726-25-001068-index.html,2025q4_ncen.zip,0001004726-25-001068,S000056738,Nuveen ESG 1-5 Year U.S. Aggregate Bond ETF,Y,Y,series_id,1.0,,True
NUSC,Nuveen ESG Small-Cap ETF,systematic_or_rules_based,management_style_evidence_1.1,S000055815,index_passive_identified,high,sec_ncen_c3,SEC N-CEN C.3 identifies the series as an index fund,https://www.sec.gov/Archives/edgar/data/1635073/000100472626000039/0001004726-26-000039-index.html,2026q1_ncen.zip,0001004726-26-000039,S000055815,Nuveen ESG Small-Cap ETF,Y,Y,series_id,1.0,,True
NXTG,First Trust Indxx NextG ETF,index_passive_identified,management_style_evidence_1.1,,index_passive_identified,high,sec_ncen_c3,SEC N-CEN C.3 identifies the series as an index fund,https://www.sec.gov/Archives/edgar/data/1364608/000175272424283612/0001752724-24-283612-index.html,2024q4_ncen.zip,0001752724-24-283612,S000030172,First Trust Indxx NextG ETF,Y,Y,ticker,1.0,,False
NYF,iShares New York Muni Bond ETF,not_determined,management_style_evidence_1.1,S000019342,index_passive_identified,high,sec_ncen_c3,SEC N-CEN C.3 identifies the series as an index fund,https://www.sec.gov/Archives/edgar/data/1100663/000141036826044733/0001410368-26-044733-index.html,2026q2_ncen.zip,0001410368-26-044733,S000019342,iShares New York Muni Bond ETF,Y,Y,series_id,1.0,,True
NZAC,State Street SPDR MSCI ACWI Climate Paris Aligned ETF,index_passive_identified,management_style_evidence_1.1,,index_passive_identified,high,sec_ncen_c3,SEC N-CEN C.3 identifies the series as an index fund,https://www.sec.gov/Archives/edgar/data/1168164/000141036825034454/0001410368-25-034454-index.html,2025q4_ncen.zip,0001410368-25-034454,S000047509,SPDR MSCI ACWI Climate Paris Aligned ETF,Y,Y,ticker,0.7555555555555555,,False
OALC,OneAscent Large Cap Core ETF,not_determined,management_style_evidence_1.1,S000074252,non_index_management_identified,high,sec_ncen_c3,SEC N-CEN C.3 does not identify the series as an index fund; the filing alone does not distinguish discretionary from rules-based management,https://www.sec.gov/Archives/edgar/data/1199046/000091047225002982/0000910472-25-002982-index.html,2025q4_ncen.zip,0000910472-25-002982,S000074252,OneAscent Large Cap Core ETF,Y,,series_id,1.0,,True
OBND,State Street Loomis Sayles Opportunistic Bond ETF,active_identified,management_style_evidence_1.1,S000072972,active_identified,high,primary_source_override,Issuer describes OBND as an actively managed multi-asset credit strategy,https://www.ssga.com/us/en/intermediary/etfs/state-street-loomis-sayles-opportunistic-bond-etf-obnd,,,,,,,manual_ticker_override,,,False
OBOR,KraneShares MSCI One Belt One Road Index ETF,index_passive_identified,management_style_evidence_1.1,S000056904,index_passive_identified,high,sec_ncen_c3,SEC N-CEN C.3 identifies the series as an index fund,https://www.sec.gov/Archives/edgar/data/1547576/000204825126004798/0002048251-26-004798-index.html,2026q2_ncen.zip,0002048251-26-004798,S000056904,KraneShares MSCI One Belt One Road Index ETF,Y,Y,series_id,1.0,,False
OCIO,ClearShares OCIO ETF,not_determined,management_style_evidence_1.1,S000057712,non_index_management_identified,high,sec_ncen_c3,SEC N-CEN C.3 does not identify the series as an index fund; the filing alone does not distinguish discretionary from rules-based management,https://www.sec.gov/Archives/edgar/data/1540305/000089418925005576/0000894189-25-005576-index.html,2025q3_ncen.zip,0000894189-25-005576,S000057712,ClearShares OCIO ETF,Y,,series_id,1.0,,True
OEF,iShares S&P 100 Fund,index_passive_identified,management_style_evidence_1.1,S000004306,index_passive_identified,high,sec_ncen_c3,SEC N-CEN C.3 identifies the series as an index fund,https://www.sec.gov/Archives/edgar/data/1100663/000100472626004646/0001004726-26-004646-index.html,2026q2_ncen.zip,0001004726-26-004646,S000004306,iShares S&P 100 ETF,Y,Y,series_id,0.7368421052631579,,False
OEFA,ALPS O'Shares International Developed Quality Dividend ETF,systematic_or_rules_based,management_style_evidence_1.1,,index_passive_identified,high,sec_ncen_c3,SEC N-CEN C.3 identifies the series as an index fund,https://www.sec.gov/Archives/edgar/data/1414040/000104916926000159/0001049169-26-000159-index.html,2026q1_ncen.zip,0001049169-26-000159,S000075795,ALPS O'Shares International Developed Quality Dividend ETF,Y,Y,ticker,1.0,,True
OGIG,ALPS O'Shares Global Internet Giants ETF,not_determined,management_style_evidence_1.1,S000075796,index_passive_identified,high,sec_ncen_c3,SEC N-CEN C.3 identifies the series as an index fund,https://www.sec.gov/Archives/edgar/data/1414040/000104916926000159/0001049169-26-000159-index.html,2026q1_ncen.zip,0001049169-26-000159,S000075796,ALPS O'Shares Global Internet Giants ETF,Y,Y,series_id,1.0,,True
OIH,VanEck Oil Services ETF,not_determined,management_style_evidence_1.1,S000034408,index_passive_identified,high,sec_ncen_c3,SEC N-CEN C.3 identifies the series as an index fund,https://www.sec.gov/Archives/edgar/data/1137360/000141036826024760/0001410368-26-024760-index.html,2026q1_ncen.zip,0001410368-26-024760,S000034408,VanEck Oil Services ETF,Y,Y,series_id,1.0,,True
OILK,ProShares K-1 Free Crude Oil ETF,not_determined,management_style_evidence_1.1,S000054590,index_passive_identified,high,sec_ncen_c3,SEC N-CEN C.3 identifies the series as an index fund,https://www.sec.gov/Archives/edgar/data/1174610/000175272425186802/0001752724-25-186802-index.html,2025q3_ncen.zip,0001752724-25-186802,S000054590,ProShares K-1 Free Crude Oil ETF,Y,Y,series_id,1.0,,True
OMFL,Invesco Russell 1000 Dynamic Multifactor ETF,systematic_or_rules_based,management_style_evidence_1.1,S000064607,index_passive_identified,high,sec_ncen_c3,SEC N-CEN C.3 identifies the series as an index fund,https://www.sec.gov/Archives/edgar/data/1657201/000165720125000196/0001657201-25-000196-index.html,2025q4_ncen.zip,0001657201-25-000196,S000064607,Invesco Russell 1000 Dynamic Multifactor ETF,Y,Y,series_id,1.0,,True
OMFS,Invesco Russell 2000 Dynamic Multifactor ETF,systematic_or_rules_based,management_style_evidence_1.1,S000064608,index_passive_identified,high,sec_ncen_c3,SEC N-CEN C.3 identifies the series as an index fund,https://www.sec.gov/Archives/edgar/data/1657201/000165720125000196/0001657201-25-000196-index.html,2025q4_ncen.zip,0001657201-25-000196,S000064608,Invesco Russell 2000 Dynamic Multifactor ETF,Y,Y,series_id,1.0,,True
ONEO,State Street SPDR Russell 1000 Momentum Focus ETF,systematic_or_rules_based,management_style_evidence_1.1,S000051788,index_passive_identified,high,sec_ncen_c3,SEC N-CEN C.3 identifies the series as an index fund,https://www.sec.gov/Archives/edgar/data/1064642/000141036826040180/0001410368-26-040180-index.html,2026q2_ncen.zip,0001410368-26-040180,S000051788,SPDR Russell 1000 Momentum Focus ETF,Y,Y,series_id,0.7380952380952381,,True
ONEQ,Fidelity Nasdaq Composite Index ETF,index_passive_identified,management_style_evidence_1.1,S000006011,index_passive_identified,high,sec_ncen_c3,SEC N-CEN C.3 identifies the series as an index fund,https://www.sec.gov/Archives/edgar/data/205323/000003540226000574/0000035402-26-000574-index.html,2026q1_ncen.zip,0000035402-26-000574,S000006011,Fidelity Nasdaq Composite Index ETF,Y,Y,series_id,1.0,,False
ONEV,State Street SPDR Russell 1000 Low Volatility Focus ETF,systematic_or_rules_based,management_style_evidence_1.1,S000051789,index_passive_identified,high,sec_ncen_c3,SEC N-CEN C.3 identifies the series as an index fund,https://www.sec.gov/Archives/edgar/data/1064642/000141036826040180/0001410368-26-040180-index.html,2026q2_ncen.zip,0001410368-26-040180,S000051789,SPDR Russell 1000 Low Volatility Focus ETF,Y,Y,series_id,0.7659574468085106,,True
ONEY,State Street SPDR Russell 1000 Yield Focus ETF,index_passive_identified,management_style_evidence_1.1,S000051787,index_passive_identified,high,sec_ncen_c3,SEC N-CEN C.3 identifies the series as an index fund,https://www.sec.gov/Archives/edgar/data/1064642/000141036826040180/0001410368-26-040180-index.html,2026q2_ncen.zip,0001410368-26-040180,S000051787,SPDR Russell 1000 Yield Focus ETF,Y,Y,series_id,0.717948717948718,,False
ONLN,ProShares Online Retail ETF,not_determined,management_style_evidence_1.1,S000063144,index_passive_identified,high,sec_ncen_c3,SEC N-CEN C.3 identifies the series as an index fund,https://www.sec.gov/Archives/edgar/data/1174610/000175272425186802/0001752724-25-186802-index.html,2025q3_ncen.zip,0001752724-25-186802,S000063144,ProShares Online Retail ETF,Y,Y,series_id,1.0,,True
ONOF,Global X Adaptive U.S. Risk Management ETF,not_determined,management_style_evidence_1.1,S000070582,index_passive_identified,high,sec_ncen_c3,SEC N-CEN C.3 identifies the series as an index fund,https://www.sec.gov/Archives/edgar/data/1432353/000204825126001908/0002048251-26-001908-index.html,2026q1_ncen.zip,0002048251-26-001908,S000070582,Global X Adaptive U.S. Risk Management ETF,Y,Y,series_id,1.0,,True
OPER,ETF ClearShares Ultra-Short Maturity ETF,not_determined,management_style_evidence_1.1,S000062383,non_index_management_identified,high,sec_ncen_c3,SEC N-CEN C.3 does not identify the series as an index fund; the filing alone does not distinguish discretionary from rules-based management,https://www.sec.gov/Archives/edgar/data/1540305/000089418925005576/0000894189-25-005576-index.html,2025q3_ncen.zip,0000894189-25-005576,S000062383,ClearShares Ultra-Short Maturity ETF,Y,,series_id,0.896551724137931,,True
OPPE,WisdomTree European Opportunities Fund,not_determined,management_style_evidence_1.1,S000048091,index_passive_identified,high,sec_ncen_c3,SEC N-CEN C.3 identifies the series as an index fund,https://www.sec.gov/Archives/edgar/data/1350487/000094040026023461/0000940400-26-023461-index.html,2026q2_ncen.zip,0000940400-26-023461,S000048091,WisdomTree European Opportunities Fund,Y,Y,series_id,1.0,,True
OPPJ,WisdomTree Japan Opportunities Fund,not_determined,management_style_evidence_1.1,S000041190,index_passive_identified,high,sec_ncen_c3,SEC N-CEN C.3 identifies the series as an index fund,https://www.sec.gov/Archives/edgar/data/1350487/000094040026023461/0000940400-26-023461-index.html,2026q2_ncen.zip,0000940400-26-023461,S000041190,WisdomTree Japan Opportunities Fund,Y,Y,series_id,1.0,,True
OSCV,Opus Small Cap Value ETF,systematic_or_rules_based,management_style_evidence_1.1,S000062252,active_identified,high,primary_source_override,SEC registration states that OSCV is actively managed and does not replicate a passive index,https://www.sec.gov/Archives/edgar/data/1540305/000089418924005071/ck0001540305-20240430.htm,,,,,,,manual_ticker_override,,,True
OUNZ,VanEck Merk Gold ETF,not_determined,management_style_evidence_1.1,,static_exposure_or_trust,high,primary_source_override,Issuer describes a physical gold trust with optional in-kind delivery,https://www.vaneck.com/us/en/investments/merk-gold-trust-etf-ounz/,,,,,,,manual_ticker_override,,,True
OUSA,ALPS O'Shares U.S. Quality Dividend ETF,systematic_or_rules_based,management_style_evidence_1.1,S000075797,index_passive_identified,high,sec_ncen_c3,SEC N-CEN C.3 identifies the series as an index fund,https://www.sec.gov/Archives/edgar/data/1414040/000104916926000159/0001049169-26-000159-index.html,2026q1_ncen.zip,0001049169-26-000159,S000075797,ALPS O'Shares U.S. Quality Dividend ETF,Y,Y,series_id,1.0,,True
OUSM,ALPS O'Shares U.S. Small-Cap Quality Dividend ETF,systematic_or_rules_based,management_style_evidence_1.1,S000075798,index_passive_identified,high,sec_ncen_c3,SEC N-CEN C.3 identifies the series as an index fund,https://www.sec.gov/Archives/edgar/data/1414040/000104916926000159/0001049169-26-000159-index.html,2026q1_ncen.zip,0001049169-26-000159,S000075798,ALPS O'Shares U.S. Small Cap Quality Dividend ETF,Y,Y,series_id,1.0,,True
OVB,Overlay Shares Core Bond ETF,not_determined,management_style_evidence_1.1,S000066487,non_index_management_identified,high,sec_ncen_c3,SEC N-CEN C.3 does not identify the series as an index fund; the filing alone does not distinguish discretionary from rules-based management,https://www.sec.gov/Archives/edgar/data/1683471/000114554924069226/0001145549-24-069226-index.html,2024q4_ncen.zip,0001145549-24-069226,S000066487,Overlay Shares Core Bond ETF,Y,,series_id,1.0,,True
OVF,Overlay Shares Foreign Equity ETF,not_determined,management_style_evidence_1.1,S000066486,non_index_management_identified,high,sec_ncen_c3,SEC N-CEN C.3 does not identify the series as an index fund; the filing alone does not distinguish discretionary from rules-based management,https://www.sec.gov/Archives/edgar/data/1683471/000114554924069226/0001145549-24-069226-index.html,2024q4_ncen.zip,0001145549-24-069226,S000066486,Overlay Shares Foreign Equity ETF,Y,,series_id,1.0,,True
OVL,Overlay Shares Large Cap Equity ETF,not_determined,management_style_evidence_1.1,S000066484,non_index_management_identified,high,sec_ncen_c3,SEC N-CEN C.3 does not identify the series as an index fund; the filing alone does not distinguish discretionary from rules-based management,https://www.sec.gov/Archives/edgar/data/1683471/000114554924069226/0001145549-24-069226-index.html,2024q4_ncen.zip,0001145549-24-069226,S000066484,Overlay Shares Large Cap Equity ETF,Y,,series_id,1.0,,True
OVLH,Overlay Shares Hedged Large Cap Equity ETF,not_determined,management_style_evidence_1.1,S000070641,non_index_management_identified,high,sec_ncen_c3,SEC N-CEN C.3 does not identify the series as an index fund; the filing alone does not distinguish discretionary from rules-based management,https://www.sec.gov/Archives/edgar/data/1683471/000114554924069226/0001145549-24-069226-index.html,2024q4_ncen.zip,0001145549-24-069226,S000070641,Overlay Shares Hedged Large Cap Equity ETF,Y,,series_id,1.0,,True
OVM,Overlay Shares Municipal Bond ETF,not_determined,management_style_evidence_1.1,S000066488,non_index_management_identified,high,sec_ncen_c3,SEC N-CEN C.3 does not identify the series as an index fund; the filing alone does not distinguish discretionary from rules-based management,https://www.sec.gov/Archives/edgar/data/1683471/000114554924069226/0001145549-24-069226-index.html,2024q4_ncen.zip,0001145549-24-069226,S000066488,Overlay Shares Municipal Bond ETF,Y,,series_id,1.0,,True
OVS,Overlay Shares Small Cap Equity ETF,not_determined,management_style_evidence_1.1,S000066485,non_index_management_identified,high,sec_ncen_c3,SEC N-CEN C.3 does not identify the series as an index fund; the filing alone does not distinguish discretionary from rules-based management,https://www.sec.gov/Archives/edgar/data/1683471/000114554924069226/0001145549-24-069226-index.html,2024q4_ncen.zip,0001145549-24-069226,S000066485,Overlay Shares Small Cap Equity ETF,Y,,series_id,1.0,,True
OVT,Overlay Shares Short Term Bond ETF,not_determined,management_style_evidence_1.1,S000070642,non_index_management_identified,high,sec_ncen_c3,SEC N-CEN C.3 does not identify the series as an index fund; the filing alone does not distinguish discretionary from rules-based management,https://www.sec.gov/Archives/edgar/data/1683471/000114554924069226/0001145549-24-069226-index.html,2024q4_ncen.zip,0001145549-24-069226,S000070642,Overlay Shares Short Term Bond ETF,Y,,series_id,1.0,,True
OWNS,Quaker Investment Trust CCM Affordable Housing MBS ETF,not_determined,management_style_evidence_1.1,S000071211,index_passive_identified,high,sec_ncen_c3,SEC N-CEN C.3 identifies the series as an index fund,https://www.sec.gov/Archives/edgar/data/870355/000204825125000065/0002048251-25-000065-index.html,2025q3_ncen.zip,0002048251-25-000065,S000081361,CCM Affordable Housing MBS ETF,Y,Y,ticker,0.5531914893617021,,True
PAB,PGIM Active Aggregate Bond ETF,active_identified,management_style_evidence_1.1,S000071448,active_identified,medium,sec_ncen_c3,SEC N-CEN C.3 does not identify the series as an index fund; classification refined by transparent product-name evidence (strategy_name_identifies_active_management),https://www.sec.gov/Archives/edgar/data/1727074/000094040025005892/0000940400-25-005892-index.html,2025q4_ncen.zip,0000940400-25-005892,S000071448,PGIM Active Aggregate Bond ETF,Y,,series_id,1.0,,False
PALC,Pacer Lunt Large Cap Multi-Factor Alternator ETF,systematic_or_rules_based,management_style_evidence_1.1,S000061568,index_passive_identified,high,sec_ncen_c3,SEC N-CEN C.3 identifies the series as an index fund,https://www.sec.gov/Archives/edgar/data/1616668/000114554925046416/0001145549-25-046416-index.html,2025q3_ncen.zip,0001145549-25-046416,S000061568,Pacer Lunt Large Cap Multi-Factor Alternator ETF,Y,Y,series_id,1.0,,True
PALL,abrdn Physical Palladium Shares ETF,not_determined,management_style_evidence_1.1,,static_exposure_or_trust,high,primary_source_override,Issuer documentation identifies a physically backed palladium trust,https://www.abrdn.com/en-us/etf/physical-etf-shares/pall,,,,,,,manual_ticker_override,,,True
PAMC,Pacer Lunt MidCap Multi-Factor Alternator ETF,systematic_or_rules_based,management_style_evidence_1.1,,index_passive_identified,high,sec_ncen_c3,SEC N-CEN C.3 identifies the series as an index fund,https://www.sec.gov/Archives/edgar/data/1616668/000114554925046416/0001145549-25-046416-index.html,2025q3_ncen.zip,0001145549-25-046416,S000062276,Pacer Lunt MidCap Multi-Factor Alternator ETF,Y,Y,ticker,1.0,,True
PAVE,Global X U.S. Infrastructure Development ETF,not_determined,management_style_evidence_1.1,S000056509,index_passive_identified,high,sec_ncen_c3,SEC N-CEN C.3 identifies the series as an index fund,https://www.sec.gov/Archives/edgar/data/1432353/000204825126001908/0002048251-26-001908-index.html,2026q1_ncen.zip,0002048251-26-001908,S000056509,Global X U.S. Infrastructure Development ETF,Y,Y,series_id,1.0,,True
PAWZ,ProShares Pet Care ETF,not_determined,management_style_evidence_1.1,S000062559,index_passive_identified,high,sec_ncen_c3,SEC N-CEN C.3 identifies the series as an index fund,https://www.sec.gov/Archives/edgar/data/1174610/000175272425186802/0001752724-25-186802-index.html,2025q3_ncen.zip,0001752724-25-186802,S000062559,ProShares Pet Care ETF,Y,Y,series_id,1.0,,True
PBD,Invesco Global Clean Energy ETF,not_determined,management_style_evidence_1.1,S000015279,index_passive_identified,high,sec_ncen_c3,SEC N-CEN C.3 identifies the series as an index fund,https://www.sec.gov/Archives/edgar/data/1378872/000137887226000052/0001378872-26-000052-index.html,2026q1_ncen.zip,0001378872-26-000052,S000015279,Invesco Global Clean Energy ETF,Y,Y,series_id,1.0,,True
PBE,Invesco Biotechnology & Genome ETF,not_determined,management_style_evidence_1.1,S000003026,index_passive_identified,high,sec_ncen_c3,SEC N-CEN C.3 identifies the series as an index fund,https://www.sec.gov/Archives/edgar/data/1209466/000175272425166789/0001752724-25-166789-index.html,2025q3_ncen.zip,0001752724-25-166789,S000003026,Invesco Biotechnology & Genome ETF,Y,Y,series_id,1.0,,True
PBJ,Invesco Food & Beverage ETF,not_determined,management_style_evidence_1.1,S000003027,index_passive_identified,high,sec_ncen_c3,SEC N-CEN C.3 identifies the series as an index fund,https://www.sec.gov/Archives/edgar/data/1209466/000175272425166789/0001752724-25-166789-index.html,2025q3_ncen.zip,0001752724-25-166789,S000003027,Invesco Food & Beverage ETF,Y,Y,series_id,1.0,,True
PBP,Invesco S&P 500 BuyWrite ETF,index_passive_identified,management_style_evidence_1.1,S000020214,index_passive_identified,high,sec_ncen_c3,SEC N-CEN C.3 identifies the series as an index fund,https://www.sec.gov/Archives/edgar/data/1209466/000175272425166789/0001752724-25-166789-index.html,2025q3_ncen.zip,0001752724-25-166789,S000020214,Invesco S&P 500 BuyWrite ETF,Y,Y,series_id,1.0,,False
PBTP,Invesco 0-5 Yr US TIPS ETF,not_determined,management_style_evidence_1.1,S000058751,index_passive_identified,high,sec_ncen_c3,SEC N-CEN C.3 identifies the series as an index fund,https://www.sec.gov/Archives/edgar/data/1378872/000137887226000052/0001378872-26-000052-index.html,2026q1_ncen.zip,0001378872-26-000052,S000058751,Invesco 0-5 Yr US TIPS ETF,Y,Y,series_id,1.0,,True
PBUS,Invesco MSCI USA ETF,index_passive_identified,management_style_evidence_1.1,S000058746,index_passive_identified,high,sec_ncen_c3,SEC N-CEN C.3 identifies the series as an index fund,https://www.sec.gov/Archives/edgar/data/1378872/000137887225000490/0001378872-25-000490-index.html,2025q4_ncen.zip,0001378872-25-000490,S000058746,Invesco MSCI USA ETF,Y,Y,series_id,1.0,,False
PBW,Invesco WilderHill Clean Energy ETF,not_determined,management_style_evidence_1.1,S000003053,index_passive_identified,high,sec_ncen_c3,SEC N-CEN C.3 identifies the series as an index fund,https://www.sec.gov/Archives/edgar/data/1209466/000175272425166789/0001752724-25-166789-index.html,2025q3_ncen.zip,0001752724-25-166789,S000003053,Invesco WilderHill Clean Energy ETF,Y,Y,series_id,1.0,,True
PCEF,Invesco CEF Income Composite ETF,not_determined,management_style_evidence_1.1,S000027370,index_passive_identified,high,sec_ncen_c3,SEC N-CEN C.3 identifies the series as an index fund,https://www.sec.gov/Archives/edgar/data/1378872/000137887225000490/0001378872-25-000490-index.html,2025q4_ncen.zip,0001378872-25-000490,S000027370,Invesco CEF Income Composite ETF,Y,Y,series_id,1.0,,True
PCY,Invesco Emerging Markets Sovereign Debt ETF,not_determined,management_style_evidence_1.1,S000019229,index_passive_identified,high,sec_ncen_c3,SEC N-CEN C.3 identifies the series as an index fund,https://www.sec.gov/Archives/edgar/data/1378872/000137887226000052/0001378872-26-000052-index.html,2026q1_ncen.zip,0001378872-26-000052,S000019229,Invesco Emerging Markets Sovereign Debt ETF,Y,Y,series_id,1.0,,True
PDBC,Invesco Optimum Yield Diversified Commodity Strategy No K-1 ETF,not_determined,management_style_evidence_1.1,S000044509,non_index_management_identified,high,sec_ncen_c3,SEC N-CEN C.3 does not identify the series as an index fund; the filing alone does not distinguish discretionary from rules-based management,https://www.sec.gov/Archives/edgar/data/1595386/000159538626000004/0001595386-26-000004-index.html,2026q1_ncen.zip,0001595386-26-000004,S000044509,Invesco Optimum Yield Diversified Commodity Strategy No K-1 ETF,Y,,series_id,1.0,,True
PDN,Invesco RAFI Developed Markets ex-U.S. Small-Mid ETF,not_determined,management_style_evidence_1.1,S000015260,index_passive_identified,high,sec_ncen_c3,SEC N-CEN C.3 identifies the series as an index fund,https://www.sec.gov/Archives/edgar/data/1378872/000137887226000052/0001378872-26-000052-index.html,2026q1_ncen.zip,0001378872-26-000052,S000015260,Invesco RAFI Developed Markets ex-U.S. Small-Mid ETF,Y,Y,series_id,1.0,,True
PDP,Invesco Dorsey Wright Momentum ETF,systematic_or_rules_based,management_style_evidence_1.1,S000013787,index_passive_identified,high,sec_ncen_c3,SEC N-CEN C.3 identifies the series as an index fund,https://www.sec.gov/Archives/edgar/data/1209466/000175272425166789/0001752724-25-166789-index.html,2025q3_ncen.zip,0001752724-25-166789,S000013787,Invesco Dorsey Wright Momentum ETF,Y,Y,series_id,1.0,,True
PEJ,Invesco Leisure and Entertainment ETF,not_determined,management_style_evidence_1.1,S000003028,index_passive_identified,high,sec_ncen_c3,SEC N-CEN C.3 identifies the series as an index fund,https://www.sec.gov/Archives/edgar/data/1209466/000175272425166789/0001752724-25-166789-index.html,2025q3_ncen.zip,0001752724-25-166789,S000003028,Invesco Leisure and Entertainment ETF,Y,Y,series_id,1.0,,True
PEX,ProShares Global Listed Private Equity ETF,not_determined,management_style_evidence_1.1,,index_passive_identified,high,sec_ncen_c3,SEC N-CEN C.3 identifies the series as an index fund,https://www.sec.gov/Archives/edgar/data/1174610/000175272425186802/0001752724-25-186802-index.html,2025q3_ncen.zip,0001752724-25-186802,S000037319,ProShares Global Listed Private Equity ETF,Y,Y,ticker,1.0,,True
PEXL,Pacer US Export Leaders ETF,not_determined,management_style_evidence_1.1,S000048687,index_passive_identified,high,sec_ncen_c3,SEC N-CEN C.3 identifies the series as an index fund,https://www.sec.gov/Archives/edgar/data/1616668/000114554925046416/0001145549-25-046416-index.html,2025q3_ncen.zip,0001145549-25-046416,S000048687,Pacer US Export Leaders ETF,Y,Y,series_id,1.0,,True
PEY,Invesco High Yield Equity Dividend Achievers ETF,systematic_or_rules_based,management_style_evidence_1.1,S000003045,index_passive_identified,high,sec_ncen_c3,SEC N-CEN C.3 identifies the series as an index fund,https://www.sec.gov/Archives/edgar/data/1209466/000175272425166789/0001752724-25-166789-index.html,2025q3_ncen.zip,0001752724-25-166789,S000003045,Invesco High Yield Equity Dividend AchieversTM ETF,Y,Y,series_id,0.9767441860465116,,True
PEZ,Invesco Dorsey Wright Consumer Cyclicals Momentum ETF,systematic_or_rules_based,management_style_evidence_1.1,S000013128,index_passive_identified,high,sec_ncen_c3,SEC N-CEN C.3 identifies the series as an index fund,https://www.sec.gov/Archives/edgar/data/1209466/000175272425166789/0001752724-25-166789-index.html,2025q3_ncen.zip,0001752724-25-166789,S000013128,Invesco Dorsey Wright Consumer Cyclicals Momentum ETF,Y,Y,series_id,1.0,,True
PFF,iShares Preferred and Income Securities ETF,not_determined,management_style_evidence_1.1,S000013499,index_passive_identified,high,sec_ncen_c3,SEC N-CEN C.3 identifies the series as an index fund,https://www.sec.gov/Archives/edgar/data/1100663/000100472626004646/0001004726-26-004646-index.html,2026q2_ncen.zip,0001004726-26-004646,S000013499,iShares Preferred and Income Securities ETF,Y,Y,series_id,1.0,,True
PFFD,Global X U.S. Preferred ETF,not_determined,management_style_evidence_1.1,S000058429,index_passive_identified,high,sec_ncen_c3,SEC N-CEN C.3 identifies the series as an index fund,https://www.sec.gov/Archives/edgar/data/1432353/000204825126001908/0002048251-26-001908-index.html,2026q1_ncen.zip,0002048251-26-001908,S000058429,Global X U.S. Preferred ETF,Y,Y,series_id,1.0,,True
PFFR,InfraCap REIT Preferred ETF,not_determined,management_style_evidence_1.1,S000047494,index_passive_identified,high,sec_ncen_c3,SEC N-CEN C.3 identifies the series as an index fund,https://www.sec.gov/Archives/edgar/data/1559109/000094040026000209/0000940400-26-000209-index.html,2026q1_ncen.zip,0000940400-26-000209,S000047494,InfraCap REIT Preferred ETF,Y,Y,series_id,1.0,,True
PFFV,Global X Variable Rate Preferred ETF,not_determined,management_style_evidence_1.1,S000068631,index_passive_identified,high,sec_ncen_c3,SEC N-CEN C.3 identifies the series as an index fund,https://www.sec.gov/Archives/edgar/data/1432353/000204825126001908/0002048251-26-001908-index.html,2026q1_ncen.zip,0002048251-26-001908,S000068631,Global X Variable Rate Preferred ETF,Y,Y,series_id,1.0,,True
PFI,Invesco Dorsey Wright Financial Momentum ETF,systematic_or_rules_based,management_style_evidence_1.1,S000013102,index_passive_identified,high,sec_ncen_c3,SEC N-CEN C.3 identifies the series as an index fund,https://www.sec.gov/Archives/edgar/data/1209466/000175272425166789/0001752724-25-166789-index.html,2025q3_ncen.zip,0001752724-25-166789,S000013102,Invesco Dorsey Wright Financial Momentum ETF,Y,Y,series_id,1.0,,True
PFIG,Invesco Fundamental Investment Grade Corporate Bond  ETF,systematic_or_rules_based,management_style_evidence_1.1,S000033429,index_passive_identified,high,sec_ncen_c3,SEC N-CEN C.3 identifies the series as an index fund,https://www.sec.gov/Archives/edgar/data/1378872/000137887225000490/0001378872-25-000490-index.html,2025q4_ncen.zip,0001378872-25-000490,S000033429,Invesco Fundamental Investment Grade Corporate Bond ETF,Y,Y,series_id,1.0,,True
PFIX,Simplify Interest Rate Hedge ETF,not_determined,management_style_evidence_1.1,S000071793,non_index_management_identified,high,sec_ncen_c3,SEC N-CEN C.3 does not identify the series as an index fund; the filing alone does not distinguish discretionary from rules-based management,https://www.sec.gov/Archives/edgar/data/1810747/000175272425213393/0001752724-25-213393-index.html,2025q3_ncen.zip,0001752724-25-213393,S000071793,Simplify Interest Rate Hedge ETF,Y,,series_id,1.0,,True
PFLD,AAM Low Duration Preferred and Income Securities ETF,not_determined,management_style_evidence_1.1,S000066987,index_passive_identified,high,sec_ncen_c3,SEC N-CEN C.3 identifies the series as an index fund,https://www.sec.gov/Archives/edgar/data/1540305/000089418926000553/0000894189-26-000553-index.html,2026q1_ncen.zip,0000894189-26-000553,S000066987,AAM Low Duration Preferred and Income Securities ETF,Y,Y,series_id,1.0,,True
PFM,Invesco Dividend Achievers ETF,systematic_or_rules_based,management_style_evidence_1.1,S000003037,index_passive_identified,high,sec_ncen_c3,SEC N-CEN C.3 identifies the series as an index fund,https://www.sec.gov/Archives/edgar/data/1209466/000175272425166789/0001752724-25-166789-index.html,2025q3_ncen.zip,0001752724-25-166789,S000003037,Invesco Dividend AchieversTM ETF,Y,Y,series_id,0.9642857142857143,,True
PFXF,VanEck Preferred Securities ex Financials ETF,not_determined,management_style_evidence_1.1,S000037179,index_passive_identified,high,sec_ncen_c3,SEC N-CEN C.3 identifies the series as an index fund,https://www.sec.gov/Archives/edgar/data/1137360/000141036826024760/0001410368-26-024760-index.html,2026q1_ncen.zip,0001410368-26-024760,S000037179,VanEck Preferred Securities ex Financials ETF,Y,Y,series_id,1.0,,True
PGF,Invesco Financial Preferred ETF,not_determined,management_style_evidence_1.1,S000013788,index_passive_identified,high,sec_ncen_c3,SEC N-CEN C.3 identifies the series as an index fund,https://www.sec.gov/Archives/edgar/data/1209466/000175272425166789/0001752724-25-166789-index.html,2025q3_ncen.zip,0001752724-25-166789,S000013788,Invesco Financial Preferred ETF,Y,Y,series_id,1.0,,True
PGHY,Invesco Global ex-US High Yield Corporate Bond ETF,not_determined,management_style_evidence_1.1,S000040915,index_passive_identified,high,sec_ncen_c3,SEC N-CEN C.3 identifies the series as an index fund,https://www.sec.gov/Archives/edgar/data/1378872/000137887226000052/0001378872-26-000052-index.html,2026q1_ncen.zip,0001378872-26-000052,S000040915,Invesco Global ex-US High Yield Corporate Bond ETF,Y,Y,series_id,1.0,,True
PGJ,Invesco Golden Dragon China ETF,not_determined,management_style_evidence_1.1,S000003052,index_passive_identified,high,sec_ncen_c3,SEC N-CEN C.3 identifies the series as an index fund,https://www.sec.gov/Archives/edgar/data/1209466/000175272425166789/0001752724-25-166789-index.html,2025q3_ncen.zip,0001752724-25-166789,S000003052,Invesco Golden Dragon China ETF,Y,Y,series_id,1.0,,True
PGRO,Putnam Focused Large Cap Growth ETF,systematic_or_rules_based,management_style_evidence_1.1,,active_identified,high,primary_source_override,Issuer groups its focused large-cap ETF with active equity strategies managed for outperformance,https://www.putnam.com/institutional/investment-capabilities/equity-strategies,,,,,,,manual_ticker_override,,,True
PGX,Invesco Preferred ETF,not_determined,management_style_evidence_1.1,S000019228,index_passive_identified,high,sec_ncen_c3,SEC N-CEN C.3 identifies the series as an index fund,https://www.sec.gov/Archives/edgar/data/1378872/000137887225000490/0001378872-25-000490-index.html,2025q4_ncen.zip,0001378872-25-000490,S000019228,Invesco Preferred ETF,Y,Y,series_id,1.0,,True
PHDG,Invesco S&P 500 Downside Hedged ETF,index_passive_identified,management_style_evidence_1.1,S000036643,active_identified,high,primary_source_override,Issuer explicitly describes PHDG as an actively managed ETF allocating among components of a dynamic benchmark,https://www.invesco.com/us/en/financial-products/etfs/invesco-sp-500-downside-hedged-etf.html,,,,,,,manual_ticker_override,,The benchmark guides allocation but the fund is not classified as an index fund.,True
PHO,Invesco Water Resources ETF,not_determined,management_style_evidence_1.1,S000003048,index_passive_identified,high,sec_ncen_c3,SEC N-CEN C.3 identifies the series as an index fund,https://www.sec.gov/Archives/edgar/data/1209466/000175272425166789/0001752724-25-166789-index.html,2025q3_ncen.zip,0001752724-25-166789,S000003048,Invesco Water Resources ETF,Y,Y,series_id,1.0,,True
PHYL,PGIM Active High Yield Bond ETF,active_identified,management_style_evidence_1.1,S000063094,active_identified,medium,sec_ncen_c3,SEC N-CEN C.3 does not identify the series as an index fund; classification refined by transparent product-name evidence (strategy_name_identifies_active_management),https://www.sec.gov/Archives/edgar/data/1727074/000094040025005892/0000940400-25-005892-index.html,2025q4_ncen.zip,0000940400-25-005892,S000063094,PGIM Active High Yield Bond ETF,Y,,series_id,1.0,,False
PHYMF,iShares Physical Metals plc - iShares Physical Gold ETC,not_determined,management_style_evidence_1.1,,static_exposure_or_trust,high,primary_source_override,Issuer describes the ETC as physically backed by gold,https://www.ishares.com/uk/individual/en/products/258441/ishares-physical-gold-etc-fund,,,,,,,manual_ticker_override,,,True
PHYS,Sprott Physical Gold Trust ETV,not_determined,management_style_evidence_1.1,,static_exposure_or_trust,high,primary_source_override,Issuer lists the product as a fully allocated physical gold trust,https://sprott.com/investment-strategies/exchange-listed-products/,,,,,,,manual_ticker_override,,,True
PICB,Invesco International Corporate Bond ETF,not_determined,management_style_evidence_1.1,S000019231,index_passive_identified,high,sec_ncen_c3,SEC N-CEN C.3 identifies the series as an index fund,https://www.sec.gov/Archives/edgar/data/1378872/000137887226000052/0001378872-26-000052-index.html,2026q1_ncen.zip,0001378872-26-000052,S000019231,Invesco International Corporate Bond ETF,Y,Y,series_id,1.0,,True
PICK,iShares MSCI Global Select Metals & Mining Producers Fund,index_passive_identified,management_style_evidence_1.1,S000035885,index_passive_identified,high,sec_ncen_c3,SEC N-CEN C.3 identifies the series as an index fund,https://www.sec.gov/Archives/edgar/data/930667/000141036825023226/0001410368-25-023226-index.html,2025q4_ncen.zip,0001410368-25-023226,S000035885,iShares MSCI Global Metals & Mining Producers ETF,Y,Y,series_id,0.8571428571428571,,False
PID,Invesco International Dividend Achievers ETF,systematic_or_rules_based,management_style_evidence_1.1,S000003036,index_passive_identified,high,sec_ncen_c3,SEC N-CEN C.3 identifies the series as an index fund,https://www.sec.gov/Archives/edgar/data/1209466/000175272425166789/0001752724-25-166789-index.html,2025q3_ncen.zip,0001752724-25-166789,S000003036,Invesco International Dividend AchieversTM ETF,Y,Y,series_id,0.975609756097561,,True
PIE,Invesco Dorsey Wright Emerging Markets Momentum ETF,systematic_or_rules_based,management_style_evidence_1.1,S000020451,index_passive_identified,high,sec_ncen_c3,SEC N-CEN C.3 identifies the series as an index fund,https://www.sec.gov/Archives/edgar/data/1378872/000137887226000052/0001378872-26-000052-index.html,2026q1_ncen.zip,0001378872-26-000052,S000020451,Invesco Dorsey Wright Emerging Markets Momentum ETF,Y,Y,series_id,1.0,,True
PIFI,ClearShares Piton Intermediate Fixed Income ETF,not_determined,management_style_evidence_1.1,S000069643,non_index_management_identified,high,sec_ncen_c3,SEC N-CEN C.3 does not identify the series as an index fund; the filing alone does not distinguish discretionary from rules-based management,https://www.sec.gov/Archives/edgar/data/1540305/000089418925005576/0000894189-25-005576-index.html,2025q3_ncen.zip,0000894189-25-005576,S000069643,ClearShares Piton Intermediate Fixed Income ETF,Y,,series_id,1.0,,True
PINK,Simplify Health Care ETF,not_determined,management_style_evidence_1.1,S000073751,non_index_management_identified,high,sec_ncen_c3,SEC N-CEN C.3 does not identify the series as an index fund; the filing alone does not distinguish discretionary from rules-based management,https://www.sec.gov/Archives/edgar/data/1810747/000175272425213393/0001752724-25-213393-index.html,2025q3_ncen.zip,0001752724-25-213393,S000073751,Simplify Health Care ETF,Y,,series_id,1.0,,True
PIO,Invesco Global Water ETF,not_determined,management_style_evidence_1.1,S000015278,index_passive_identified,high,sec_ncen_c3,SEC N-CEN C.3 identifies the series as an index fund,https://www.sec.gov/Archives/edgar/data/1378872/000137887226000052/0001378872-26-000052-index.html,2026q1_ncen.zip,0001378872-26-000052,S000015278,Invesco Global Water ETF,Y,Y,series_id,1.0,,True
PIZ,Invesco Dorsey Wright Developed Markets Momentum ETF,systematic_or_rules_based,management_style_evidence_1.1,S000020450,index_passive_identified,high,sec_ncen_c3,SEC N-CEN C.3 identifies the series as an index fund,https://www.sec.gov/Archives/edgar/data/1378872/000137887226000052/0001378872-26-000052-index.html,2026q1_ncen.zip,0001378872-26-000052,S000020450,Invesco Dorsey Wright Developed Markets Momentum ETF,Y,Y,series_id,1.0,,True
PJP,Invesco Pharmaceuticals ETF,not_determined,management_style_evidence_1.1,S000003031,index_passive_identified,high,sec_ncen_c3,SEC N-CEN C.3 identifies the series as an index fund,https://www.sec.gov/Archives/edgar/data/1209466/000175272425166789/0001752724-25-166789-index.html,2025q3_ncen.zip,0001752724-25-166789,S000003031,Invesco Pharmaceuticals ETF,Y,Y,series_id,1.0,,True
PKB,Invesco Building & Construction ETF,not_determined,management_style_evidence_1.1,S000003040,index_passive_identified,high,sec_ncen_c3,SEC N-CEN C.3 identifies the series as an index fund,https://www.sec.gov/Archives/edgar/data/1209466/000175272425166789/0001752724-25-166789-index.html,2025q3_ncen.zip,0001752724-25-166789,S000003040,Invesco Building & Construction ETF,Y,Y,series_id,1.0,,True
PKW,Invesco BuyBack Achievers ETF,not_determined,management_style_evidence_1.1,S000013111,index_passive_identified,high,sec_ncen_c3,SEC N-CEN C.3 identifies the series as an index fund,https://www.sec.gov/Archives/edgar/data/1209466/000175272425166789/0001752724-25-166789-index.html,2025q3_ncen.zip,0001752724-25-166789,S000013111,Invesco BuyBack AchieversTM ETF,Y,Y,series_id,0.9629629629629629,,True
PLTM,GraniteShares Platinum Shares ETF,not_determined,management_style_evidence_1.1,S000028546,static_exposure_or_trust,high,primary_source_override,Issuer identifies a physically backed platinum trust,https://graniteshares.com/etfs/pltm/,,,,,,,manual_ticker_override,,Catalogue SEC series id belongs to an older unrelated FTAG identity; ticker-specific issuer evidence controls.,True
PLW,PowerShares 1-30 Laddered Treasury Portfolio,not_determined,management_style_evidence_1.1,S000019225,index_passive_identified,high,primary_source_override,SEC filing describes the fund's treasury-index tracking objective,https://www.sec.gov/Archives/edgar/data/1378872/000110465923073843/tm2319039d13_497.htm,,,,,,,manual_ticker_override,,,True
PNQI,Invesco Nasdaq Internet ETF,index_passive_identified,management_style_evidence_1.1,S000012109,index_passive_identified,high,sec_ncen_c3,SEC N-CEN C.3 identifies the series as an index fund,https://www.sec.gov/Archives/edgar/data/1209466/000175272425166789/0001752724-25-166789-index.html,2025q3_ncen.zip,0001752724-25-166789,S000012109,Invesco NASDAQ Internet ETF,Y,Y,series_id,1.0,,False
POWA,Invesco Bloomberg Pricing Power ETF,index_passive_identified,management_style_evidence_1.1,,index_passive_identified,high,sec_ncen_c3,SEC N-CEN C.3 identifies the series as an index fund,https://www.sec.gov/Archives/edgar/data/1657201/000165720125000196/0001657201-25-000196-index.html,2025q4_ncen.zip,0001657201-25-000196,S000060841,Invesco Bloomberg Pricing Power ETF,Y,Y,ticker,1.0,,False
POWR,iShares U.S. Power Infrastructure ETF,not_determined,management_style_evidence_1.1,,index_passive_identified,high,sec_ncen_c3,SEC N-CEN C.3 identifies the series as an index fund,https://www.sec.gov/Archives/edgar/data/930667/000100472626004645/0001004726-26-004645-index.html,2026q2_ncen.zip,0001004726-26-004645,S000035884,iShares U.S. Power Infrastructure ETF,Y,Y,ticker,1.0,,True
PPA,Invesco Aerospace & Defense ETF,not_determined,management_style_evidence_1.1,S000003039,index_passive_identified,high,sec_ncen_c3,SEC N-CEN C.3 identifies the series as an index fund,https://www.sec.gov/Archives/edgar/data/1209466/000175272425166789/0001752724-25-166789-index.html,2025q3_ncen.zip,0001752724-25-166789,S000003039,Invesco Aerospace & Defense ETF,Y,Y,series_id,1.0,,True
PPH,VanEck Pharmaceutical ETF,not_determined,management_style_evidence_1.1,S000034409,index_passive_identified,high,sec_ncen_c3,SEC N-CEN C.3 identifies the series as an index fund,https://www.sec.gov/Archives/edgar/data/1137360/000141036825033784/0001410368-25-033784-index.html,2025q4_ncen.zip,0001410368-25-033784,S000034409,VanEck Pharmaceutical ETF,Y,Y,series_id,1.0,,True
PPI,Astoria Real Assets ETF,not_determined,management_style_evidence_1.1,S000074985,non_index_management_identified,high,sec_ncen_c3,SEC N-CEN C.3 does not identify the series as an index fund; the filing alone does not distinguish discretionary from rules-based management,https://www.sec.gov/Archives/edgar/data/1587982/000119312526268843/0001193125-26-268843-index.html,2026q2_ncen.zip,0001193125-26-268843,S000074985,Astoria Real Assets ETF,Y,,series_id,1.0,,True
PPLT,abrdn Physical Platinum Shares ETF,not_determined,management_style_evidence_1.1,,static_exposure_or_trust,high,primary_source_override,Issuer documentation identifies a physically backed platinum trust,https://www.abrdn.com/en-us/etf/physical-etf-shares/pplt,,,,,,,manual_ticker_override,,,True
PPTY,U.S. Diversified Real Estate ETF,not_determined,management_style_evidence_1.1,S000061208,index_passive_identified,high,sec_ncen_c3,SEC N-CEN C.3 identifies the series as an index fund,https://www.sec.gov/Archives/edgar/data/1540305/000119312526223051/0001193125-26-223051-index.html,2026q2_ncen.zip,0001193125-26-223051,S000061208,U.S. Diversified Real Estate ETF,Y,Y,series_id,1.0,,True
PQDI,Principal Spectrum Preferred and Income ETF,not_determined,management_style_evidence_1.1,S000068805,non_index_management_identified,high,sec_ncen_c3,SEC N-CEN C.3 does not identify the series as an index fund; the filing alone does not distinguish discretionary from rules-based management,https://www.sec.gov/Archives/edgar/data/1572661/000175272425214090/0001752724-25-214090-index.html,2025q3_ncen.zip,0001752724-25-214090,S000068805,Principal Spectrum Tax-Advantaged Dividend Active ETF,Y,,series_id,0.611764705882353,,True
PRAY,FIS Christian Stock Fund,not_determined,management_style_evidence_1.1,S000075169|S000097285,non_index_management_identified,high,sec_ncen_c3,SEC N-CEN C.3 does not identify the series as an index fund; the filing alone does not distinguish discretionary from rules-based management,https://www.sec.gov/Archives/edgar/data/1848758/000114554925051386/0001145549-25-051386-index.html,2025q3_ncen.zip,0001145549-25-051386,S000075169,FIS Christian Stock Fund,Y,,series_id,1.0,,True
PREF,Principal Spectrum Preferred Securities Active ETF,active_identified,management_style_evidence_1.1,S000054767,active_identified,medium,sec_ncen_c3,SEC N-CEN C.3 does not identify the series as an index fund; classification refined by transparent product-name evidence (strategy_name_identifies_active_management),https://www.sec.gov/Archives/edgar/data/1572661/000175272425214090/0001752724-25-214090-index.html,2025q3_ncen.zip,0001752724-25-214090,S000054767,Principal Spectrum Preferred Securities Active ETF,Y,,series_id,1.0,,False
PRF,Invesco RAFI US 1000 ETF,not_determined,management_style_evidence_1.1,S000011995,index_passive_identified,high,sec_ncen_c3,SEC N-CEN C.3 identifies the series as an index fund,https://www.sec.gov/Archives/edgar/data/1209466/000175272425166789/0001752724-25-166789-index.html,2025q3_ncen.zip,0001752724-25-166789,S000011995,Invesco RAFI US 1000 ETF,Y,Y,series_id,1.0,,True
PRFZ,Invesco RAFI US 1500 Small-Mid ETF,not_determined,management_style_evidence_1.1,S000013120,index_passive_identified,high,sec_ncen_c3,SEC N-CEN C.3 identifies the series as an index fund,https://www.sec.gov/Archives/edgar/data/1209466/000175272425166789/0001752724-25-166789-index.html,2025q3_ncen.zip,0001752724-25-166789,S000013120,Invesco RAFI US 1500 Small-Mid ETF,Y,Y,series_id,1.0,,True
PRN,Invesco Dorsey Wright Industrials Momentum ETF,systematic_or_rules_based,management_style_evidence_1.1,S000013105,index_passive_identified,high,sec_ncen_c3,SEC N-CEN C.3 identifies the series as an index fund,https://www.sec.gov/Archives/edgar/data/1209466/000175272425166789/0001752724-25-166789-index.html,2025q3_ncen.zip,0001752724-25-166789,S000013105,Invesco Dorsey Wright Industrials Momentum ETF,Y,Y,series_id,1.0,,True
PRNT,3D Printing (The) ETF,not_determined,management_style_evidence_1.1,S000052298,index_passive_identified,high,sec_ncen_c3,SEC N-CEN C.3 identifies the series as an index fund,https://www.sec.gov/Archives/edgar/data/1579982/000094040025003089/0000940400-25-003089-index.html,2025q4_ncen.zip,0000940400-25-003089,S000052298,The 3D Printing ETF,Y,Y,series_id,0.896551724137931,,True
PSC,Principal U.S. Small-Cap ETF,not_determined,management_style_evidence_1.1,S000055159,non_index_management_identified,high,sec_ncen_c3,SEC N-CEN C.3 does not identify the series as an index fund; the filing alone does not distinguish discretionary from rules-based management,https://www.sec.gov/Archives/edgar/data/1572661/000175272425214090/0001752724-25-214090-index.html,2025q3_ncen.zip,0001752724-25-214090,S000055159,Principal U.S. Small-Cap ETF,Y,,series_id,1.0,,True
PSCC,Invesco S&P SmallCap Consumer Staples ETF,index_passive_identified,management_style_evidence_1.1,S000028296,index_passive_identified,high,sec_ncen_c3,SEC N-CEN C.3 identifies the series as an index fund,https://www.sec.gov/Archives/edgar/data/1378872/000137887225000490/0001378872-25-000490-index.html,2025q4_ncen.zip,0001378872-25-000490,S000028296,Invesco S&P SmallCap Consumer Staples ETF,Y,Y,series_id,1.0,,False
PSCD,Invesco S&P SmallCap Consumer Discretionary ETF,index_passive_identified,management_style_evidence_1.1,S000028294,index_passive_identified,high,sec_ncen_c3,SEC N-CEN C.3 identifies the series as an index fund,https://www.sec.gov/Archives/edgar/data/1378872/000137887225000490/0001378872-25-000490-index.html,2025q4_ncen.zip,0001378872-25-000490,S000028294,Invesco S&P SmallCap Consumer Discretionary ETF,Y,Y,series_id,1.0,,False
PSCE,Invesco S&P SmallCap Energy ETF,index_passive_identified,management_style_evidence_1.1,S000028297,index_passive_identified,high,sec_ncen_c3,SEC N-CEN C.3 identifies the series as an index fund,https://www.sec.gov/Archives/edgar/data/1378872/000137887225000490/0001378872-25-000490-index.html,2025q4_ncen.zip,0001378872-25-000490,S000028297,Invesco S&P SmallCap Energy ETF,Y,Y,series_id,1.0,,False
PSCF,Invesco S&P SmallCap Financials ETF,index_passive_identified,management_style_evidence_1.1,S000028298,index_passive_identified,high,sec_ncen_c3,SEC N-CEN C.3 identifies the series as an index fund,https://www.sec.gov/Archives/edgar/data/1378872/000137887225000490/0001378872-25-000490-index.html,2025q4_ncen.zip,0001378872-25-000490,S000028298,Invesco S&P SmallCap Financials ETF,Y,Y,series_id,1.0,,False
PSCH,Invesco S&P SmallCap Health Care ETF,index_passive_identified,management_style_evidence_1.1,S000028299,index_passive_identified,high,sec_ncen_c3,SEC N-CEN C.3 identifies the series as an index fund,https://www.sec.gov/Archives/edgar/data/1378872/000137887225000490/0001378872-25-000490-index.html,2025q4_ncen.zip,0001378872-25-000490,S000028299,Invesco S&P SmallCap Health Care ETF,Y,Y,series_id,1.0,,False
PSCI,Invesco S&P SmallCap Industrials ETF,index_passive_identified,management_style_evidence_1.1,S000028300,index_passive_identified,high,sec_ncen_c3,SEC N-CEN C.3 identifies the series as an index fund,https://www.sec.gov/Archives/edgar/data/1378872/000137887225000490/0001378872-25-000490-index.html,2025q4_ncen.zip,0001378872-25-000490,S000028300,Invesco S&P SmallCap Industrials ETF,Y,Y,series_id,1.0,,False
PSCJ,Pacer Swan SOS Conservative (July) ETF,not_determined,management_style_evidence_1.1,S000070380,non_index_management_identified,high,sec_ncen_c3,SEC N-CEN C.3 does not identify the series as an index fund; the filing alone does not distinguish discretionary from rules-based management,https://www.sec.gov/Archives/edgar/data/1616668/000089418926000408/0000894189-26-000408-index.html,2026q1_ncen.zip,0000894189-26-000408,S000070380,Pacer Swan SOS Conservative (July) ETF,Y,,series_id,1.0,,True
PSCM,Invesco S&P SmallCap Materials ETF,index_passive_identified,management_style_evidence_1.1,S000028302,index_passive_identified,high,sec_ncen_c3,SEC N-CEN C.3 identifies the series as an index fund,https://www.sec.gov/Archives/edgar/data/1378872/000137887225000490/0001378872-25-000490-index.html,2025q4_ncen.zip,0001378872-25-000490,S000028302,Invesco S&P SmallCap Materials ETF,Y,Y,series_id,1.0,,False
PSCQ,Pacer Swan SOS Conservative (October) ETF,not_determined,management_style_evidence_1.1,,non_index_management_identified,high,sec_ncen_c3,SEC N-CEN C.3 does not identify the series as an index fund; the filing alone does not distinguish discretionary from rules-based management,https://www.sec.gov/Archives/edgar/data/1616668/000089418926000408/0000894189-26-000408-index.html,2026q1_ncen.zip,0000894189-26-000408,S000070381,Pacer Swan SOS Conservative (October) ETF,Y,,ticker,1.0,,True
PSCT,Invesco S&P SmallCap Information Technology ETF,index_passive_identified,management_style_evidence_1.1,S000028301,index_passive_identified,high,sec_ncen_c3,SEC N-CEN C.3 identifies the series as an index fund,https://www.sec.gov/Archives/edgar/data/1378872/000137887225000490/0001378872-25-000490-index.html,2025q4_ncen.zip,0001378872-25-000490,S000028301,Invesco S&P SmallCap Information Technology ETF,Y,Y,series_id,1.0,,False
PSCU,Invesco S&P SmallCap Utilities & Communication Services ETF,index_passive_identified,management_style_evidence_1.1,S000028295,index_passive_identified,high,sec_ncen_c3,SEC N-CEN C.3 identifies the series as an index fund,https://www.sec.gov/Archives/edgar/data/1378872/000137887225000490/0001378872-25-000490-index.html,2025q4_ncen.zip,0001378872-25-000490,S000028295,Invesco S&P SmallCap Utilities & Communication Services ETF,Y,Y,series_id,1.0,,False
PSCW,Pacer Swan SOS Conservative (April) ETF,not_determined,management_style_evidence_1.1,S000070379,non_index_management_identified,high,sec_ncen_c3,SEC N-CEN C.3 does not identify the series as an index fund; the filing alone does not distinguish discretionary from rules-based management,https://www.sec.gov/Archives/edgar/data/1616668/000089418926000408/0000894189-26-000408-index.html,2026q1_ncen.zip,0000894189-26-000408,S000070379,Pacer Swan SOS Conservative (April) ETF,Y,,series_id,1.0,,True
PSCX,Pacer Swan SOS Conservative (January) ETF,not_determined,management_style_evidence_1.1,S000070374,non_index_management_identified,high,sec_ncen_c3,SEC N-CEN C.3 does not identify the series as an index fund; the filing alone does not distinguish discretionary from rules-based management,https://www.sec.gov/Archives/edgar/data/1616668/000089418926000408/0000894189-26-000408-index.html,2026q1_ncen.zip,0000894189-26-000408,S000070374,Pacer Swan SOS Conservative (January) ETF,Y,,series_id,1.0,,True
PSET,Principal Quality ETF,systematic_or_rules_based,management_style_evidence_1.1,S000052929,active_identified,high,primary_source_override,Issuer fact sheet describes PSET as an active rules-based framework,https://brandassets.principal.com/m/73515dea34a8707f/original/Principal-Quality-ETF-EFS.pdf,,,,,,,manual_ticker_override,,Systematic implementation is a strategy attribute and does not negate the active management classification.,True
PSFD,Pacer Swan SOS Flex (January) ETF,not_determined,management_style_evidence_1.1,S000070386,non_index_management_identified,high,sec_ncen_c3,SEC N-CEN C.3 does not identify the series as an index fund; the filing alone does not distinguish discretionary from rules-based management,https://www.sec.gov/Archives/edgar/data/1616668/000089418926000408/0000894189-26-000408-index.html,2026q1_ncen.zip,0000894189-26-000408,S000070386,Pacer Swan SOS Flex (January) ETF,Y,,series_id,1.0,,True
PSFF,Pacer Swan SOS Fund of Funds ETF,not_determined,management_style_evidence_1.1,S000070378,non_index_management_identified,high,sec_ncen_c3,SEC N-CEN C.3 does not identify the series as an index fund; the filing alone does not distinguish discretionary from rules-based management,https://www.sec.gov/Archives/edgar/data/1616668/000089418926000408/0000894189-26-000408-index.html,2026q1_ncen.zip,0000894189-26-000408,S000070378,Pacer Swan SOS Fund of Funds ETF,Y,,series_id,1.0,,True
PSFJ,Pacer Swan SOS Flex (July) ETF,not_determined,management_style_evidence_1.1,S000070376,non_index_management_identified,high,sec_ncen_c3,SEC N-CEN C.3 does not identify the series as an index fund; the filing alone does not distinguish discretionary from rules-based management,https://www.sec.gov/Archives/edgar/data/1616668/000089418926000408/0000894189-26-000408-index.html,2026q1_ncen.zip,0000894189-26-000408,S000070376,Pacer Swan SOS Flex (July) ETF,Y,,series_id,1.0,,True
PSFM,Pacer Swan SOS Flex (April) ETF,not_determined,management_style_evidence_1.1,S000070375,non_index_management_identified,high,sec_ncen_c3,SEC N-CEN C.3 does not identify the series as an index fund; the filing alone does not distinguish discretionary from rules-based management,https://www.sec.gov/Archives/edgar/data/1616668/000089418926000408/0000894189-26-000408-index.html,2026q1_ncen.zip,0000894189-26-000408,S000070375,Pacer Swan SOS Flex (April) ETF,Y,,series_id,1.0,,True
PSFO,Pacer Swan SOS Flex (October) ETF,not_determined,management_style_evidence_1.1,,non_index_management_identified,high,sec_ncen_c3,SEC N-CEN C.3 does not identify the series as an index fund; the filing alone does not distinguish discretionary from rules-based management,https://www.sec.gov/Archives/edgar/data/1616668/000089418926000408/0000894189-26-000408-index.html,2026q1_ncen.zip,0000894189-26-000408,S000070377,Pacer Swan SOS Flex (October) ETF,Y,,ticker,1.0,,True
PSI,Invesco Semiconductors ETF,not_determined,management_style_evidence_1.1,S000003032,index_passive_identified,high,sec_ncen_c3,SEC N-CEN C.3 identifies the series as an index fund,https://www.sec.gov/Archives/edgar/data/1209466/000175272425166789/0001752724-25-166789-index.html,2025q3_ncen.zip,0001752724-25-166789,S000003032,Invesco Semiconductors ETF,Y,Y,series_id,1.0,,True
PSK,State Street SPDR ICE Preferred Securities ETF,not_determined,management_style_evidence_1.1,S000026152,index_passive_identified,high,sec_ncen_c3,SEC N-CEN C.3 identifies the series as an index fund,https://www.sec.gov/Archives/edgar/data/1064642/000141036826040180/0001410368-26-040180-index.html,2026q2_ncen.zip,0001410368-26-040180,S000026152,SPDR(R) ICE Preferred Securities ETF,Y,Y,series_id,0.8285714285714286,,True
PSL,Invesco Dorsey Wright Consumer Staples Momentum ETF,systematic_or_rules_based,management_style_evidence_1.1,S000013129,index_passive_identified,high,sec_ncen_c3,SEC N-CEN C.3 identifies the series as an index fund,https://www.sec.gov/Archives/edgar/data/1209466/000175272425166789/0001752724-25-166789-index.html,2025q3_ncen.zip,0001752724-25-166789,S000013129,Invesco Dorsey Wright Consumer Staples Momentum ETF,Y,Y,series_id,1.0,,True
PSLV,Sprott Physical Silver Trust ETV,not_determined,management_style_evidence_1.1,,static_exposure_or_trust,high,primary_source_override,Issuer lists the product as a fully allocated physical silver trust,https://sprott.com/investment-strategies/exchange-listed-products/,,,,,,,manual_ticker_override,,,True
PSMD,Pacer Swan SOS Moderate (January) ETF,not_determined,management_style_evidence_1.1,S000070382,non_index_management_identified,high,sec_ncen_c3,SEC N-CEN C.3 does not identify the series as an index fund; the filing alone does not distinguish discretionary from rules-based management,https://www.sec.gov/Archives/edgar/data/1616668/000089418926000408/0000894189-26-000408-index.html,2026q1_ncen.zip,0000894189-26-000408,S000070382,Pacer Swan SOS Moderate (January) ETF,Y,,series_id,1.0,,True
PSMJ,Pacer Swan SOS Moderate (July) ETF,not_determined,management_style_evidence_1.1,S000070384,non_index_management_identified,high,sec_ncen_c3,SEC N-CEN C.3 does not identify the series as an index fund; the filing alone does not distinguish discretionary from rules-based management,https://www.sec.gov/Archives/edgar/data/1616668/000089418926000408/0000894189-26-000408-index.html,2026q1_ncen.zip,0000894189-26-000408,S000070384,Pacer Swan SOS Moderate (July) ETF,Y,,series_id,1.0,,True
PSMO,Pacer Swan SOS Moderate (October) ETF,not_determined,management_style_evidence_1.1,,non_index_management_identified,high,sec_ncen_c3,SEC N-CEN C.3 does not identify the series as an index fund; the filing alone does not distinguish discretionary from rules-based management,https://www.sec.gov/Archives/edgar/data/1616668/000089418926000408/0000894189-26-000408-index.html,2026q1_ncen.zip,0000894189-26-000408,S000070385,Pacer Swan SOS Moderate (October) ETF,Y,,ticker,1.0,,True
PSMR,Pacer Swan SOS Moderate (April) ETF,not_determined,management_style_evidence_1.1,S000070383,non_index_management_identified,high,sec_ncen_c3,SEC N-CEN C.3 does not identify the series as an index fund; the filing alone does not distinguish discretionary from rules-based management,https://www.sec.gov/Archives/edgar/data/1616668/000089418926000408/0000894189-26-000408-index.html,2026q1_ncen.zip,0000894189-26-000408,S000070383,Pacer Swan SOS Moderate (April) ETF,Y,,series_id,1.0,,True
PSP,Invesco Global Listed Private Equity ETF,not_determined,management_style_evidence_1.1,S000013789,index_passive_identified,high,sec_ncen_c3,SEC N-CEN C.3 identifies the series as an index fund,https://www.sec.gov/Archives/edgar/data/1209466/000175272425166789/0001752724-25-166789-index.html,2025q3_ncen.zip,0001752724-25-166789,S000013789,Invesco Global Listed Private Equity ETF,Y,Y,series_id,1.0,,True
PSR,Invesco Active U.S. Real Estate Fund,active_identified,management_style_evidence_1.1,S000023365,active_identified,medium,sec_ncen_c3,SEC N-CEN C.3 does not identify the series as an index fund; classification refined by transparent product-name evidence (strategy_name_identifies_active_management),https://www.sec.gov/Archives/edgar/data/1418144/000141814426000002/0001418144-26-000002-index.html,2026q1_ncen.zip,0001418144-26-000002,S000023365,Invesco Active U.S. Real Estate ETF,Y,,series_id,0.9122807017543859,,False
PTBD,Pacer Trendpilot US Bond ETF,not_determined,management_style_evidence_1.1,S000066706,index_passive_identified,high,sec_ncen_c3,SEC N-CEN C.3 identifies the series as an index fund,https://www.sec.gov/Archives/edgar/data/1616668/000114554925046416/0001145549-25-046416-index.html,2025q3_ncen.zip,0001145549-25-046416,S000066706,Pacer Trendpilot US Bond ETF,Y,Y,series_id,1.0,,True
PTEU,Pacer TrendpilotTM European Index ETF,index_passive_identified,management_style_evidence_1.1,S000051998,index_passive_identified,high,sec_ncen_c3,SEC N-CEN C.3 identifies the series as an index fund,https://www.sec.gov/Archives/edgar/data/1616668/000114554925046416/0001145549-25-046416-index.html,2025q3_ncen.zip,0001145549-25-046416,S000051998,Pacer Trendpilot European Index ETF,Y,Y,series_id,0.96875,,False
PTF,Invesco Dorsey Wright Technology Momentum ETF,systematic_or_rules_based,management_style_evidence_1.1,S000013110,index_passive_identified,high,sec_ncen_c3,SEC N-CEN C.3 identifies the series as an index fund,https://www.sec.gov/Archives/edgar/data/1209466/000175272425166789/0001752724-25-166789-index.html,2025q3_ncen.zip,0001752724-25-166789,S000013110,Invesco Dorsey Wright Technology Momentum ETF,Y,Y,series_id,1.0,,True
PTH,Invesco Dorsey Wright Healthcare Momentum ETF,systematic_or_rules_based,management_style_evidence_1.1,S000013104,index_passive_identified,high,sec_ncen_c3,SEC N-CEN C.3 identifies the series as an index fund,https://www.sec.gov/Archives/edgar/data/1209466/000175272425166789/0001752724-25-166789-index.html,2025q3_ncen.zip,0001752724-25-166789,S000013104,Invesco Dorsey Wright Healthcare Momentum ETF,Y,Y,series_id,1.0,,True
PTIN,Pacer Trendpilot International ETF,not_determined,management_style_evidence_1.1,S000064823,index_passive_identified,high,sec_ncen_c3,SEC N-CEN C.3 identifies the series as an index fund,https://www.sec.gov/Archives/edgar/data/1616668/000114554925046416/0001145549-25-046416-index.html,2025q3_ncen.zip,0001145549-25-046416,S000064823,Pacer Trendpilot International ETF,Y,Y,series_id,1.0,,True
PTLC,Pacer Trendpilot US Large Cap ETF,not_determined,management_style_evidence_1.1,S000048689,index_passive_identified,high,sec_ncen_c3,SEC N-CEN C.3 identifies the series as an index fund,https://www.sec.gov/Archives/edgar/data/1616668/000114554925046416/0001145549-25-046416-index.html,2025q3_ncen.zip,0001145549-25-046416,S000048689,Pacer Trendpilot US Large Cap ETF,Y,Y,series_id,1.0,,True
PTMC,Pacer Trendpilot US Mid Cap ETF,not_determined,management_style_evidence_1.1,S000048688,index_passive_identified,high,sec_ncen_c3,SEC N-CEN C.3 identifies the series as an index fund,https://www.sec.gov/Archives/edgar/data/1616668/000114554925046416/0001145549-25-046416-index.html,2025q3_ncen.zip,0001145549-25-046416,S000048688,Pacer Trendpilot US Mid Cap ETF,Y,Y,series_id,1.0,,True
PTNQ,Pacer Trendpilot 100 ETF,not_determined,management_style_evidence_1.1,S000048686,index_passive_identified,high,sec_ncen_c3,SEC N-CEN C.3 identifies the series as an index fund,https://www.sec.gov/Archives/edgar/data/1616668/000114554925046416/0001145549-25-046416-index.html,2025q3_ncen.zip,0001145549-25-046416,S000048686,Pacer Trendpilot 100 ETF,Y,Y,series_id,1.0,,True
PTRB,PGIM Total Return Bond ETF,not_determined,management_style_evidence_1.1,S000074500,non_index_management_identified,high,sec_ncen_c3,SEC N-CEN C.3 does not identify the series as an index fund; the filing alone does not distinguish discretionary from rules-based management,https://www.sec.gov/Archives/edgar/data/1727074/000094040025005892/0000940400-25-005892-index.html,2025q4_ncen.zip,0000940400-25-005892,S000074500,PGIM Total Return Bond ETF,Y,,series_id,1.0,,True
PUI,Invesco Dorsey Wright Utilities Momentum ETF,systematic_or_rules_based,management_style_evidence_1.1,S000003046,index_passive_identified,high,sec_ncen_c3,SEC N-CEN C.3 identifies the series as an index fund,https://www.sec.gov/Archives/edgar/data/1209466/000175272425166789/0001752724-25-166789-index.html,2025q3_ncen.zip,0001752724-25-166789,S000003046,Invesco Dorsey Wright Utilities Momentum ETF,Y,Y,series_id,1.0,,True
PULS,PGIM Ultra Short Bond ETF,not_determined,management_style_evidence_1.1,S000061589,non_index_management_identified,high,sec_ncen_c3,SEC N-CEN C.3 does not identify the series as an index fund; the filing alone does not distinguish discretionary from rules-based management,https://www.sec.gov/Archives/edgar/data/1727074/000094040025005892/0000940400-25-005892-index.html,2025q4_ncen.zip,0000940400-25-005892,S000061589,PGIM Ultra Short Bond ETF,Y,,series_id,1.0,,True
PVAL,Putnam Focused Large Cap Value ETF,systematic_or_rules_based,management_style_evidence_1.1,,active_identified,high,primary_source_override,Issuer groups PVAL with active equity strategies managed for outperformance,https://www.putnam.com/advisor/how-we-invest/equity/,,,,,,,manual_ticker_override,,,True
PVI,Invesco Floating Rate Municipal Income ETF,not_determined,management_style_evidence_1.1,S000019521,index_passive_identified,high,sec_ncen_c3,SEC N-CEN C.3 identifies the series as an index fund,https://www.sec.gov/Archives/edgar/data/1378872/000137887225000490/0001378872-25-000490-index.html,2025q4_ncen.zip,0001378872-25-000490,S000019521,Invesco Floating Rate Municipal Income ETF,Y,Y,series_id,1.0,,True
PWB,Invesco Large Cap Growth ETF,systematic_or_rules_based,management_style_evidence_1.1,S000003054,index_passive_identified,high,sec_ncen_c3,SEC N-CEN C.3 identifies the series as an index fund,https://www.sec.gov/Archives/edgar/data/1209466/000175272425166789/0001752724-25-166789-index.html,2025q3_ncen.zip,0001752724-25-166789,S000003054,Invesco Large Cap Growth ETF,Y,Y,series_id,1.0,,True
PWJ,PowerShares Dynamic Mid Cap Growth Portfolio,systematic_or_rules_based,management_style_evidence_1.1,S000003056,index_passive_identified,high,sec_ncen_c3,SEC N-CEN C.3 identifies the series as an index fund,https://www.sec.gov/Archives/edgar/data/1209466/000175272425166789/0001752724-25-166789-index.html,2025q3_ncen.zip,0001752724-25-166789,S000003056,Invesco S&P MidCap Momentum ETF,Y,Y,series_id,0.3728813559322034,,True
PWRD,TCW Transform Systems ETF,not_determined,management_style_evidence_1.1,,active_identified,high,primary_source_override,Issuer product brief identifies an actively managed systems-based equity strategy,https://edge.sitecorecloud.io/thetcwgroupc320-tcwweb7bc3-prod0f26-25f9/media/Downloads/TCW/Products/ETFs/Product-Briefs/PWRD-Product-Brief.pdf?sc_lang=en,,,,,,,manual_ticker_override,,,True
PWS,Pacer WealthShield ETF,not_determined,management_style_evidence_1.1,S000059727,index_passive_identified,high,sec_ncen_c3,SEC N-CEN C.3 identifies the series as an index fund,https://www.sec.gov/Archives/edgar/data/1616668/000114554925046416/0001145549-25-046416-index.html,2025q3_ncen.zip,0001145549-25-046416,S000059727,Pacer WealthShield ETF,Y,Y,series_id,1.0,,True
PWV,Invesco Large Cap Value ETF,systematic_or_rules_based,management_style_evidence_1.1,S000003055,index_passive_identified,high,sec_ncen_c3,SEC N-CEN C.3 identifies the series as an index fund,https://www.sec.gov/Archives/edgar/data/1209466/000175272425166789/0001752724-25-166789-index.html,2025q3_ncen.zip,0001752724-25-166789,S000003055,Invesco Large Cap Value ETF,Y,Y,series_id,1.0,,True
PWZ,Invesco California AMT-Free Municipal Bond Portfolio,not_determined,management_style_evidence_1.1,S000019411,index_passive_identified,high,sec_ncen_c3,SEC N-CEN C.3 identifies the series as an index fund,https://www.sec.gov/Archives/edgar/data/1378872/000137887225000490/0001378872-25-000490-index.html,2025q4_ncen.zip,0001378872-25-000490,S000019411,Invesco California AMT-Free Municipal Bond ETF,Y,Y,series_id,0.9069767441860465,,True
PXE,Invesco Energy Exploration & Production ETF,not_determined,management_style_evidence_1.1,S000003041,index_passive_identified,high,sec_ncen_c3,SEC N-CEN C.3 identifies the series as an index fund,https://www.sec.gov/Archives/edgar/data/1209466/000175272425166789/0001752724-25-166789-index.html,2025q3_ncen.zip,0001752724-25-166789,S000003041,Invesco Energy Exploration & Production ETF,Y,Y,series_id,1.0,,True
PXF,Invesco RAFI Developed Markets ex-U.S. ETF,not_determined,management_style_evidence_1.1,S000015261,index_passive_identified,high,sec_ncen_c3,SEC N-CEN C.3 identifies the series as an index fund,https://www.sec.gov/Archives/edgar/data/1378872/000137887226000052/0001378872-26-000052-index.html,2026q1_ncen.zip,0001378872-26-000052,S000015261,Invesco RAFI Developed Markets ex-U.S. ETF,Y,Y,series_id,1.0,,True
PXH,Invesco RAFI Emerging Markets ETF,not_determined,management_style_evidence_1.1,S000015263,index_passive_identified,high,sec_ncen_c3,SEC N-CEN C.3 identifies the series as an index fund,https://www.sec.gov/Archives/edgar/data/1378872/000137887226000052/0001378872-26-000052-index.html,2026q1_ncen.zip,0001378872-26-000052,S000015263,Invesco RAFI Emerging Markets ETF,Y,Y,series_id,1.0,,True
PXI,Invesco Dorsey Wright Energy Momentum ETF,systematic_or_rules_based,management_style_evidence_1.1,S000013101,index_passive_identified,high,sec_ncen_c3,SEC N-CEN C.3 identifies the series as an index fund,https://www.sec.gov/Archives/edgar/data/1209466/000175272425166789/0001752724-25-166789-index.html,2025q3_ncen.zip,0001752724-25-166789,S000013101,Invesco Dorsey Wright Energy Momentum ETF,Y,Y,series_id,1.0,,True
PXJ,Invesco Oil & Gas Services ETF,not_determined,management_style_evidence_1.1,S000003043,index_passive_identified,high,sec_ncen_c3,SEC N-CEN C.3 identifies the series as an index fund,https://www.sec.gov/Archives/edgar/data/1209466/000175272425166789/0001752724-25-166789-index.html,2025q3_ncen.zip,0001752724-25-166789,S000003043,Invesco Oil & Gas Services ETF,Y,Y,series_id,1.0,,True
PXLG,PowerShares Fundamental Pure Large Growth Portfolio,systematic_or_rules_based,management_style_evidence_1.1,S000032768,index_passive_identified,high,sec_ncen_c3,SEC N-CEN C.3 identifies the series as an index fund,https://www.sec.gov/Archives/edgar/data/1209466/000175272425166789/0001752724-25-166789-index.html,2025q3_ncen.zip,0001752724-25-166789,S000032768,Invesco S&P 500 GARP ETF,Y,Y,series_id,0.2033898305084746,,True
PXLV,PowerShares Fundamental Pure Large Value Portfolio,systematic_or_rules_based,management_style_evidence_1.1,S000032769,index_passive_identified,high,sec_ncen_c3,SEC N-CEN C.3 identifies the series as an index fund,https://www.sec.gov/Archives/edgar/data/1209466/000175272425166789/0001752724-25-166789-index.html,2025q3_ncen.zip,0001752724-25-166789,S000032769,Invesco S&P 500 Value with Momentum ETF,Y,Y,series_id,0.2535211267605634,,True
PY,Principal Value ETF,systematic_or_rules_based,management_style_evidence_1.1,S000052930,active_identified,high,primary_source_override,Issuer fact sheet describes PY as an active rules-based framework,https://brandassets.principal.com/m/70b2f8e575e1b0ac,,,,,,,manual_ticker_override,,Systematic implementation is a strategy attribute and does not negate the active management classification.,True
PYZ,Invesco Dorsey Wright Basic Materials Momentum ETF,systematic_or_rules_based,management_style_evidence_1.1,S000013127,index_passive_identified,high,sec_ncen_c3,SEC N-CEN C.3 identifies the series as an index fund,https://www.sec.gov/Archives/edgar/data/1209466/000175272425166789/0001752724-25-166789-index.html,2025q3_ncen.zip,0001752724-25-166789,S000013127,Invesco Dorsey Wright Basic Materials Momentum ETF,Y,Y,series_id,1.0,,True
PZA,Invesco National AMT-Free Municipal Bond ETFo,not_determined,management_style_evidence_1.1,S000019245,index_passive_identified,high,sec_ncen_c3,SEC N-CEN C.3 identifies the series as an index fund,https://www.sec.gov/Archives/edgar/data/1378872/000137887225000490/0001378872-25-000490-index.html,2025q4_ncen.zip,0001378872-25-000490,S000019245,Invesco National AMT-Free Municipal Bond ETF,Y,Y,series_id,0.9743589743589743,,True
PZD,PowerShares Cleantech Portfolio,not_determined,management_style_evidence_1.1,S000013122,index_passive_identified,high,primary_source_override,SEC prospectus states that the fund seeks to track the Cleantech Index,https://www.sec.gov/Archives/edgar/data/1209466/000110465906061914/a06-19443_1485bpos.htm,,,,,,,manual_ticker_override,,,True
PZT,Invesco New York AMT-Free Municipal Bond ETF,not_determined,management_style_evidence_1.1,S000019412,index_passive_identified,high,sec_ncen_c3,SEC N-CEN C.3 identifies the series as an index fund,https://www.sec.gov/Archives/edgar/data/1378872/000137887225000490/0001378872-25-000490-index.html,2025q4_ncen.zip,0001378872-25-000490,S000019412,Invesco New York AMT-Free Municipal Bond ETF,Y,Y,series_id,1.0,,True
QABA,First Trust NASDAQ ABA Community Bank Index Fund,index_passive_identified,management_style_evidence_1.1,S000026211,index_passive_identified,high,sec_ncen_c3,SEC N-CEN C.3 identifies the series as an index fund,https://www.sec.gov/Archives/edgar/data/1329377/000094040026009992/0000940400-26-009992-index.html,2026q1_ncen.zip,0000940400-26-009992,S000026211,First Trust NASDAQ ABA Community Bank Index Fund,Y,Y,series_id,1.0,,False
QAI,NYLIM Hedge Multi-Strategy Tracker ETF,not_determined,management_style_evidence_1.1,S000023661,index_passive_identified,high,sec_ncen_c3,SEC N-CEN C.3 identifies the series as an index fund,https://www.sec.gov/Archives/edgar/data/1415995/000175272425165942/0001752724-25-165942-index.html,2025q3_ncen.zip,0001752724-25-165942,S000023661,NYLI Hedge Multi-Strategy Tracker ETF,Y,Y,series_id,0.9846153846153847,,True
QARP,Xtrackers Russell 1000 US Quality at a Reasonable Price ETF ETF,systematic_or_rules_based,management_style_evidence_1.1,S000060057,index_passive_identified,high,sec_ncen_c3,SEC N-CEN C.3 identifies the series as an index fund,https://www.sec.gov/Archives/edgar/data/1503123/000094040025005824/0000940400-25-005824-index.html,2025q4_ncen.zip,0000940400-25-005824,S000060057,Xtrackers Russell 1000 US Quality at a Reasonable Price ETF,Y,Y,series_id,0.9433962264150944,,True
QAT,iShares MSCI Qatar ETF,index_passive_identified,management_style_evidence_1.1,S000045074,index_passive_identified,high,sec_ncen_c3,SEC N-CEN C.3 identifies the series as an index fund,https://www.sec.gov/Archives/edgar/data/1100663/000141036825023225/0001410368-25-023225-index.html,2025q4_ncen.zip,0001410368-25-023225,S000045074,iShares MSCI Qatar ETF,Y,Y,series_id,1.0,,False
QCLN,First Trust NASDAQ Clean Edge Green Energy Index Fund,index_passive_identified,management_style_evidence_1.1,S000015169,index_passive_identified,high,sec_ncen_c3,SEC N-CEN C.3 identifies the series as an index fund,https://www.sec.gov/Archives/edgar/data/1329377/000094040026009992/0000940400-26-009992-index.html,2026q1_ncen.zip,0000940400-26-009992,S000015169,First Trust NASDAQ Clean Edge Green Energy Index Fund,Y,Y,series_id,1.0,,False
QCLR,Global X NASDAQ 100 Collar 95-110 ETF,index_passive_identified,management_style_evidence_1.1,S000072536,index_passive_identified,high,sec_ncen_c3,SEC N-CEN C.3 identifies the series as an index fund,https://www.sec.gov/Archives/edgar/data/1432353/000204825126001907/0002048251-26-001907-index.html,2026q1_ncen.zip,0002048251-26-001907,S000072536,Global X NASDAQ 100 Collar 95-110 ETF,Y,Y,series_id,1.0,,False
QDEF,Northern Trust Quality Dividend Defensive ETF,systematic_or_rules_based,management_style_evidence_1.1,S000038875,index_passive_identified,high,sec_ncen_c3,SEC N-CEN C.3 identifies the series as an index fund,https://www.sec.gov/Archives/edgar/data/1491978/000207169126000168/0002071691-26-000168-index.html,2026q1_ncen.zip,0002071691-26-000168,S000038875,FlexShares Quality Dividend Defensive Index Fund,Y,Y,series_id,0.7222222222222222,,True
QDF,Northern Trust Quality Dividend ETF,systematic_or_rules_based,management_style_evidence_1.1,S000038873,index_passive_identified,high,sec_ncen_c3,SEC N-CEN C.3 identifies the series as an index fund,https://www.sec.gov/Archives/edgar/data/1491978/000207169126000168/0002071691-26-000168-index.html,2026q1_ncen.zip,0002071691-26-000168,S000038873,FlexShares Quality Dividend Index Fund,Y,Y,series_id,0.6296296296296297,,True
QDIV,Global X S&P 500 Quality Dividend ETF,systematic_or_rules_based,management_style_evidence_1.1,S000062094,index_passive_identified,high,sec_ncen_c3,SEC N-CEN C.3 identifies the series as an index fund,https://www.sec.gov/Archives/edgar/data/1432353/000204825126001908/0002048251-26-001908-index.html,2026q1_ncen.zip,0002048251-26-001908,S000062094,Global X S&P 500 Quality Dividend ETF,Y,Y,series_id,1.0,,True
QDPL,Pacer Metaurus US Large Cap Dividend Multiplier 400 ETF,systematic_or_rules_based,management_style_evidence_1.1,S000072257,index_passive_identified,high,sec_ncen_c3,SEC N-CEN C.3 identifies the series as an index fund,https://www.sec.gov/Archives/edgar/data/1616668/000089418926000408/0000894189-26-000408-index.html,2026q1_ncen.zip,0000894189-26-000408,S000072257,Pacer Metaurus US Large Cap Dividend Multiplier 400 ETF,Y,Y,series_id,1.0,,True
QEFA,State Street SPDR MSCI EAFE StrategicFactors ETF,index_passive_identified,management_style_evidence_1.1,S000045386,index_passive_identified,high,sec_ncen_c3,SEC N-CEN C.3 identifies the series as an index fund,https://www.sec.gov/Archives/edgar/data/1168164/000141036825034454/0001410368-25-034454-index.html,2025q4_ncen.zip,0001410368-25-034454,S000045386,SPDR MSCI EAFE StrategicFactors ETF,Y,Y,series_id,0.7380952380952381,,False
QEMM,State Street SPDR MSCI Emerging Markets StrategicFactors ETF,index_passive_identified,management_style_evidence_1.1,S000045387,index_passive_identified,high,sec_ncen_c3,SEC N-CEN C.3 identifies the series as an index fund,https://www.sec.gov/Archives/edgar/data/1168164/000141036825034454/0001410368-25-034454-index.html,2025q4_ncen.zip,0001410368-25-034454,S000045387,SPDR MSCI Emerging Markets StrategicFactors ETF,Y,Y,series_id,0.7924528301886793,,False
QGRO,American Century U.S. Quality Growth ETF,systematic_or_rules_based,management_style_evidence_1.1,S000062302,index_passive_identified,high,sec_ncen_c3,SEC N-CEN C.3 identifies the series as an index fund,https://www.sec.gov/Archives/edgar/data/1710607/000114554924068816/0001145549-24-068816-index.html,2024q4_ncen.zip,0001145549-24-068816,S000062302,American Century U.S. Quality Growth ETF,Y,Y,series_id,1.0,,True
QHY,WisdomTree U.S. High Yield Corporate Bond Fund,not_determined,management_style_evidence_1.1,S000053483,index_passive_identified,high,sec_ncen_c3,SEC N-CEN C.3 identifies the series as an index fund,https://www.sec.gov/Archives/edgar/data/1350487/000094040025000407/0000940400-25-000407-index.html,2025q3_ncen.zip,0000940400-25-000407,S000053483,WisdomTree U.S. High Yield Corporate Bond Fund,Y,Y,series_id,1.0,,True
QIG,WisdomTree U.S. Corporate Bond Fund,not_determined,management_style_evidence_1.1,S000053481,index_passive_identified,high,sec_ncen_c3,SEC N-CEN C.3 identifies the series as an index fund,https://www.sec.gov/Archives/edgar/data/1350487/000094040025000407/0000940400-25-000407-index.html,2025q3_ncen.zip,0000940400-25-000407,S000053481,WisdomTree U.S. Corporate Bond Fund,Y,Y,series_id,1.0,,True
QINT,American Century Quality Diversified International ETF,systematic_or_rules_based,management_style_evidence_1.1,S000062301,index_passive_identified,high,sec_ncen_c3,SEC N-CEN C.3 identifies the series as an index fund,https://www.sec.gov/Archives/edgar/data/1710607/000114554924068816/0001145549-24-068816-index.html,2024q4_ncen.zip,0001145549-24-068816,S000062301,American Century Quality Diversified International ETF,Y,Y,series_id,1.0,,True
QLC,Northern Trust US Quality Large Cap ETF,systematic_or_rules_based,management_style_evidence_1.1,S000050614,index_passive_identified,high,sec_ncen_c3,SEC N-CEN C.3 identifies the series as an index fund,https://www.sec.gov/Archives/edgar/data/1491978/000207169126000168/0002071691-26-000168-index.html,2026q1_ncen.zip,0002071691-26-000168,S000050614,FlexShares US Quality Large Cap Index Fund,Y,Y,series_id,0.6551724137931034,,True
QLTA,iShares Aaa A Rated Corporate Bond ETF,not_determined,management_style_evidence_1.1,S000035916,index_passive_identified,high,sec_ncen_c3,SEC N-CEN C.3 identifies the series as an index fund,https://www.sec.gov/Archives/edgar/data/1100663/000141036826001031/0001410368-26-001031-index.html,2026q1_ncen.zip,0001410368-26-001031,S000035916,iShares Aaa - A Rated Corporate Bond ETF,Y,Y,series_id,1.0,,True
QLV,Northern Trust US Quality Low Volatility ETF,systematic_or_rules_based,management_style_evidence_1.1,S000065837,index_passive_identified,high,sec_ncen_c3,SEC N-CEN C.3 identifies the series as an index fund,https://www.sec.gov/Archives/edgar/data/1491978/000207169126000168/0002071691-26-000168-index.html,2026q1_ncen.zip,0002071691-26-000168,S000065837,FlexShares US Quality Low Volatility Index Fund,Y,Y,series_id,0.7058823529411765,,True
QLVD,Northern Trust Developed Markets ex-US Quality Low Volatility ETF,systematic_or_rules_based,management_style_evidence_1.1,S000065838,index_passive_identified,high,sec_ncen_c3,SEC N-CEN C.3 identifies the series as an index fund,https://www.sec.gov/Archives/edgar/data/1491978/000207169126000168/0002071691-26-000168-index.html,2026q1_ncen.zip,0002071691-26-000168,S000065838,FlexShares Developed Markets ex-US Quality Low Volatility Index Fund,Y,Y,series_id,0.8076923076923077,,True
QLVE,Northern Trust Emerging Markets Quality Low Volatility ETF,systematic_or_rules_based,management_style_evidence_1.1,S000065839,index_passive_identified,high,sec_ncen_c3,SEC N-CEN C.3 identifies the series as an index fund,https://www.sec.gov/Archives/edgar/data/1491978/000207169126000168/0002071691-26-000168-index.html,2026q1_ncen.zip,0002071691-26-000168,S000065839,FlexShares Emerging Markets Quality Low Volatility Index Fund,Y,Y,series_id,0.7872340425531915,,True
QMOM,Alpha Architect U.S. Quantitative Momentum ETF,systematic_or_rules_based,management_style_evidence_1.1,S000046018,active_identified,high,primary_source_override,Issuer prospectus states that QMOM is actively managed using a proprietary quantitative methodology,https://alphaarchitect.com/wp-content/uploads/compliance/etf/summary_prospectus/QMOM%20Summary%20Pro.pdf,,,,,,,manual_ticker_override,,Systematic implementation is a strategy attribute and does not negate the active management classification.,True
QPX,AdvisorShares Q Dynamic Growth ETF,active_identified,management_style_evidence_1.1,S000070111,active_identified,high,primary_source_override,Issuer includes QPX in its official actively managed ETF lineup,https://insights.advisorshares.com/etf-fact-sheets,,,,,,,manual_ticker_override,,,False
QQEW,First Trust Nasdaq-100 Select Equal Weight ETF,systematic_or_rules_based,management_style_evidence_1.1,S000011047,index_passive_identified,high,sec_ncen_c3,SEC N-CEN C.3 identifies the series as an index fund,https://www.sec.gov/Archives/edgar/data/1329377/000094040026009992/0000940400-26-009992-index.html,2026q1_ncen.zip,0000940400-26-009992,S000011047,First Trust Nasdaq-100 Select Equal Weight ETF,Y,Y,series_id,1.0,,True
QQH,HCM Defender 100 Index ETF,index_passive_identified,management_style_evidence_1.1,S000066141,index_passive_identified,high,sec_ncen_c3,SEC N-CEN C.3 identifies the series as an index fund,https://www.sec.gov/Archives/edgar/data/1537140/000091047225000625/0000910472-25-000625-index.html,2025q3_ncen.zip,0000910472-25-000625,S000066141,HCM Defender 100 Index ETF,Y,Y,series_id,1.0,,False
QQMG,Invesco ESG NASDAQ 100 ETF,systematic_or_rules_based,management_style_evidence_1.1,,index_passive_identified,high,sec_ncen_c3,SEC N-CEN C.3 identifies the series as an index fund,https://www.sec.gov/Archives/edgar/data/1378872/000137887225000490/0001378872-25-000490-index.html,2025q4_ncen.zip,0001378872-25-000490,S000073013,Invesco ESG NASDAQ 100 ETF,Y,Y,ticker,1.0,,True
QQQ,"Invesco QQQ Trust, Series 1",not_determined,management_style_evidence_1.1,S000101292,index_passive_identified,high,primary_source_override,Issuer states that the trust tracks the Nasdaq-100 Index,https://www.invesco.com/qqq-etf/en/home.html,,,,,,,manual_ticker_override,,,True
QQQA,ProShares Nasdaq-100 Dorsey Wright Momentum ETF,systematic_or_rules_based,management_style_evidence_1.1,S000071850,index_passive_identified,high,sec_ncen_c3,SEC N-CEN C.3 identifies the series as an index fund,https://www.sec.gov/Archives/edgar/data/1174610/000175272425186802/0001752724-25-186802-index.html,2025q3_ncen.zip,0001752724-25-186802,S000071850,ProShares Nasdaq-100 Dorsey Wright Momentum ETF,Y,Y,series_id,1.0,,True
QQQE,Direxion NASDAQ-100 Equal Weighted Index ETF,index_passive_identified,management_style_evidence_1.1,S000033634,index_passive_identified,high,sec_ncen_c3,SEC N-CEN C.3 identifies the series as an index fund,https://www.sec.gov/Archives/edgar/data/1424958/000119312526012900/0001193125-26-012900-index.html,2026q1_ncen.zip,0001193125-26-012900,S000033634,Direxion NASDAQ-100 Equal Weighted Index Shares,Y,Y,series_id,0.9210526315789473,,False
QQQJ,Invesco NASDAQ Next Gen 100 ETF,index_passive_identified,management_style_evidence_1.1,S000069449,index_passive_identified,high,sec_ncen_c3,SEC N-CEN C.3 identifies the series as an index fund,https://www.sec.gov/Archives/edgar/data/1378872/000137887225000490/0001378872-25-000490-index.html,2025q4_ncen.zip,0001378872-25-000490,S000069449,Invesco NASDAQ Next Gen 100 ETF,Y,Y,series_id,1.0,,False
QQQM,Invesco NASDAQ 100 ETF,index_passive_identified,management_style_evidence_1.1,S000069448,index_passive_identified,high,sec_ncen_c3,SEC N-CEN C.3 identifies the series as an index fund,https://www.sec.gov/Archives/edgar/data/1378872/000137887225000490/0001378872-25-000490-index.html,2025q4_ncen.zip,0001378872-25-000490,S000069448,Invesco NASDAQ 100 ETF,Y,Y,series_id,1.0,,False
QQXT,First Trust NASDAQ-100 Ex-Technology Sector Index Fund,index_passive_identified,management_style_evidence_1.1,S000013259,index_passive_identified,high,sec_ncen_c3,SEC N-CEN C.3 identifies the series as an index fund,https://www.sec.gov/Archives/edgar/data/1329377/000094040026009992/0000940400-26-009992-index.html,2026q1_ncen.zip,0000940400-26-009992,S000013259,First Trust NASDAQ-100 Ex-Technology Sector Index Fund,Y,Y,series_id,1.0,,False
QRMI,Global X NASDAQ 100 Risk Managed Income ETF,index_passive_identified,management_style_evidence_1.1,S000072535,index_passive_identified,high,sec_ncen_c3,SEC N-CEN C.3 identifies the series as an index fund,https://www.sec.gov/Archives/edgar/data/1432353/000204825126001907/0002048251-26-001907-index.html,2026q1_ncen.zip,0002048251-26-001907,S000072535,Global X NASDAQ 100 Risk Managed Income ETF,Y,Y,series_id,1.0,,False
QSIG,WisdomTree U.S. Short Term Corporate Bond Fund,not_determined,management_style_evidence_1.1,S000053482,index_passive_identified,high,sec_ncen_c3,SEC N-CEN C.3 identifies the series as an index fund,https://www.sec.gov/Archives/edgar/data/1350487/000094040025000407/0000940400-25-000407-index.html,2025q3_ncen.zip,0000940400-25-000407,S000053482,WisdomTree U.S. Short-Term Corporate Bond Fund,Y,Y,series_id,1.0,,True
QTAP,Innovator Growth Accelerated Plus ETF - April,systematic_or_rules_based,management_style_evidence_1.1,,systematic_or_rules_based,medium,sec_ncen_c3,SEC N-CEN C.3 does not identify the series as an index fund; classification refined by transparent product-name evidence (strategy_name_identifies_rules_or_overlay),https://www.sec.gov/Archives/edgar/data/1415726/000089418926000385/0000894189-26-000385-index.html,2026q1_ncen.zip,0000894189-26-000385,S000070880,Innovator Growth Accelerated Plus ETF - April,Y,,ticker,1.0,,False
QTEC,First Trust NASDAQ-100-Technology Sector Index Fund,index_passive_identified,management_style_evidence_1.1,S000011048,index_passive_identified,high,sec_ncen_c3,SEC N-CEN C.3 identifies the series as an index fund,https://www.sec.gov/Archives/edgar/data/1329377/000094040026009992/0000940400-26-009992-index.html,2026q1_ncen.zip,0000940400-26-009992,S000011048,First Trust NASDAQ-100-Technology Sector Index Fund,Y,Y,series_id,1.0,,False
QTJA,Innovator Growth Accelerated Plus ETF - January,systematic_or_rules_based,management_style_evidence_1.1,,systematic_or_rules_based,medium,sec_ncen_c3,SEC N-CEN C.3 does not identify the series as an index fund; classification refined by transparent product-name evidence (strategy_name_identifies_rules_or_overlay),https://www.sec.gov/Archives/edgar/data/1415726/000089418926000385/0000894189-26-000385-index.html,2026q1_ncen.zip,0000894189-26-000385,S000074848,Innovator Growth Accelerated Plus ETF - January,Y,,ticker,1.0,,False
QTJL,Innovator Growth Accelerated Plus ETF - July,systematic_or_rules_based,management_style_evidence_1.1,,systematic_or_rules_based,medium,sec_ncen_c3,SEC N-CEN C.3 does not identify the series as an index fund; classification refined by transparent product-name evidence (strategy_name_identifies_rules_or_overlay),https://www.sec.gov/Archives/edgar/data/1415726/000089418926000385/0000894189-26-000385-index.html,2026q1_ncen.zip,0000894189-26-000385,S000072378,Innovator Growth Accelerated Plus ETF - July,Y,,ticker,1.0,,False
QTOC,Innovator Growth Accelerated Plus ETF - October,systematic_or_rules_based,management_style_evidence_1.1,,systematic_or_rules_based,medium,sec_ncen_c3,SEC N-CEN C.3 does not identify the series as an index fund; classification refined by transparent product-name evidence (strategy_name_identifies_rules_or_overlay),https://www.sec.gov/Archives/edgar/data/1415726/000089418926000385/0000894189-26-000385-index.html,2026q1_ncen.zip,0000894189-26-000385,S000073673,Innovator Growth Accelerated Plus ETF - October,Y,,ticker,1.0,,False
QTUM,Defiance Quantum ETF,not_determined,management_style_evidence_1.1,S000062478,index_passive_identified,high,sec_ncen_c3,SEC N-CEN C.3 identifies the series as an index fund,https://www.sec.gov/Archives/edgar/data/1540305/000089418926007960/0000894189-26-007960-index.html,2026q1_ncen.zip,0000894189-26-007960,S000062478,Defiance Quantum ETF,Y,Y,series_id,1.0,,True
QUAL,iShares MSCI USA Quality Factor ETF,systematic_or_rules_based,management_style_evidence_1.1,,index_passive_identified,high,sec_ncen_c3,SEC N-CEN C.3 identifies the series as an index fund,https://www.sec.gov/Archives/edgar/data/1100663/000141036825014340/0001410368-25-014340-index.html,2025q4_ncen.zip,0001410368-25-014340,S000041444,iShares MSCI USA Quality Factor ETF,Y,Y,ticker,1.0,,True
QUS,State Street SPDR MSCI USA StrategicFactors ETF,index_passive_identified,management_style_evidence_1.1,S000048346,index_passive_identified,high,sec_ncen_c3,SEC N-CEN C.3 identifies the series as an index fund,https://www.sec.gov/Archives/edgar/data/1064642/000141036826040180/0001410368-26-040180-index.html,2026q2_ncen.zip,0001410368-26-040180,S000048346,SPDR MSCI USA StrategicFactors ETF,Y,Y,series_id,0.7317073170731707,,False
QVAL,Alpha Architect U.S. Quantitative Value ETF,systematic_or_rules_based,management_style_evidence_1.1,S000046016,active_identified,high,primary_source_override,Issuer states that its quantitative ETFs are actively managed,https://funds.alphaarchitect.com/documents/factsheet_qmom/,,,,,,,manual_ticker_override,,Family prospectus language covers IMOM IVAL QMOM QVAL and VMOT/AAVM.,True
QVML,Invesco S&P 500 QVM Multi-factor ETF,systematic_or_rules_based,management_style_evidence_1.1,S000072318,index_passive_identified,high,sec_ncen_c3,SEC N-CEN C.3 identifies the series as an index fund,https://www.sec.gov/Archives/edgar/data/1378872/000137887225000490/0001378872-25-000490-index.html,2025q4_ncen.zip,0001378872-25-000490,S000072318,Invesco S&P 500 QVM Multi-factor ETF,Y,Y,series_id,1.0,,True
QVMM,Invesco S&P MidCap 400 QVM Multi-factor ETF,systematic_or_rules_based,management_style_evidence_1.1,S000072319,index_passive_identified,high,sec_ncen_c3,SEC N-CEN C.3 identifies the series as an index fund,https://www.sec.gov/Archives/edgar/data/1378872/000137887225000490/0001378872-25-000490-index.html,2025q4_ncen.zip,0001378872-25-000490,S000072319,Invesco S&P MidCap 400 QVM Multi-factor ETF,Y,Y,series_id,1.0,,True
QVMS,Invesco S&P SmallCap 600 QVM Multi-factor ETF,systematic_or_rules_based,management_style_evidence_1.1,S000072320,index_passive_identified,high,sec_ncen_c3,SEC N-CEN C.3 identifies the series as an index fund,https://www.sec.gov/Archives/edgar/data/1378872/000137887225000490/0001378872-25-000490-index.html,2025q4_ncen.zip,0001378872-25-000490,S000072320,Invesco S&P SmallCap 600 QVM Multi-factor ETF,Y,Y,series_id,1.0,,True
QVMT,Invesco S&P 500 Concentrated QVM ETF,index_passive_identified,management_style_evidence_1.1,,index_passive_identified,high,primary_source_override,SEC filing states that the fund attempts to replicate its underlying index,https://www.sec.gov/Archives/edgar/data/1378872/000110465926018152/tm263516d3_485bpos.htm,,,,,,,manual_ticker_override,,The product changed name and index in 2026; both mandates were index based.,False
QWLD,State Street SPDR MSCI World StrategicFactors ETF,index_passive_identified,management_style_evidence_1.1,S000045388,index_passive_identified,high,sec_ncen_c3,SEC N-CEN C.3 identifies the series as an index fund,https://www.sec.gov/Archives/edgar/data/1168164/000141036825034454/0001410368-25-034454-index.html,2025q4_ncen.zip,0001410368-25-034454,S000045388,SPDR MSCI World StrategicFactors ETF,Y,Y,series_id,0.7441860465116279,,False
QYLD,Global X NASDAQ 100 Covered Call ETF,index_passive_identified,management_style_evidence_1.1,S000063352,index_passive_identified,high,sec_ncen_c3,SEC N-CEN C.3 identifies the series as an index fund,https://www.sec.gov/Archives/edgar/data/1432353/000204825126001907/0002048251-26-001907-index.html,2026q1_ncen.zip,0002048251-26-001907,S000063352,Global X NASDAQ 100 Covered Call ETF,Y,Y,series_id,1.0,,False
QYLG,Global X Nasdaq 100 Covered Call & Growth ETF,systematic_or_rules_based,management_style_evidence_1.1,S000069249,index_passive_identified,high,sec_ncen_c3,SEC N-CEN C.3 identifies the series as an index fund,https://www.sec.gov/Archives/edgar/data/1432353/000204825126001907/0002048251-26-001907-index.html,2026q1_ncen.zip,0002048251-26-001907,S000069249,Global X Nasdaq 100 Covered Call & Growth ETF,Y,Y,series_id,1.0,,True
RAAX,VanEck Real Assets ETF,not_determined,management_style_evidence_1.1,S000059742,non_index_management_identified,high,sec_ncen_c3,SEC N-CEN C.3 does not identify the series as an index fund; the filing alone does not distinguish discretionary from rules-based management,https://www.sec.gov/Archives/edgar/data/1137360/000141036825033784/0001410368-25-033784-index.html,2025q4_ncen.zip,0001410368-25-033784,S000059742,VanEck Real Assets ETF,Y,,series_id,1.0,,True
RAFE,PIMCO RAFI ESG U.S. ETF,systematic_or_rules_based,management_style_evidence_1.1,S000066985,index_passive_identified,high,sec_ncen_c3,SEC N-CEN C.3 identifies the series as an index fund,https://www.sec.gov/Archives/edgar/data/1479360/000147936025000551/0001479360-25-000551-index.html,2025q3_ncen.zip,0001479360-25-000551,S000066985,PIMCO RAFI ESG U.S. ETF,Y,Y,series_id,1.0,,True
RAVI,Northern Trust Ultra-Short Fixed Income ETF,not_determined,management_style_evidence_1.1,S000035596,non_index_management_identified,high,sec_ncen_c3,SEC N-CEN C.3 does not identify the series as an index fund; the filing alone does not distinguish discretionary from rules-based management,https://www.sec.gov/Archives/edgar/data/1491978/000207169126000168/0002071691-26-000168-index.html,2026q1_ncen.zip,0002071691-26-000168,S000035596,FlexShares Ultra-Short Income Fund,Y,,series_id,0.5901639344262295,,True
RBLD,First Trust Alerian US NextGen Infrastructure ETF,not_determined,management_style_evidence_1.1,,index_passive_identified,high,sec_ncen_c3,SEC N-CEN C.3 identifies the series as an index fund,https://www.sec.gov/Archives/edgar/data/1364608/000175272424283612/0001752724-24-283612-index.html,2024q4_ncen.zip,0001752724-24-283612,S000024215,First Trust Alerian U.S. NextGen Infrastructure ETF,Y,Y,ticker,1.0,,True
RDFI,Rareview Dynamic Fixed Income ETF,not_determined,management_style_evidence_1.1,S000069798,non_index_management_identified,high,sec_ncen_c3,SEC N-CEN C.3 does not identify the series as an index fund; the filing alone does not distinguish discretionary from rules-based management,https://www.sec.gov/Archives/edgar/data/1719812/000175272424281965/0001752724-24-281965-index.html,2024q4_ncen.zip,0001752724-24-281965,S000069798,Rareview Dynamic Fixed Income ETF,Y,,series_id,1.0,,True
RDIV,Invesco S&P Ultra Dividend Revenue ETF,systematic_or_rules_based,management_style_evidence_1.1,S000064597,index_passive_identified,high,sec_ncen_c3,SEC N-CEN C.3 identifies the series as an index fund,https://www.sec.gov/Archives/edgar/data/1378872/000137887225000490/0001378872-25-000490-index.html,2025q4_ncen.zip,0001378872-25-000490,S000064597,Invesco S&P Ultra Dividend Revenue ETF,Y,Y,series_id,1.0,,True
RDOG,ALPS REIT Dividend Dogs ETF,systematic_or_rules_based,management_style_evidence_1.1,,index_passive_identified,high,sec_ncen_c3,SEC N-CEN C.3 identifies the series as an index fund,https://www.sec.gov/Archives/edgar/data/1414040/000104916926000159/0001049169-26-000159-index.html,2026q1_ncen.zip,0001049169-26-000159,S000021672,ALPS REIT Dividend Dogs ETF,Y,Y,ticker,1.0,,True
RDVY,First Trust Rising Dividend Achievers ETF,systematic_or_rules_based,management_style_evidence_1.1,S000043486,index_passive_identified,high,sec_ncen_c3,SEC N-CEN C.3 identifies the series as an index fund,https://www.sec.gov/Archives/edgar/data/1552740/000175272424283605/0001752724-24-283605-index.html,2024q4_ncen.zip,0001752724-24-283605,S000043486,First Trust Rising Dividend Achievers ETF,Y,Y,series_id,1.0,,True
RECS,Columbia Research Enhanced Core ETF,not_determined,management_style_evidence_1.1,S000066076,index_passive_identified,high,sec_ncen_c3,SEC N-CEN C.3 identifies the series as an index fund,https://www.sec.gov/Archives/edgar/data/1551950/000119312526008591/0001193125-26-008591-index.html,2026q1_ncen.zip,0001193125-26-008591,S000066076,Columbia Research Enhanced Core ETF,Y,Y,series_id,1.0,,True
REET,iShares Global REIT ETF,not_determined,management_style_evidence_1.1,S000045649,index_passive_identified,high,sec_ncen_c3,SEC N-CEN C.3 identifies the series as an index fund,https://www.sec.gov/Archives/edgar/data/1100663/000175272425166094/0001752724-25-166094-index.html,2025q3_ncen.zip,0001752724-25-166094,S000045649,iShares Global REIT ETF,Y,Y,series_id,1.0,,True
REGL,ProShares S&P MidCap 400 Dividend Aristocrats ETF,systematic_or_rules_based,management_style_evidence_1.1,S000047884,index_passive_identified,high,sec_ncen_c3,SEC N-CEN C.3 identifies the series as an index fund,https://www.sec.gov/Archives/edgar/data/1174610/000175272425186802/0001752724-25-186802-index.html,2025q3_ncen.zip,0001752724-25-186802,S000047884,ProShares S&P MidCap 400 Dividend Aristocrats ETF,Y,Y,series_id,1.0,,True
REIT,ALPS Active REIT ETF,active_identified,management_style_evidence_1.1,S000070441,active_identified,medium,sec_ncen_c3,SEC N-CEN C.3 does not identify the series as an index fund; classification refined by transparent product-name evidence (strategy_name_identifies_active_management),https://www.sec.gov/Archives/edgar/data/1414040/000104916926000159/0001049169-26-000159-index.html,2026q1_ncen.zip,0001049169-26-000159,S000070441,ALPS Active REIT ETF,Y,,series_id,1.0,,False
REM,iShares Mortgage Real Estate ETF,not_determined,management_style_evidence_1.1,S000015626,index_passive_identified,high,sec_ncen_c3,SEC N-CEN C.3 identifies the series as an index fund,https://www.sec.gov/Archives/edgar/data/1100663/000100472626004646/0001004726-26-004646-index.html,2026q2_ncen.zip,0001004726-26-004646,S000015626,iShares Mortgage Real Estate ETF,Y,Y,series_id,1.0,,True
REMX,VanEck Rare Earth and Strategic Metals ETF,not_determined,management_style_evidence_1.1,S000030045,index_passive_identified,high,sec_ncen_c3,SEC N-CEN C.3 identifies the series as an index fund,https://www.sec.gov/Archives/edgar/data/1137360/000141036826024760/0001410368-26-024760-index.html,2026q1_ncen.zip,0001410368-26-024760,S000030045,VanEck Rare Earth and Strategic Metals ETF,Y,Y,series_id,1.0,,True
REVS,Columbia Research Enhanced Value ETF,systematic_or_rules_based,management_style_evidence_1.1,S000066077,index_passive_identified,high,sec_ncen_c3,SEC N-CEN C.3 identifies the series as an index fund,https://www.sec.gov/Archives/edgar/data/1551950/000119312526008591/0001193125-26-008591-index.html,2026q1_ncen.zip,0001193125-26-008591,S000066077,Columbia Research Enhanced Value ETF,Y,Y,series_id,1.0,,True
REZ,iShares Residential and Multisector Real Estate ETF,not_determined,management_style_evidence_1.1,S000015623,index_passive_identified,high,sec_ncen_c3,SEC N-CEN C.3 identifies the series as an index fund,https://www.sec.gov/Archives/edgar/data/1100663/000100472626004646/0001004726-26-004646-index.html,2026q2_ncen.zip,0001004726-26-004646,S000015623,iShares Residential and Multisector Real Estate ETF,Y,Y,series_id,1.0,,True
RFCI,ALPS Dynamic Core Income ETF,not_determined,management_style_evidence_1.1,S000051619,non_index_management_identified,high,sec_ncen_c3,SEC N-CEN C.3 does not identify the series as an index fund; the filing alone does not distinguish discretionary from rules-based management,https://www.sec.gov/Archives/edgar/data/1414040/000104916926000159/0001049169-26-000159-index.html,2026q1_ncen.zip,0001049169-26-000159,S000051619,RiverFront Dynamic Core Income ETF,Y,,series_id,0.7407407407407407,,True
RFDA,ALPS Dynamic US Dividend Advantage ETF,systematic_or_rules_based,management_style_evidence_1.1,S000052852,active_identified,high,primary_source_override,Exchange filing based on the issuer prospectus states that RFDA is actively managed and does not follow an index,https://www.miaxglobal.com/sites/default/files/circular-files/MIAX_PEARL_Equities_PC_2020_689.pdf,,,,,,,manual_ticker_override,,,True
RFDI,First Trust RiverFront Dynamic Developed International ETF,not_determined,management_style_evidence_1.1,S000052736,non_index_management_identified,high,sec_ncen_c3,SEC N-CEN C.3 does not identify the series as an index fund; the filing alone does not distinguish discretionary from rules-based management,https://www.sec.gov/Archives/edgar/data/1424212/000094040026000182/0000940400-26-000182-index.html,2026q1_ncen.zip,0000940400-26-000182,S000052736,First Trust RiverFront Dynamic Developed International ETF,Y,,series_id,1.0,,True
RFEM,First Trust RiverFront Dynamic Emerging Markets ETF,not_determined,management_style_evidence_1.1,S000052737,non_index_management_identified,high,sec_ncen_c3,SEC N-CEN C.3 does not identify the series as an index fund; the filing alone does not distinguish discretionary from rules-based management,https://www.sec.gov/Archives/edgar/data/1424212/000094040026000182/0000940400-26-000182-index.html,2026q1_ncen.zip,0000940400-26-000182,S000052737,First Trust RiverFront Dynamic Emerging Markets ETF,Y,,series_id,1.0,,True
RFFC,ALPS Active Equity Opportunity ETF,active_identified,management_style_evidence_1.1,S000052853,active_identified,medium,sec_ncen_c3,SEC N-CEN C.3 does not identify the series as an index fund; classification refined by transparent product-name evidence (strategy_name_identifies_active_management),https://www.sec.gov/Archives/edgar/data/1414040/000104916926000159/0001049169-26-000159-index.html,2026q1_ncen.zip,0001049169-26-000159,S000052853,ALPS Active Equity Opportunity ETF,Y,,series_id,1.0,,False
RFG,Invesco S&P MidCap 400 Pure Growth ETF,systematic_or_rules_based,management_style_evidence_1.1,S000060795,index_passive_identified,high,sec_ncen_c3,SEC N-CEN C.3 identifies the series as an index fund,https://www.sec.gov/Archives/edgar/data/1209466/000175272425166789/0001752724-25-166789-index.html,2025q3_ncen.zip,0001752724-25-166789,S000060795,Invesco S&P MidCap 400 Pure Growth ETF,Y,Y,series_id,1.0,,True
RFV,Invesco S&P MidCap 400 Pure Value ETF,systematic_or_rules_based,management_style_evidence_1.1,S000060796,index_passive_identified,high,sec_ncen_c3,SEC N-CEN C.3 identifies the series as an index fund,https://www.sec.gov/Archives/edgar/data/1209466/000175272425166789/0001752724-25-166789-index.html,2025q3_ncen.zip,0001752724-25-166789,S000060796,Invesco S&P MidCap 400 Pure Value ETF,Y,Y,series_id,1.0,,True
RHRX,RH Tactical Rotation ETF,active_identified,management_style_evidence_1.1,,active_identified,high,primary_source_override,SEC statement of additional information identifies RHRX as an actively managed ETF that does not seek to replicate an index,https://www.sec.gov/Archives/edgar/data/1464413/000146441321000233/r497e11212.htm,,,,,,,manual_ticker_override,,,False
RHTX,RH Tactical Outlook ETF,active_identified,management_style_evidence_1.1,,active_identified,high,primary_source_override,SEC statement of additional information identifies RHTX as an actively managed ETF that does not seek to replicate an index,https://www.sec.gov/Archives/edgar/data/1464413/000146441321000233/r497e11212.htm,,,,,,,manual_ticker_override,,,False
RIET,Hoya Capital High Dividend Yield ETF,systematic_or_rules_based,management_style_evidence_1.1,S000073033,index_passive_identified,high,sec_ncen_c3,SEC N-CEN C.3 identifies the series as an index fund,https://www.sec.gov/Archives/edgar/data/1540305/000119312526223051/0001193125-26-223051-index.html,2026q2_ncen.zip,0001193125-26-223051,S000073033,Hoya Capital High Dividend Yield ETF,Y,Y,series_id,1.0,,True
RIGS,ALPS Strategic Income Fund,not_determined,management_style_evidence_1.1,S000030145,non_index_management_identified,high,sec_ncen_c3,SEC N-CEN C.3 does not identify the series as an index fund; the filing alone does not distinguish discretionary from rules-based management,https://www.sec.gov/Archives/edgar/data/1414040/000104916926000159/0001049169-26-000159-index.html,2026q1_ncen.zip,0001049169-26-000159,S000030145,RiverFront Strategic Income Fund,Y,,series_id,0.7307692307692307,,True
RINF,ProShares Inflation Expectations ETF,not_determined,management_style_evidence_1.1,S000035008,index_passive_identified,high,sec_ncen_c3,SEC N-CEN C.3 identifies the series as an index fund,https://www.sec.gov/Archives/edgar/data/1174610/000175272425186802/0001752724-25-186802-index.html,2025q3_ncen.zip,0001752724-25-186802,S000035008,ProShares Inflation Expectations ETF,Y,Y,series_id,1.0,,True
RING,iShares MSCI Global Gold Miners ETF,index_passive_identified,management_style_evidence_1.1,S000035882,index_passive_identified,high,sec_ncen_c3,SEC N-CEN C.3 identifies the series as an index fund,https://www.sec.gov/Archives/edgar/data/930667/000141036825023226/0001410368-25-023226-index.html,2025q4_ncen.zip,0001410368-25-023226,S000035882,iShares MSCI Global Gold Miners ETF,Y,Y,series_id,1.0,,False
RISN,Inspire Capital Appreciation ETF,not_determined,management_style_evidence_1.1,S000068946,non_index_management_identified,high,sec_ncen_c3,SEC N-CEN C.3 does not identify the series as an index fund; the filing alone does not distinguish discretionary from rules-based management,https://www.sec.gov/Archives/edgar/data/1644419/000091047226001324/0000910472-26-001324-index.html,2026q1_ncen.zip,0000910472-26-001324,S000068946,Inspire Capital Appreciation ETF,Y,,series_id,1.0,,True
RISR,FolioBeyond Alternative Income and Interest Rate Hedge ETF,not_determined,management_style_evidence_1.1,S000073705,non_index_management_identified,high,sec_ncen_c3,SEC N-CEN C.3 does not identify the series as an index fund; the filing alone does not distinguish discretionary from rules-based management,https://www.sec.gov/Archives/edgar/data/1742912/000114554924063873/0001145549-24-063873-index.html,2024q4_ncen.zip,0001145549-24-063873,S000073705,FolioBeyond Alternative Income and Interest Rate Hedge ETF,Y,,series_id,1.0,,True
RITA,ETFB Green SRI REITs ETF,not_determined,management_style_evidence_1.1,S000070018,index_passive_identified,high,sec_ncen_c3,SEC N-CEN C.3 identifies the series as an index fund,https://www.sec.gov/Archives/edgar/data/1540305/000089418926000553/0000894189-26-000553-index.html,2026q1_ncen.zip,0000894189-26-000553,S000070018,ETFB Green SRI REITs ETF,Y,Y,series_id,1.0,,True
RLY,State Street Multi-Asset Real Return ETF,not_determined,management_style_evidence_1.1,S000033059,non_index_management_identified,high,sec_ncen_c3,SEC N-CEN C.3 does not identify the series as an index fund; the filing alone does not distinguish discretionary from rules-based management,https://www.sec.gov/Archives/edgar/data/1516212/000175272425214851/0001752724-25-214851-index.html,2025q3_ncen.zip,0001752724-25-214851,S000033059,SPDR SSGA Multi-Asset Real Return ETF,Y,,series_id,0.7692307692307693,,True
RNDV,US Equity Dividend Select ETF,systematic_or_rules_based,management_style_evidence_1.1,S000058149,index_passive_identified,high,sec_ncen_c3,SEC N-CEN C.3 identifies the series as an index fund,https://www.sec.gov/Archives/edgar/data/1552740/000094040026023374/0000940400-26-023374-index.html,2026q2_ncen.zip,0000940400-26-023374,S000058149,First Trust S&P 500 Diversified Dividend Aristocrats ETF,Y,Y,series_id,0.4931506849315068,,True
RNEM,Emerging Markets Equity Select ETF,not_determined,management_style_evidence_1.1,S000058145,index_passive_identified,high,sec_ncen_c3,SEC N-CEN C.3 identifies the series as an index fund,https://www.sec.gov/Archives/edgar/data/1552740/000094040026023374/0000940400-26-023374-index.html,2026q2_ncen.zip,0000940400-26-023374,S000058145,Emerging Markets Equity Select ETF,Y,Y,series_id,1.0,,True
RNLC,Large Cap US Equity Select ETF,not_determined,management_style_evidence_1.1,S000058146,index_passive_identified,high,primary_source_override,Nasdaq exchange circular states that the ETF sought to track the Nasdaq Riskalyze US Large Cap Index,https://www.nasdaqtrader.com/content/newsalerts/2017/infocircular/First%20Trust%20Circular%20June%202017.pdf,,,,,,,manual_ticker_override,,,True
RNMC,Mid Cap US Equity Select ETF,not_determined,management_style_evidence_1.1,S000058147,index_passive_identified,high,primary_source_override,Nasdaq exchange circular states that the ETF sought to track the Nasdaq Riskalyze US Mid Cap Index,https://www.nasdaqtrader.com/content/newsalerts/2017/infocircular/First%20Trust%20Circular%20June%202017.pdf,,,,,,,manual_ticker_override,,,True
RNRG,Global X Renewable Energy Producers ETF,not_determined,management_style_evidence_1.1,,index_passive_identified,high,sec_ncen_c3,SEC N-CEN C.3 identifies the series as an index fund,https://www.sec.gov/Archives/edgar/data/1432353/000204825126001907/0002048251-26-001907-index.html,2026q1_ncen.zip,0002048251-26-001907,S000049685,Global X Renewable Energy Producers ETF,Y,Y,ticker,1.0,,True
RNSC,Small Cap US Equity Select ETF,not_determined,management_style_evidence_1.1,S000058148,index_passive_identified,high,primary_source_override,Nasdaq exchange circular states that the ETF sought to track the Nasdaq Riskalyze US Small Cap Index,https://www.nasdaqtrader.com/content/newsalerts/2017/infocircular/First%20Trust%20Circular%20June%202017.pdf,,,,,,,manual_ticker_override,,,True
ROAM,Hartford Multifactor Emerging Markets ETF,systematic_or_rules_based,management_style_evidence_1.1,S000047584,index_passive_identified,high,sec_ncen_c3,SEC N-CEN C.3 identifies the series as an index fund,https://www.sec.gov/Archives/edgar/data/1605803/000141036825014110/0001410368-25-014110-index.html,2025q4_ncen.zip,0001410368-25-014110,S000047584,Hartford Multifactor Emerging Markets ETF,Y,Y,series_id,1.0,,True
ROBO,ROBO Global Robotics and Automation Index ETF,index_passive_identified,management_style_evidence_1.1,S000042659,index_passive_identified,high,sec_ncen_c3,SEC N-CEN C.3 identifies the series as an index fund,https://www.sec.gov/Archives/edgar/data/1452937/000175272425166800/0001752724-25-166800-index.html,2025q3_ncen.zip,0001752724-25-166800,S000042659,ROBO Global(R) Robotics and Automation Index ETF,Y,Y,series_id,0.9873417721518988,,False
ROBT,First Trust Nasdaq Artificial Intelligence and Robotics ETF,index_passive_identified,management_style_evidence_1.1,S000061316,index_passive_identified,high,sec_ncen_c3,SEC N-CEN C.3 identifies the series as an index fund,https://www.sec.gov/Archives/edgar/data/1552740/000175272424283605/0001752724-24-283605-index.html,2024q4_ncen.zip,0001752724-24-283605,S000061316,First Trust Nasdaq Artificial Intelligence and Robotics ETF,Y,Y,series_id,1.0,,False
RODM,Hartford Multifactor Developed Markets (ex-US) ETF,systematic_or_rules_based,management_style_evidence_1.1,S000047583,index_passive_identified,high,sec_ncen_c3,SEC N-CEN C.3 identifies the series as an index fund,https://www.sec.gov/Archives/edgar/data/1605803/000141036825014110/0001410368-25-014110-index.html,2025q4_ncen.zip,0001410368-25-014110,S000047583,Hartford Multifactor Developed Markets (ex-US) ETF,Y,Y,series_id,1.0,,True
ROGS,Lattice Global Small Cap Strategy ETF,not_determined,management_style_evidence_1.1,S000047587,index_passive_identified,high,primary_source_override,SEC prospectus describes index-tracking exposure to global small-cap equities,https://www.sec.gov/Archives/edgar/data/1605803/000114420416077558/v429777_485bpos.htm,,,,,,,manual_ticker_override,,,True
ROKT,State Street SPDR S&P Kensho Final Frontiers ETF,index_passive_identified,management_style_evidence_1.1,S000063361,index_passive_identified,high,sec_ncen_c3,SEC N-CEN C.3 identifies the series as an index fund,https://www.sec.gov/Archives/edgar/data/1064642/000141036826040180/0001410368-26-040180-index.html,2026q2_ncen.zip,0001410368-26-040180,S000063361,SPDR S&P Kensho Final Frontiers ETF,Y,Y,series_id,0.725,,False
ROMO,Strategy Shares Newfound/ReSolve Robust Momentum ETF,systematic_or_rules_based,management_style_evidence_1.1,S000066847,index_passive_identified,high,sec_ncen_c3,SEC N-CEN C.3 identifies the series as an index fund,https://www.sec.gov/Archives/edgar/data/1506213/000175272425165716/0001752724-25-165716-index.html,2025q3_ncen.zip,0001752724-25-165716,S000066847,Strategy Shares Newfound/ReSolve Robust Momentum ETF,Y,Y,series_id,1.0,,True
ROSC,Hartford Multifactor Small Cap ETF,systematic_or_rules_based,management_style_evidence_1.1,,index_passive_identified,high,sec_ncen_c3,SEC N-CEN C.3 identifies the series as an index fund,https://www.sec.gov/Archives/edgar/data/1605803/000141036825014110/0001410368-25-014110-index.html,2025q4_ncen.zip,0001410368-25-014110,S000047587,Hartford Multifactor Small Cap ETF,Y,Y,ticker,1.0,,True
ROUS,Hartford Multifactor U.S. Equity ETF,systematic_or_rules_based,management_style_evidence_1.1,S000047586,index_passive_identified,high,sec_ncen_c3,SEC N-CEN C.3 identifies the series as an index fund,https://www.sec.gov/Archives/edgar/data/1605803/000141036825014110/0001410368-25-014110-index.html,2025q4_ncen.zip,0001410368-25-014110,S000047586,Hartford Multifactor US Equity ETF,Y,Y,series_id,1.0,,True
RPAR,RPAR Risk Parity ETF,not_determined,management_style_evidence_1.1,S000066941,non_index_management_identified,high,sec_ncen_c3,SEC N-CEN C.3 does not identify the series as an index fund; the filing alone does not distinguish discretionary from rules-based management,https://www.sec.gov/Archives/edgar/data/1742912/000199937126005610/0001999371-26-005610-index.html,2026q1_ncen.zip,0001999371-26-005610,S000066941,RPAR Risk Parity ETF,Y,,series_id,1.0,,True
RPG,Invesco S&P 500 Pure Growth ETF,systematic_or_rules_based,management_style_evidence_1.1,S000060791,index_passive_identified,high,sec_ncen_c3,SEC N-CEN C.3 identifies the series as an index fund,https://www.sec.gov/Archives/edgar/data/1209466/000175272425166789/0001752724-25-166789-index.html,2025q3_ncen.zip,0001752724-25-166789,S000060791,Invesco S&P 500 Pure Growth ETF,Y,Y,series_id,1.0,,True
RPV,Invesco S&P 500 Pure Value ETF,systematic_or_rules_based,management_style_evidence_1.1,S000060792,index_passive_identified,high,sec_ncen_c3,SEC N-CEN C.3 identifies the series as an index fund,https://www.sec.gov/Archives/edgar/data/1209466/000175272425166789/0001752724-25-166789-index.html,2025q3_ncen.zip,0001752724-25-166789,S000060792,Invesco S&P 500 Pure Value ETF,Y,Y,series_id,1.0,,True
RSEE,Rareview Systematic Equity ETF,not_determined,management_style_evidence_1.1,S000075093,systematic_or_rules_based,medium,sec_ncen_c3,SEC N-CEN C.3 does not identify the series as an index fund; classification refined by transparent product-name evidence (strategy_name_identifies_rules_or_overlay),https://www.sec.gov/Archives/edgar/data/1719812/000175272424281965/0001752724-24-281965-index.html,2024q4_ncen.zip,0001752724-24-281965,S000075093,Rareview Systematic Equity ETF,Y,,series_id,1.0,,True
RSP,Invesco S&P 500 Equal Weight ETF,systematic_or_rules_based,management_style_evidence_1.1,S000060812,index_passive_identified,high,sec_ncen_c3,SEC N-CEN C.3 identifies the series as an index fund,https://www.sec.gov/Archives/edgar/data/1209466/000175272425166789/0001752724-25-166789-index.html,2025q3_ncen.zip,0001752724-25-166789,S000060812,Invesco S&P 500 Equal Weight ETF,Y,Y,series_id,1.0,,True
RSPC,Invesco S&P 500 Equal Weight Communication Services ETF,systematic_or_rules_based,management_style_evidence_1.1,,index_passive_identified,high,sec_ncen_c3,SEC N-CEN C.3 identifies the series as an index fund,https://www.sec.gov/Archives/edgar/data/1209466/000175272425166789/0001752724-25-166789-index.html,2025q3_ncen.zip,0001752724-25-166789,S000063395,Invesco S&P 500 Equal Weight Communication Services ETF,Y,Y,ticker,1.0,,True
RSPD,Invesco S&P 500 Equal Weight Consumer Discretionary ETF,systematic_or_rules_based,management_style_evidence_1.1,,index_passive_identified,high,sec_ncen_c3,SEC N-CEN C.3 identifies the series as an index fund,https://www.sec.gov/Archives/edgar/data/1209466/000175272425166789/0001752724-25-166789-index.html,2025q3_ncen.zip,0001752724-25-166789,S000060798,Invesco S&P 500 Equal Weight Consumer Discretionary ETF,Y,Y,ticker,1.0,,True
RSPE,Invesco ESG S&P 500 Equal Weight ETF,systematic_or_rules_based,management_style_evidence_1.1,,index_passive_identified,high,sec_ncen_c3,SEC N-CEN C.3 identifies the series as an index fund,https://www.sec.gov/Archives/edgar/data/1378872/000137887225000490/0001378872-25-000490-index.html,2025q4_ncen.zip,0001378872-25-000490,S000074294,Invesco ESG S&P 500 Equal Weight ETF,Y,Y,ticker,1.0,,True
RSPF,Invesco S&P 500 Equal Weight Financial ETF,systematic_or_rules_based,management_style_evidence_1.1,,index_passive_identified,high,sec_ncen_c3,SEC N-CEN C.3 identifies the series as an index fund,https://www.sec.gov/Archives/edgar/data/1209466/000175272425166789/0001752724-25-166789-index.html,2025q3_ncen.zip,0001752724-25-166789,S000060813,Invesco S&P 500 Equal Weight Financials ETF,Y,Y,ticker,0.9859154929577465,,True
RSPG,Invesco S&P 500 Equal Weight Energy ETF,systematic_or_rules_based,management_style_evidence_1.1,,index_passive_identified,high,sec_ncen_c3,SEC N-CEN C.3 identifies the series as an index fund,https://www.sec.gov/Archives/edgar/data/1209466/000175272425166789/0001752724-25-166789-index.html,2025q3_ncen.zip,0001752724-25-166789,S000060811,Invesco S&P 500 Equal Weight Energy ETF,Y,Y,ticker,1.0,,True
RSPH,Invesco S&P 500 Equal Weight Health Care ETF,systematic_or_rules_based,management_style_evidence_1.1,,index_passive_identified,high,sec_ncen_c3,SEC N-CEN C.3 identifies the series as an index fund,https://www.sec.gov/Archives/edgar/data/1209466/000175272425166789/0001752724-25-166789-index.html,2025q3_ncen.zip,0001752724-25-166789,S000060814,Invesco S&P 500 Equal Weight Health Care ETF,Y,Y,ticker,1.0,,True
RSPM,Invesco S&P 500 Equal Weight Materials ETF,systematic_or_rules_based,management_style_evidence_1.1,,index_passive_identified,high,sec_ncen_c3,SEC N-CEN C.3 identifies the series as an index fund,https://www.sec.gov/Archives/edgar/data/1209466/000175272425166789/0001752724-25-166789-index.html,2025q3_ncen.zip,0001752724-25-166789,S000060816,Invesco S&P 500 Equal Weight Materials ETF,Y,Y,ticker,1.0,,True
RSPN,Invesco S&P 500 Equal Weight Industrials Portfolio,systematic_or_rules_based,management_style_evidence_1.1,,index_passive_identified,high,sec_ncen_c3,SEC N-CEN C.3 identifies the series as an index fund,https://www.sec.gov/Archives/edgar/data/1209466/000175272425166789/0001752724-25-166789-index.html,2025q3_ncen.zip,0001752724-25-166789,S000060815,Invesco S&P 500 Equal Weight Industrials ETF,Y,Y,ticker,0.9,,True
RSPR,Invesco S&P 500 Equal Weight Real Estate ETF,systematic_or_rules_based,management_style_evidence_1.1,,index_passive_identified,high,sec_ncen_c3,SEC N-CEN C.3 identifies the series as an index fund,https://www.sec.gov/Archives/edgar/data/1209466/000175272425166789/0001752724-25-166789-index.html,2025q3_ncen.zip,0001752724-25-166789,S000060788,Invesco S&P 500 Equal Weight Real Estate ETF,Y,Y,ticker,1.0,,True
RSPS,Invesco S&P 500 Equal Weight Consumer Staples ETF,systematic_or_rules_based,management_style_evidence_1.1,,index_passive_identified,high,sec_ncen_c3,SEC N-CEN C.3 identifies the series as an index fund,https://www.sec.gov/Archives/edgar/data/1209466/000175272425166789/0001752724-25-166789-index.html,2025q3_ncen.zip,0001752724-25-166789,S000060809,Invesco S&P 500 Equal Weight Consumer Staples ETF,Y,Y,ticker,1.0,,True
RSPT,Invesco S&P 500 Equal Weight Technology ETF,systematic_or_rules_based,management_style_evidence_1.1,,index_passive_identified,high,sec_ncen_c3,SEC N-CEN C.3 identifies the series as an index fund,https://www.sec.gov/Archives/edgar/data/1209466/000175272425166789/0001752724-25-166789-index.html,2025q3_ncen.zip,0001752724-25-166789,S000060789,Invesco S&P 500 Equal Weight Technology ETF,Y,Y,ticker,1.0,,True
RSPU,Invesco S&P 500 Equal Weight Utilities ETF,systematic_or_rules_based,management_style_evidence_1.1,,index_passive_identified,high,sec_ncen_c3,SEC N-CEN C.3 identifies the series as an index fund,https://www.sec.gov/Archives/edgar/data/1209466/000175272425166789/0001752724-25-166789-index.html,2025q3_ncen.zip,0001752724-25-166789,S000060790,Invesco S&P 500 Equal Weight Utilities ETF,Y,Y,ticker,1.0,,True
RTAI,Rareview Tax Advantaged Income ETF,not_determined,management_style_evidence_1.1,S000069799,non_index_management_identified,high,sec_ncen_c3,SEC N-CEN C.3 does not identify the series as an index fund; the filing alone does not distinguish discretionary from rules-based management,https://www.sec.gov/Archives/edgar/data/1719812/000175272424281965/0001752724-24-281965-index.html,2024q4_ncen.zip,0001752724-24-281965,S000069799,Rareview Tax Advantaged Income ETF,Y,,series_id,1.0,,True
RTH,VanEck Retail ETF,not_determined,management_style_evidence_1.1,S000034410,index_passive_identified,high,sec_ncen_c3,SEC N-CEN C.3 identifies the series as an index fund,https://www.sec.gov/Archives/edgar/data/1137360/000141036825033784/0001410368-25-033784-index.html,2025q4_ncen.zip,0001410368-25-033784,S000034410,VanEck Retail ETF,Y,Y,series_id,1.0,,True
RULE,Adaptive Core ETF,not_determined,management_style_evidence_1.1,S000072878,non_index_management_identified,high,sec_ncen_c3,SEC N-CEN C.3 does not identify the series as an index fund; the filing alone does not distinguish discretionary from rules-based management,https://www.sec.gov/Archives/edgar/data/1719812/000175272424281965/0001752724-24-281965-index.html,2024q4_ncen.zip,0001752724-24-281965,S000072878,Adaptive Core ETF,Y,,series_id,1.0,,True
RVNU,Xtrackers Municipal Infrastructure Revenue Bond Active ETF,active_identified,management_style_evidence_1.1,S000040498,mixed_or_changed_mandate,high,primary_source_override,Issuer documents that RVNU tracked the Solactive Municipal Infrastructure Revenue Bond Index until its conversion to active management on August 4 2026,https://www.dws.com/en-us/about-us/media/media-releases/2026/xtrackers-by-dws-converts-xtrackers-municipal-infrastructure-revenue-bond-etf-to-actively-managed-etf/,,,,,,,manual_ticker_override,,History spans an index mandate before August 4 2026 and an active mandate afterward; exclude from whole-history active attribution.,True
RWEM,Rayliant Wilshire NxtGen Emerging Markets Equity ETF,not_determined,management_style_evidence_1.1,,systematic_or_rules_based,high,primary_source_override,Issuer describes a transparent rules-based equity-selection strategy,https://funds.rayliant.com/,,,,,,,manual_ticker_override,,,True
RWJ,Invesco S&P SmallCap 600 Revenue ETF,index_passive_identified,management_style_evidence_1.1,S000064596,index_passive_identified,high,sec_ncen_c3,SEC N-CEN C.3 identifies the series as an index fund,https://www.sec.gov/Archives/edgar/data/1378872/000137887225000490/0001378872-25-000490-index.html,2025q4_ncen.zip,0001378872-25-000490,S000064596,Invesco S&P SmallCap 600 Revenue ETF,Y,Y,series_id,1.0,,False
RWK,Invesco S&P MidCap 400 Revenue ETF,index_passive_identified,management_style_evidence_1.1,S000064595,index_passive_identified,high,sec_ncen_c3,SEC N-CEN C.3 identifies the series as an index fund,https://www.sec.gov/Archives/edgar/data/1378872/000137887225000490/0001378872-25-000490-index.html,2025q4_ncen.zip,0001378872-25-000490,S000064595,Invesco S&P MidCap 400 Revenue ETF,Y,Y,series_id,1.0,,False
RWL,Invesco S&P 500 Revenue ETF,index_passive_identified,management_style_evidence_1.1,S000064593,index_passive_identified,high,sec_ncen_c3,SEC N-CEN C.3 identifies the series as an index fund,https://www.sec.gov/Archives/edgar/data/1378872/000137887225000490/0001378872-25-000490-index.html,2025q4_ncen.zip,0001378872-25-000490,S000064593,Invesco S&P 500 Revenue ETF,Y,Y,series_id,1.0,,False
RWLC,Rayliant Wilshire NxtGen US Large Cap Equity ETF,not_determined,management_style_evidence_1.1,,systematic_or_rules_based,high,primary_source_override,Issuer describes a transparent rules-based equity-selection strategy,https://funds.rayliant.com/,,,,,,,manual_ticker_override,,,True
RWO,State Street SPDR Dow Jones Global Real Estate ETF,index_passive_identified,management_style_evidence_1.1,S000021764,index_passive_identified,high,sec_ncen_c3,SEC N-CEN C.3 identifies the series as an index fund,https://www.sec.gov/Archives/edgar/data/1168164/000141036825034454/0001410368-25-034454-index.html,2025q4_ncen.zip,0001410368-25-034454,S000021764,SPDR(R) Dow Jones Global Real Estate ETF,Y,Y,series_id,0.8378378378378378,,False
RWR,State Street SPDR Dow Jones REIT ETF,index_passive_identified,management_style_evidence_1.1,S000006976,index_passive_identified,high,sec_ncen_c3,SEC N-CEN C.3 identifies the series as an index fund,https://www.sec.gov/Archives/edgar/data/1064642/000141036826040180/0001410368-26-040180-index.html,2026q2_ncen.zip,0001410368-26-040180,S000006976,SPDR(R) Dow Jones REIT ETF,Y,Y,series_id,0.76,,False
RWX,State Street SPDR Dow Jones International Real Estate ETF,index_passive_identified,management_style_evidence_1.1,S000014040,index_passive_identified,high,sec_ncen_c3,SEC N-CEN C.3 identifies the series as an index fund,https://www.sec.gov/Archives/edgar/data/1168164/000141036825034454/0001410368-25-034454-index.html,2025q4_ncen.zip,0001410368-25-034454,S000014040,SPDR(R) Dow Jones International Real Estate ETF,Y,Y,series_id,0.8636363636363636,,False
RXI,iShares Global Consumer Discretionary ETF,not_determined,management_style_evidence_1.1,S000008880,index_passive_identified,high,sec_ncen_c3,SEC N-CEN C.3 identifies the series as an index fund,https://www.sec.gov/Archives/edgar/data/1100663/000100472626004646/0001004726-26-004646-index.html,2026q2_ncen.zip,0001004726-26-004646,S000008880,iShares Global Consumer Discretionary ETF,Y,Y,series_id,1.0,,True
RYJ,Invesco Raymond James SB-1 Equity ETF,not_determined,management_style_evidence_1.1,S000060806,index_passive_identified,high,primary_source_override,SEC prospectus states that the fund seeks to track the Raymond James SB-1 Equity Index,https://www.sec.gov/Archives/edgar/data/1209466/000119312518168033/d553417d497k.htm,,,,,,,manual_ticker_override,,,True
RYLD,Global X Russell 2000 Covered Call ETF,index_passive_identified,management_style_evidence_1.1,S000065001,index_passive_identified,high,sec_ncen_c3,SEC N-CEN C.3 identifies the series as an index fund,https://www.sec.gov/Archives/edgar/data/1432353/000204825126001907/0002048251-26-001907-index.html,2026q1_ncen.zip,0002048251-26-001907,S000065001,Global X Russell 2000 Covered Call ETF,Y,Y,series_id,1.0,,False
RZG,Invesco S&P SmallCap 600 Pure Growth ETF,systematic_or_rules_based,management_style_evidence_1.1,S000060799,index_passive_identified,high,sec_ncen_c3,SEC N-CEN C.3 identifies the series as an index fund,https://www.sec.gov/Archives/edgar/data/1209466/000175272425166789/0001752724-25-166789-index.html,2025q3_ncen.zip,0001752724-25-166789,S000060799,Invesco S&P SmallCap 600 Pure Growth ETF,Y,Y,series_id,1.0,,True
RZV,Invesco S&P SmallCap 600 Pure Value ETF,systematic_or_rules_based,management_style_evidence_1.1,S000060800,index_passive_identified,high,sec_ncen_c3,SEC N-CEN C.3 identifies the series as an index fund,https://www.sec.gov/Archives/edgar/data/1209466/000175272425166789/0001752724-25-166789-index.html,2025q3_ncen.zip,0001752724-25-166789,S000060800,Invesco S&P SmallCap 600 Pure Value ETF,Y,Y,series_id,1.0,,True
SAGP,Strategas Global Policy Opportunities ETF,not_determined,management_style_evidence_1.1,S000075077,active_identified,high,primary_source_override,Issuer strategy overview identifies the fund as actively managed,https://www.strategasetfs.com/fund-documents/53/strategy-overview.pdf,,,,,,,manual_ticker_override,,N-CEN bulk rows for this series omit the ETF and index boolean fields; issuer evidence controls.,True
SAMT,Strategas Macro Thematic Opportunities ETF,not_determined,management_style_evidence_1.1,S000075078,active_identified,high,primary_source_override,Issuer product page identifies the macro-thematic fund as actively managed,https://www.strategasetfs.com/samt,,,,,,,manual_ticker_override,,N-CEN bulk rows for this series omit the ETF and index boolean fields; issuer evidence controls.,True
SATO,Invesco Alerian Galaxy Crypto Economy ETF,not_determined,management_style_evidence_1.1,S000072837,index_passive_identified,high,sec_ncen_c3,SEC N-CEN C.3 identifies the series as an index fund,https://www.sec.gov/Archives/edgar/data/1378872/000137887226000052/0001378872-26-000052-index.html,2026q1_ncen.zip,0001378872-26-000052,S000072837,Invesco Alerian Galaxy Crypto Economy ETF,Y,Y,series_id,1.0,,True
SBIO,ALPS Medical Breakthroughs ETF,not_determined,management_style_evidence_1.1,S000047823,index_passive_identified,high,sec_ncen_c3,SEC N-CEN C.3 identifies the series as an index fund,https://www.sec.gov/Archives/edgar/data/1414040/000104916926000159/0001049169-26-000159-index.html,2026q1_ncen.zip,0001049169-26-000159,S000047823,ALPS Medical Breakthroughs ETF,Y,Y,series_id,1.0,,True
SBND,Columbia Short Duration Bond ETF,not_determined,management_style_evidence_1.1,S000073515,index_passive_identified,high,sec_ncen_c3,SEC N-CEN C.3 identifies the series as an index fund,https://www.sec.gov/Archives/edgar/data/1551950/000119312526008591/0001193125-26-008591-index.html,2026q1_ncen.zip,0001193125-26-008591,S000073515,Columbia Short Duration Bond ETF,Y,Y,series_id,1.0,,True
SCHA,Schwab U.S. Small-Cap ETF,not_determined,management_style_evidence_1.1,S000026636,index_passive_identified,high,sec_ncen_c3,SEC N-CEN C.3 identifies the series as an index fund,https://www.sec.gov/Archives/edgar/data/1454889/000141036825023240/0001410368-25-023240-index.html,2025q4_ncen.zip,0001410368-25-023240,S000026636,Schwab U.S. Small-Cap ETF,Y,Y,series_id,1.0,,True
SCHB,Schwab U.S. Broad Market ETF,not_determined,management_style_evidence_1.1,S000026631,index_passive_identified,high,sec_ncen_c3,SEC N-CEN C.3 identifies the series as an index fund,https://www.sec.gov/Archives/edgar/data/1454889/000141036825023240/0001410368-25-023240-index.html,2025q4_ncen.zip,0001410368-25-023240,S000026631,Schwab U.S. Broad Market ETF,Y,Y,series_id,1.0,,True
SCHC,Schwab International Small-Cap Equity ETF,not_determined,management_style_evidence_1.1,S000026638,index_passive_identified,high,sec_ncen_c3,SEC N-CEN C.3 identifies the series as an index fund,https://www.sec.gov/Archives/edgar/data/1454889/000141036825023240/0001410368-25-023240-index.html,2025q4_ncen.zip,0001410368-25-023240,S000026638,Schwab International Small-Cap Equity ETF,Y,Y,series_id,1.0,,True
SCHD,Schwab US Dividend Equity ETF,systematic_or_rules_based,management_style_evidence_1.1,S000034163,index_passive_identified,high,sec_ncen_c3,SEC N-CEN C.3 identifies the series as an index fund,https://www.sec.gov/Archives/edgar/data/1454889/000141036825023240/0001410368-25-023240-index.html,2025q4_ncen.zip,0001410368-25-023240,S000034163,Schwab U.S. Dividend Equity ETF,Y,Y,series_id,1.0,,True
SCHE,Schwab Emerging Markets Equity ETF,not_determined,management_style_evidence_1.1,S000026639,index_passive_identified,high,sec_ncen_c3,SEC N-CEN C.3 identifies the series as an index fund,https://www.sec.gov/Archives/edgar/data/1454889/000141036825023240/0001410368-25-023240-index.html,2025q4_ncen.zip,0001410368-25-023240,S000026639,Schwab Emerging Markets Equity ETF,Y,Y,series_id,1.0,,True
SCHF,Schwab International Equity ETF,not_determined,management_style_evidence_1.1,S000026637,index_passive_identified,high,sec_ncen_c3,SEC N-CEN C.3 identifies the series as an index fund,https://www.sec.gov/Archives/edgar/data/1454889/000141036825023240/0001410368-25-023240-index.html,2025q4_ncen.zip,0001410368-25-023240,S000026637,Schwab International Equity ETF,Y,Y,series_id,1.0,,True
SCHG,Schwab U.S. Large-Cap Growth ETF,systematic_or_rules_based,management_style_evidence_1.1,S000026633,index_passive_identified,high,sec_ncen_c3,SEC N-CEN C.3 identifies the series as an index fund,https://www.sec.gov/Archives/edgar/data/1454889/000141036825023240/0001410368-25-023240-index.html,2025q4_ncen.zip,0001410368-25-023240,S000026633,Schwab U.S. Large-Cap Growth ETF,Y,Y,series_id,1.0,,True
SCHH,Schwab U.S. REIT ETF,not_determined,management_style_evidence_1.1,S000030518,index_passive_identified,high,sec_ncen_c3,SEC N-CEN C.3 identifies the series as an index fund,https://www.sec.gov/Archives/edgar/data/1454889/000141036826043209/0001410368-26-043209-index.html,2026q2_ncen.zip,0001410368-26-043209,S000030518,Schwab U.S. REIT ETF,Y,Y,series_id,1.0,,True
SCHI,Schwab 5-10 Year Corporate Bond ETF,not_determined,management_style_evidence_1.1,S000066661,index_passive_identified,high,sec_ncen_c3,SEC N-CEN C.3 identifies the series as an index fund,https://www.sec.gov/Archives/edgar/data/1454889/000141036826024757/0001410368-26-024757-index.html,2026q1_ncen.zip,0001410368-26-024757,S000066661,Schwab 5-10 Year Corporate Bond ETF,Y,Y,series_id,1.0,,True
SCHJ,Schwab 1-5 Year Corporate Bond ETF,not_determined,management_style_evidence_1.1,S000066660,index_passive_identified,high,sec_ncen_c3,SEC N-CEN C.3 identifies the series as an index fund,https://www.sec.gov/Archives/edgar/data/1454889/000141036826024757/0001410368-26-024757-index.html,2026q1_ncen.zip,0001410368-26-024757,S000066660,Schwab 1-5 Year Corporate Bond ETF,Y,Y,series_id,1.0,,True
SCHK,Schwab 1000 Index ETF,index_passive_identified,management_style_evidence_1.1,S000059091,index_passive_identified,high,sec_ncen_c3,SEC N-CEN C.3 identifies the series as an index fund,https://www.sec.gov/Archives/edgar/data/1454889/000141036825023240/0001410368-25-023240-index.html,2025q4_ncen.zip,0001410368-25-023240,S000059091,Schwab 1000 Index ETF,Y,Y,series_id,1.0,,False
SCHM,Schwab U.S. Mid Cap ETF,not_determined,management_style_evidence_1.1,S000026635,index_passive_identified,high,sec_ncen_c3,SEC N-CEN C.3 identifies the series as an index fund,https://www.sec.gov/Archives/edgar/data/1454889/000141036825023240/0001410368-25-023240-index.html,2025q4_ncen.zip,0001410368-25-023240,S000026635,Schwab U.S. Mid-Cap ETF,Y,Y,series_id,1.0,,True
SCHO,Schwab Short-Term U.S. Treasury ETF,not_determined,management_style_evidence_1.1,S000029408,index_passive_identified,high,sec_ncen_c3,SEC N-CEN C.3 identifies the series as an index fund,https://www.sec.gov/Archives/edgar/data/1454889/000141036826024757/0001410368-26-024757-index.html,2026q1_ncen.zip,0001410368-26-024757,S000029408,Schwab Short-Term U.S. Treasury ETF,Y,Y,series_id,1.0,,True
SCHP,Schwab U.S. TIPS ETF,not_determined,management_style_evidence_1.1,S000029407,index_passive_identified,high,sec_ncen_c3,SEC N-CEN C.3 identifies the series as an index fund,https://www.sec.gov/Archives/edgar/data/1454889/000141036826024757/0001410368-26-024757-index.html,2026q1_ncen.zip,0001410368-26-024757,S000029407,Schwab U.S. TIPS ETF,Y,Y,series_id,1.0,,True
SCHQ,Schwab Long-Term U.S. Treasury ETF,not_determined,management_style_evidence_1.1,S000066662,index_passive_identified,high,sec_ncen_c3,SEC N-CEN C.3 identifies the series as an index fund,https://www.sec.gov/Archives/edgar/data/1454889/000141036826024757/0001410368-26-024757-index.html,2026q1_ncen.zip,0001410368-26-024757,S000066662,Schwab Long-Term U.S. Treasury ETF,Y,Y,series_id,1.0,,True
SCHR,Schwab Intermediate-Term U.S. Treasury ETF,not_determined,management_style_evidence_1.1,S000029409,index_passive_identified,high,sec_ncen_c3,SEC N-CEN C.3 identifies the series as an index fund,https://www.sec.gov/Archives/edgar/data/1454889/000141036826024757/0001410368-26-024757-index.html,2026q1_ncen.zip,0001410368-26-024757,S000029409,Schwab Intermediate-Term U.S. Treasury ETF,Y,Y,series_id,1.0,,True
SCHV,Schwab U.S. Large-Cap Value ETF,systematic_or_rules_based,management_style_evidence_1.1,S000026634,index_passive_identified,high,sec_ncen_c3,SEC N-CEN C.3 identifies the series as an index fund,https://www.sec.gov/Archives/edgar/data/1454889/000141036825023240/0001410368-25-023240-index.html,2025q4_ncen.zip,0001410368-25-023240,S000026634,Schwab U.S. Large-Cap Value ETF,Y,Y,series_id,1.0,,True
SCHX,Schwab U.S. Large-Cap ETF,not_determined,management_style_evidence_1.1,S000026632,index_passive_identified,high,sec_ncen_c3,SEC N-CEN C.3 identifies the series as an index fund,https://www.sec.gov/Archives/edgar/data/1454889/000141036825023240/0001410368-25-023240-index.html,2025q4_ncen.zip,0001410368-25-023240,S000026632,Schwab U.S. Large-Cap ETF,Y,Y,series_id,1.0,,True
SCHY,Schwab International Dividend Equity ETF,systematic_or_rules_based,management_style_evidence_1.1,S000071197,index_passive_identified,high,sec_ncen_c3,SEC N-CEN C.3 identifies the series as an index fund,https://www.sec.gov/Archives/edgar/data/1454889/000141036825023240/0001410368-25-023240-index.html,2025q4_ncen.zip,0001410368-25-023240,S000071197,Schwab International Dividend Equity ETF,Y,Y,series_id,1.0,,True
SCHZ,Schwab US Aggregate Bond ETF,not_determined,management_style_evidence_1.1,S000033156,index_passive_identified,high,sec_ncen_c3,SEC N-CEN C.3 identifies the series as an index fund,https://www.sec.gov/Archives/edgar/data/1454889/000141036826024757/0001410368-26-024757-index.html,2026q1_ncen.zip,0001410368-26-024757,S000033156,Schwab U.S. Aggregate Bond ETF,Y,Y,series_id,1.0,,True
SCIF,MARKET VECTORS INDIA SMALL-CAP INDEX ETF,index_passive_identified,management_style_evidence_1.1,S000027314,index_passive_identified,high,sec_ncen_c3,SEC N-CEN C.3 identifies the series as an index fund,https://www.sec.gov/Archives/edgar/data/1137360/000141036826024760/0001410368-26-024760-index.html,2026q1_ncen.zip,0001410368-26-024760,S000027314,VanEck India Growth Leaders ETF,Y,Y,series_id,0.45901639344262296,,False
SCJ,iShares MSCI Japan Sm Cap,index_passive_identified,management_style_evidence_1.1,S000019126,index_passive_identified,high,sec_ncen_c3,SEC N-CEN C.3 identifies the series as an index fund,https://www.sec.gov/Archives/edgar/data/930667/000141036825023226/0001410368-25-023226-index.html,2025q4_ncen.zip,0001410368-25-023226,S000019126,iShares MSCI Japan Small-Cap ETF,Y,Y,series_id,0.8333333333333334,,False
SCRD,Janus Henderson Sustainable Corporate Bond ETF,not_determined,management_style_evidence_1.1,S000073434,non_index_management_identified,high,sec_ncen_c3,SEC N-CEN C.3 does not identify the series as an index fund; the filing alone does not distinguish discretionary from rules-based management,https://www.sec.gov/Archives/edgar/data/1500604/000207169126000114/0002071691-26-000114-index.html,2026q1_ncen.zip,0002071691-26-000114,S000073434,Janus Henderson Corporate Bond ETF,Y,,series_id,0.8450704225352113,,True
SCZ,iShares MSCI EAFE Small-Cap ETF,index_passive_identified,management_style_evidence_1.1,S000019124,index_passive_identified,high,sec_ncen_c3,SEC N-CEN C.3 identifies the series as an index fund,https://www.sec.gov/Archives/edgar/data/1100663/000141036825014340/0001410368-25-014340-index.html,2025q4_ncen.zip,0001410368-25-014340,S000019124,iShares MSCI EAFE Small-Cap ETF,Y,Y,series_id,1.0,,False
SDCI,USCF SummerHaven Dynamic Commodity Strategy No K-1 Fund,not_determined,management_style_evidence_1.1,S000061783,non_index_management_identified,high,sec_ncen_c3,SEC N-CEN C.3 does not identify the series as an index fund; the filing alone does not distinguish discretionary from rules-based management,https://www.sec.gov/Archives/edgar/data/1597389/000175272425213619/0001752724-25-213619-index.html,2025q3_ncen.zip,0001752724-25-213619,S000061783,USCF SummerHaven Dynamic Commodity Strategy No K-1 Fund,Y,,series_id,1.0,,True
SDEI,Sound Equity Income ETF,not_determined,management_style_evidence_1.1,S000070511,non_index_management_identified,high,sec_ncen_c3,SEC N-CEN C.3 does not identify the series as an index fund; the filing alone does not distinguish discretionary from rules-based management,https://www.sec.gov/Archives/edgar/data/1742912/000200032426000420/0002000324-26-000420-index.html,2026q1_ncen.zip,0002000324-26-000420,S000070511,Sound Equity Dividend Income ETF,Y,,series_id,0.8333333333333334,,True
SDEM,Global X MSCI SuperDividend Emerging Markets ETF,index_passive_identified,management_style_evidence_1.1,S000048110,index_passive_identified,high,sec_ncen_c3,SEC N-CEN C.3 identifies the series as an index fund,https://www.sec.gov/Archives/edgar/data/1432353/000204825126001907/0002048251-26-001907-index.html,2026q1_ncen.zip,0002048251-26-001907,S000048110,Global X MSCI SuperDividend Emerging Markets ETF,Y,Y,series_id,1.0,,False
SDG,iShares MSCI Global Sustainable Development Goals ETF,index_passive_identified,management_style_evidence_1.1,,index_passive_identified,high,sec_ncen_c3,SEC N-CEN C.3 identifies the series as an index fund,https://www.sec.gov/Archives/edgar/data/1100663/000141036825023225/0001410368-25-023225-index.html,2025q4_ncen.zip,0001410368-25-023225,S000053601,iShares MSCI Global Sustainable Development Goals ETF,Y,Y,ticker,1.0,,False
SDIV,Global X SuperDividend ETF,not_determined,management_style_evidence_1.1,S000032495,index_passive_identified,high,sec_ncen_c3,SEC N-CEN C.3 identifies the series as an index fund,https://www.sec.gov/Archives/edgar/data/1432353/000204825126001907/0002048251-26-001907-index.html,2026q1_ncen.zip,0002048251-26-001907,S000032495,Global X SuperDividend ETF,Y,Y,series_id,1.0,,True
SDOG,ALPS Sector Dividend Dogs ETF,systematic_or_rules_based,management_style_evidence_1.1,,index_passive_identified,high,sec_ncen_c3,SEC N-CEN C.3 identifies the series as an index fund,https://www.sec.gov/Archives/edgar/data/1414040/000104916926000159/0001049169-26-000159-index.html,2026q1_ncen.zip,0001049169-26-000159,S000037495,ALPS Sector Dividend Dogs ETF,Y,Y,ticker,1.0,,True
SDVY,First Trust SMID Cap Rising Dividend Achievers ETF,systematic_or_rules_based,management_style_evidence_1.1,S000059604,index_passive_identified,high,sec_ncen_c3,SEC N-CEN C.3 identifies the series as an index fund,https://www.sec.gov/Archives/edgar/data/1552740/000175272424283605/0001752724-24-283605-index.html,2024q4_ncen.zip,0001752724-24-283605,S000059604,First Trust SMID Cap Rising Dividend Achievers ETF,Y,Y,series_id,1.0,,True
SDY,State Street SPDR S&P Dividend ETF,systematic_or_rules_based,management_style_evidence_1.1,S000006981,index_passive_identified,high,sec_ncen_c3,SEC N-CEN C.3 identifies the series as an index fund,https://www.sec.gov/Archives/edgar/data/1064642/000141036826040180/0001410368-26-040180-index.html,2026q2_ncen.zip,0001410368-26-040180,S000006981,SPDR(R) S&P(R) Dividend ETF,Y,Y,series_id,0.723404255319149,,True
SEA,U.S. Global Sea to Sky Cargo ETF,not_determined,management_style_evidence_1.1,S000072692,index_passive_identified,high,sec_ncen_c3,SEC N-CEN C.3 identifies the series as an index fund,https://www.sec.gov/Archives/edgar/data/1540305/000089418926007960/0000894189-26-007960-index.html,2026q1_ncen.zip,0000894189-26-007960,S000072692,U.S. Global Sea to Sky Cargo ETF,Y,Y,series_id,1.0,,True
SECT,Main Sector Rotation ETF,systematic_or_rules_based,management_style_evidence_1.1,S000058154,active_identified,high,primary_source_override,Issuer prospectus states that SECT is actively managed and does not replicate an index,https://www.mainmgtetfs.com/etfs/wp-content/uploads/2022/04/Printer-Main-Sector-Rotation-ETF-4-4-22-Summary-Prospectus.pdf,,,,,,,manual_ticker_override,,,True
SEIX,Virtus Seix Senior Loan ETF,not_determined,management_style_evidence_1.1,S000064735,non_index_management_identified,high,sec_ncen_c3,SEC N-CEN C.3 does not identify the series as an index fund; the filing alone does not distinguish discretionary from rules-based management,https://www.sec.gov/Archives/edgar/data/1648403/000094040025003130/0000940400-25-003130-index.html,2025q4_ncen.zip,0000940400-25-003130,S000064735,Virtus Seix Senior Loan ETF,Y,,series_id,1.0,,True
SFY,SoFi Select 500 ETF,not_determined,management_style_evidence_1.1,S000065093,index_passive_identified,high,sec_ncen_c3,SEC N-CEN C.3 identifies the series as an index fund,https://www.sec.gov/Archives/edgar/data/1742912/000200032426001913/0002000324-26-001913-index.html,2026q2_ncen.zip,0002000324-26-001913,S000065093,SoFi Select 500 ETF,Y,Y,series_id,1.0,,True
SFYF,SoFi Social 50 ETF,not_determined,management_style_evidence_1.1,S000065095,index_passive_identified,high,sec_ncen_c3,SEC N-CEN C.3 identifies the series as an index fund,https://www.sec.gov/Archives/edgar/data/1742912/000200032426001913/0002000324-26-001913-index.html,2026q2_ncen.zip,0002000324-26-001913,S000065095,SoFi Social 50 ETF,Y,Y,series_id,1.0,,True
SGDJ,Sprott Junior Gold Miners ETF,not_determined,management_style_evidence_1.1,S000048531,index_passive_identified,high,sec_ncen_c3,SEC N-CEN C.3 identifies the series as an index fund,https://www.sec.gov/Archives/edgar/data/1728683/000104916926000822/0001049169-26-000822-index.html,2026q1_ncen.zip,0001049169-26-000822,S000063709,Sprott Junior Gold Miners ETF,Y,Y,ticker,1.0,,True
SGDM,Sprott Gold Miners ETF,not_determined,management_style_evidence_1.1,S000045876,index_passive_identified,high,sec_ncen_c3,SEC N-CEN C.3 identifies the series as an index fund,https://www.sec.gov/Archives/edgar/data/1728683/000104916926000822/0001049169-26-000822-index.html,2026q1_ncen.zip,0001049169-26-000822,S000063708,Sprott Gold Miners ETF,Y,Y,ticker,1.0,,True
SGOL,abrdn Physical Gold Shares ETF,not_determined,management_style_evidence_1.1,,static_exposure_or_trust,high,primary_source_override,Issuer documentation identifies a physically backed gold trust,https://www.abrdn.com/en-us/etf/physical-etf-shares/sgol,,,,,,,manual_ticker_override,,,True
SGOV,iShares 0-3 Month Treasury Bond ETF,not_determined,management_style_evidence_1.1,S000068768,index_passive_identified,high,sec_ncen_c3,SEC N-CEN C.3 identifies the series as an index fund,https://www.sec.gov/Archives/edgar/data/1100663/000141036826044733/0001410368-26-044733-index.html,2026q2_ncen.zip,0001410368-26-044733,S000068768,iShares 0-3 Month Treasury Bond ETF,Y,Y,series_id,1.0,,True
SHAG,WisdomTree Yield Enhanced U.S. Short-Term Aggregate Bond Fund,not_determined,management_style_evidence_1.1,S000057664,index_passive_identified,high,sec_ncen_c3,SEC N-CEN C.3 identifies the series as an index fund,https://www.sec.gov/Archives/edgar/data/1350487/000094040025005898/0000940400-25-005898-index.html,2025q4_ncen.zip,0000940400-25-005898,S000057664,WisdomTree Yield Enhanced U.S. Short-Term Aggregate Bond Fund,Y,Y,series_id,1.0,,True
SHE,State Street SPDR MSCI USA Gender Diversity ETF,index_passive_identified,management_style_evidence_1.1,S000053058,index_passive_identified,high,sec_ncen_c3,SEC N-CEN C.3 identifies the series as an index fund,https://www.sec.gov/Archives/edgar/data/1064642/000141036826040180/0001410368-26-040180-index.html,2026q2_ncen.zip,0001410368-26-040180,S000053058,SPDR MSCI USA Gender Diversity ETF,Y,Y,series_id,0.725,,False
SHM,State Street SPDR Nuveen ICE Short Term Municipal Bond ETF,not_determined,management_style_evidence_1.1,S000017327,index_passive_identified,high,sec_ncen_c3,SEC N-CEN C.3 identifies the series as an index fund,https://www.sec.gov/Archives/edgar/data/1064642/000175272425214852/0001752724-25-214852-index.html,2025q3_ncen.zip,0001752724-25-214852,S000017327,SPDR Nuveen ICE Short Term Municipal Bond ETF,Y,Y,series_id,0.7755102040816326,,True
SHRY,First Trust Bloomberg Shareholder Yield ETF,index_passive_identified,management_style_evidence_1.1,,index_passive_identified,high,sec_ncen_c3,SEC N-CEN C.3 identifies the series as an index fund,https://www.sec.gov/Archives/edgar/data/1552740/000094040026023374/0000940400-26-023374-index.html,2026q2_ncen.zip,0000940400-26-023374,S000058146,First Trust Bloomberg Shareholder Yield ETF,Y,Y,ticker,1.0,,False
SHUS,Stratified LargeCap Hedged ETF,not_determined,management_style_evidence_1.1,S000084822,non_index_management_identified,high,sec_ncen_c3,SEC N-CEN C.3 does not identify the series as an index fund; the filing alone does not distinguish discretionary from rules-based management,https://www.sec.gov/Archives/edgar/data/1547950/000091047226004036/0000910472-26-004036-index.html,2026q1_ncen.zip,0000910472-26-004036,S000084822,Stratified LargeCap Hedged ETF,Y,,series_id,1.0,,True
SHV,iShares 0-1 Year Treasury Bond ETF,not_determined,management_style_evidence_1.1,S000013694,index_passive_identified,high,sec_ncen_c3,SEC N-CEN C.3 identifies the series as an index fund,https://www.sec.gov/Archives/edgar/data/1100663/000141036826044733/0001410368-26-044733-index.html,2026q2_ncen.zip,0001410368-26-044733,S000013694,iShares 0-1 Year Treasury Bond ETF,Y,Y,series_id,1.0,,True
SHY,iShares 1-3 Year Treasury Bond ETF,not_determined,management_style_evidence_1.1,S000004357,index_passive_identified,high,sec_ncen_c3,SEC N-CEN C.3 identifies the series as an index fund,https://www.sec.gov/Archives/edgar/data/1100663/000141036826044733/0001410368-26-044733-index.html,2026q2_ncen.zip,0001410368-26-044733,S000004357,iShares 1-3 Year Treasury Bond ETF,Y,Y,series_id,1.0,,True
SHYD,VanEck Short High Yield Muni ETF,not_determined,management_style_evidence_1.1,,index_passive_identified,high,sec_ncen_c3,SEC N-CEN C.3 identifies the series as an index fund,https://www.sec.gov/Archives/edgar/data/1137360/000175272425165267/0001752724-25-165267-index.html,2025q3_ncen.zip,0001752724-25-165267,S000038973,VanEck Short High Yield Muni ETF,Y,Y,ticker,1.0,,True
SHYG,iShares 0-5 Year High Yield Corporate Bond ETF,not_determined,management_style_evidence_1.1,S000042353,index_passive_identified,high,sec_ncen_c3,SEC N-CEN C.3 identifies the series as an index fund,https://www.sec.gov/Archives/edgar/data/1100663/000141036826001031/0001410368-26-001031-index.html,2026q1_ncen.zip,0001410368-26-001031,S000042353,iShares 0-5 Year High Yield Corporate Bond ETF,Y,Y,series_id,1.0,,True
SHYL,Xtrackers Short Duration High Yield Bond ETF,not_determined,management_style_evidence_1.1,S000058422,index_passive_identified,high,sec_ncen_c3,SEC N-CEN C.3 identifies the series as an index fund,https://www.sec.gov/Archives/edgar/data/1503123/000094040025005824/0000940400-25-005824-index.html,2025q4_ncen.zip,0000940400-25-005824,S000058422,Xtrackers Short Duration High Yield Bond ETF,Y,Y,series_id,1.0,,True
SHYM,iShares Short Duration High Yield Muni Active ETF,active_identified,management_style_evidence_1.1,,active_identified,medium,sec_ncen_c3,SEC N-CEN C.3 does not identify the series as an index fund; classification refined by transparent product-name evidence (strategy_name_identifies_active_management),https://www.sec.gov/Archives/edgar/data/1804196/000141036826027058/0001410368-26-027058-index.html,2026q1_ncen.zip,0001410368-26-027058,S000068548,iShares Short Duration High Yield Muni Active ETF,Y,,ticker,1.0,,False
SIFI,Harbor Ares Systematic Multi-Sector Income ETF,not_determined,management_style_evidence_1.1,S000072556,systematic_or_rules_based,medium,sec_ncen_c3,SEC N-CEN C.3 does not identify the series as an index fund; classification refined by transparent product-name evidence (strategy_name_identifies_rules_or_overlay),https://www.sec.gov/Archives/edgar/data/1860434/000141036826000527/0001410368-26-000527-index.html,2026q1_ncen.zip,0001410368-26-000527,S000072556,Harbor Scientific Alpha Income ETF,Y,,series_id,0.5714285714285714,,True
SIHY,Harbor Ares Systematic High Yield ETF,not_determined,management_style_evidence_1.1,S000072555,systematic_or_rules_based,medium,sec_ncen_c3,SEC N-CEN C.3 does not identify the series as an index fund; classification refined by transparent product-name evidence (strategy_name_identifies_rules_or_overlay),https://www.sec.gov/Archives/edgar/data/1860434/000141036826000527/0001410368-26-000527-index.html,2026q1_ncen.zip,0001410368-26-000527,S000072555,Harbor Scientific Alpha High-Yield ETF,Y,,series_id,0.676923076923077,,True
SIL,Global X Silver Miners ETF,not_determined,management_style_evidence_1.1,S000028730,index_passive_identified,high,sec_ncen_c3,SEC N-CEN C.3 identifies the series as an index fund,https://www.sec.gov/Archives/edgar/data/1432353/000204825126001907/0002048251-26-001907-index.html,2026q1_ncen.zip,0002048251-26-001907,S000028730,Global X Silver Miners ETF,Y,Y,series_id,1.0,,True
SILJ,Amplify Junior Silver Miners ETF,not_determined,management_style_evidence_1.1,S000038223,index_passive_identified,high,sec_ncen_c3,SEC N-CEN C.3 identifies the series as an index fund,https://www.sec.gov/Archives/edgar/data/1633061/000114554924078539/0001145549-24-078539-index.html,2024q4_ncen.zip,0001145549-24-078539,S000082279,Amplify Junior Silver Miners ETF,Y,Y,ticker,1.0,,True
SIMS,State Street SPDR S&P Kensho Intelligent Structures ETF,index_passive_identified,management_style_evidence_1.1,,index_passive_identified,high,sec_ncen_c3,SEC N-CEN C.3 identifies the series as an index fund,https://www.sec.gov/Archives/edgar/data/1064642/000141036826040180/0001410368-26-040180-index.html,2026q2_ncen.zip,0001410368-26-040180,S000059700,SPDR S&P Kensho Intelligent Structures ETF,Y,Y,ticker,0.7659574468085106,,False
SIVR,abrdn Physical Silver Shares ETF,not_determined,management_style_evidence_1.1,,static_exposure_or_trust,high,primary_source_override,Issuer documentation identifies a physically backed silver trust,https://www.abrdn.com/docs?editionId=7690ff0f-7aed-44f1-b573-3146cc0d5c1e,,,,,,,manual_ticker_override,,,True
SIXA,ETC 6 Meridian Mega Cap Equity ETF,not_determined,management_style_evidence_1.1,S000068544,non_index_management_identified,high,sec_ncen_c3,SEC N-CEN C.3 does not identify the series as an index fund; the filing alone does not distinguish discretionary from rules-based management,https://www.sec.gov/Archives/edgar/data/1452937/000204825126000876/0002048251-26-000876-index.html,2026q1_ncen.zip,0002048251-26-000876,S000068544,ETC 6 Meridian Mega Cap Equity ETF,Y,,series_id,1.0,,True
SIXH,ETC 6 Meridian Hedged Equity Index Option ETF,index_passive_identified,management_style_evidence_1.1,S000068546,active_identified,high,primary_source_override,Issuer states that SIXH is actively managed and uses a quantitative options overlay,https://www.6meridianfunds.com/sixh,,,,,,,manual_ticker_override,,Index in the name refers to the option underlying and not a passive replication mandate.,True
SIXL,ETC 6 Meridian Low Beta Equity ETF,not_determined,management_style_evidence_1.1,S000068543,non_index_management_identified,high,sec_ncen_c3,SEC N-CEN C.3 does not identify the series as an index fund; the filing alone does not distinguish discretionary from rules-based management,https://www.sec.gov/Archives/edgar/data/1452937/000204825126000876/0002048251-26-000876-index.html,2026q1_ncen.zip,0002048251-26-000876,S000068543,ETC 6 Meridian Low Beta Equity Strategy ETF,Y,,series_id,0.875,,True
SIXS,ETC 6 Meridian Small Cap Equity ETF,not_determined,management_style_evidence_1.1,S000068545,non_index_management_identified,high,sec_ncen_c3,SEC N-CEN C.3 does not identify the series as an index fund; the filing alone does not distinguish discretionary from rules-based management,https://www.sec.gov/Archives/edgar/data/1452937/000204825126000876/0002048251-26-000876-index.html,2026q1_ncen.zip,0002048251-26-000876,S000068545,ETC 6 Meridian Small Cap Equity ETF,Y,,series_id,1.0,,True
SIZE,iShares MSCI USA Size Factor ETF,systematic_or_rules_based,management_style_evidence_1.1,S000040204,index_passive_identified,high,sec_ncen_c3,SEC N-CEN C.3 identifies the series as an index fund,https://www.sec.gov/Archives/edgar/data/1100663/000141036825014340/0001410368-25-014340-index.html,2025q4_ncen.zip,0001410368-25-014340,S000040204,iShares MSCI USA Size Factor ETF,Y,Y,series_id,1.0,,True
SJNK,State Street SPDR Bloomberg Short Term High Yield Bond ETF,index_passive_identified,management_style_evidence_1.1,S000036414,index_passive_identified,high,sec_ncen_c3,SEC N-CEN C.3 identifies the series as an index fund,https://www.sec.gov/Archives/edgar/data/1064642/000141036826040180/0001410368-26-040180-index.html,2026q2_ncen.zip,0001410368-26-040180,S000036414,SPDR Bloomberg Short Term High Yield Bond ETF,Y,Y,series_id,0.7755102040816326,,False
SKOR,Northern Trust Credit-Scored US Corporate Bond ETF,not_determined,management_style_evidence_1.1,S000047257,index_passive_identified,high,sec_ncen_c3,SEC N-CEN C.3 identifies the series as an index fund,https://www.sec.gov/Archives/edgar/data/1491978/000207169126000168/0002071691-26-000168-index.html,2026q1_ncen.zip,0002071691-26-000168,S000047257,FlexShares Credit-Scored US Corporate Bond Index Fund,Y,Y,series_id,0.7435897435897436,,True
SKYY,First Trust Cloud Computing ETF,not_determined,management_style_evidence_1.1,S000033237,index_passive_identified,high,sec_ncen_c3,SEC N-CEN C.3 identifies the series as an index fund,https://www.sec.gov/Archives/edgar/data/1364608/000175272424283612/0001752724-24-283612-index.html,2024q4_ncen.zip,0001752724-24-283612,S000033237,First Trust Cloud Computing ETF,Y,Y,series_id,1.0,,True
SLQD,iShares 0-5 Year Investment Grade Corporate Bond ETF,not_determined,management_style_evidence_1.1,S000042354,index_passive_identified,high,sec_ncen_c3,SEC N-CEN C.3 identifies the series as an index fund,https://www.sec.gov/Archives/edgar/data/1100663/000141036826001031/0001410368-26-001031-index.html,2026q1_ncen.zip,0001410368-26-001031,S000042354,iShares 0-5 Year Investment Grade Corporate Bond ETF,Y,Y,series_id,1.0,,True
SLV,iShares Silver Trust,not_determined,management_style_evidence_1.1,,static_exposure_or_trust,high,primary_source_override,Issuer classifies the product among its physically backed commodity ETPs,https://www.ishares.com/us/products/commodity-etps,,,,,,,manual_ticker_override,,,True
SLVO,"ETRACS Silver Shares Covered Call ETNs due April 21, 2033",not_determined,management_style_evidence_1.1,,not_applicable_security,high,primary_source_override,Issuer identifies an exchange-traded note linked to a covered-call index,https://etracs.ubs.com/product/detail/index/ussymbol/SLVO,,,,,,,manual_ticker_override,,Debt instrument: management-style taxonomy is not applicable.,True
SLVP,iShares MSCI Global Silver and Metals Miners ETF,index_passive_identified,management_style_evidence_1.1,S000035880,index_passive_identified,high,sec_ncen_c3,SEC N-CEN C.3 identifies the series as an index fund,https://www.sec.gov/Archives/edgar/data/930667/000141036825023226/0001410368-25-023226-index.html,2025q4_ncen.zip,0001410368-25-023226,S000035880,iShares MSCI Global Silver and Metals Miners ETF,Y,Y,series_id,1.0,,False
SLX,VanEck Steel ETF,not_determined,management_style_evidence_1.1,S000013721,index_passive_identified,high,sec_ncen_c3,SEC N-CEN C.3 identifies the series as an index fund,https://www.sec.gov/Archives/edgar/data/1137360/000141036826024760/0001410368-26-024760-index.html,2026q1_ncen.zip,0001410368-26-024760,S000013721,VanEck Steel ETF,Y,Y,series_id,1.0,,True
SLYG,State Street SPDR S&P 600 Small Cap Growth ETF,systematic_or_rules_based,management_style_evidence_1.1,,index_passive_identified,high,sec_ncen_c3,SEC N-CEN C.3 identifies the series as an index fund,https://www.sec.gov/Archives/edgar/data/1064642/000141036826040180/0001410368-26-040180-index.html,2026q2_ncen.zip,0001410368-26-040180,S000006990,SPDR(R) S & P 600 Small Cap Growth ETF,Y,Y,ticker,0.8125,,True
SLYV,State Street SPDR S&P 600 Small Cap Value ETF,systematic_or_rules_based,management_style_evidence_1.1,,index_passive_identified,high,sec_ncen_c3,SEC N-CEN C.3 identifies the series as an index fund,https://www.sec.gov/Archives/edgar/data/1064642/000141036826040180/0001410368-26-040180-index.html,2026q2_ncen.zip,0001410368-26-040180,S000006974,SPDR(R) S & P 600 Small Cap Value ETF,Y,Y,ticker,0.8064516129032258,,True
SMB,VanEck Short Muni ETF,not_determined,management_style_evidence_1.1,S000019192,index_passive_identified,high,sec_ncen_c3,SEC N-CEN C.3 identifies the series as an index fund,https://www.sec.gov/Archives/edgar/data/1137360/000175272425165267/0001752724-25-165267-index.html,2025q3_ncen.zip,0001752724-25-165267,S000019192,VanEck Short Muni ETF,Y,Y,series_id,1.0,,True
SMDV,ProShares Russell 2000 Dividend Growers ETF,systematic_or_rules_based,management_style_evidence_1.1,S000047885,index_passive_identified,high,sec_ncen_c3,SEC N-CEN C.3 identifies the series as an index fund,https://www.sec.gov/Archives/edgar/data/1174610/000175272425186802/0001752724-25-186802-index.html,2025q3_ncen.zip,0001752724-25-186802,S000047885,ProShares Russell 2000 Dividend Growers ETF,Y,Y,series_id,1.0,,True
SMH,VanEck Semiconductor ETF,not_determined,management_style_evidence_1.1,S000034411,index_passive_identified,high,sec_ncen_c3,SEC N-CEN C.3 identifies the series as an index fund,https://www.sec.gov/Archives/edgar/data/1137360/000141036825033784/0001410368-25-033784-index.html,2025q4_ncen.zip,0001410368-25-033784,S000034411,VanEck Semiconductor ETF,Y,Y,series_id,1.0,,True
SMIG,Bahl & Gaynor Small/Mid Cap Income Growth ETF,systematic_or_rules_based,management_style_evidence_1.1,S000072560,active_identified,high,primary_source_override,SEC prospectus states that SMIG is an actively managed ETF,https://www.sec.gov/Archives/edgar/data/1540305/000089418926014079/bahlgaynorsmallmidcapincom.htm,,,,,,,manual_ticker_override,,,True
SMIN,Ishares MSCI India Small Cap ETF,index_passive_identified,management_style_evidence_1.1,S000034700,index_passive_identified,high,sec_ncen_c3,SEC N-CEN C.3 identifies the series as an index fund,https://www.sec.gov/Archives/edgar/data/1100663/000141036825023225/0001410368-25-023225-index.html,2025q4_ncen.zip,0001410368-25-023225,S000034700,iShares MSCI India Small-Cap ETF,Y,Y,series_id,1.0,,False
SMLF,iShares U.S. Small-Cap Equity Factor ETF,systematic_or_rules_based,management_style_evidence_1.1,S000048624,index_passive_identified,high,sec_ncen_c3,SEC N-CEN C.3 identifies the series as an index fund,https://www.sec.gov/Archives/edgar/data/1100663/000141036825014340/0001410368-25-014340-index.html,2025q4_ncen.zip,0001410368-25-014340,S000048624,iShares U.S. Small-Cap Equity Factor ETF,Y,Y,series_id,1.0,,True
SMLV,State Street SPDR US Small Cap Low Volatility Index ETF,systematic_or_rules_based,management_style_evidence_1.1,S000039795,index_passive_identified,high,sec_ncen_c3,SEC N-CEN C.3 identifies the series as an index fund,https://www.sec.gov/Archives/edgar/data/1064642/000141036826040180/0001410368-26-040180-index.html,2026q2_ncen.zip,0001410368-26-040180,S000039795,SPDR SSGA US Small Cap Low Volatility Index ETF,Y,Y,series_id,0.8235294117647058,,True
SMMD,iShares Russell 2500 ETF,index_passive_identified,management_style_evidence_1.1,S000057567,index_passive_identified,high,sec_ncen_c3,SEC N-CEN C.3 identifies the series as an index fund,https://www.sec.gov/Archives/edgar/data/1100663/000100472626004646/0001004726-26-004646-index.html,2026q2_ncen.zip,0001004726-26-004646,S000057567,iShares Russell 2500 ETF,Y,Y,series_id,1.0,,False
SMMU,Short Term Municipal Bond Active Exchange-Traded Fund,active_identified,management_style_evidence_1.1,S000026754,active_identified,medium,sec_ncen_c3,SEC N-CEN C.3 does not identify the series as an index fund; classification refined by transparent product-name evidence (strategy_name_identifies_active_management),https://www.sec.gov/Archives/edgar/data/1450011/000145001125000520/0001450011-25-000520-index.html,2025q3_ncen.zip,0001450011-25-000520,S000026754,PIMCO Short Term Municipal Bond Active Exchange-Traded Fund,Y,,series_id,0.8611111111111112,,False
SMMV,iShares MSCI USA Small-Cap Min Vol Factor ETF,systematic_or_rules_based,management_style_evidence_1.1,S000054723,index_passive_identified,high,sec_ncen_c3,SEC N-CEN C.3 identifies the series as an index fund,https://www.sec.gov/Archives/edgar/data/1100663/000141036825014340/0001410368-25-014340-index.html,2025q4_ncen.zip,0001410368-25-014340,S000054723,iShares MSCI USA Small-Cap Min Vol Factor ETF,Y,Y,series_id,1.0,,True
SMOG,VanEck Low Carbon Energy ETF,not_determined,management_style_evidence_1.1,,index_passive_identified,high,sec_ncen_c3,SEC N-CEN C.3 identifies the series as an index fund,https://www.sec.gov/Archives/edgar/data/1137360/000141036826024760/0001410368-26-024760-index.html,2026q1_ncen.zip,0001410368-26-024760,S000016884,VanEck Low Carbon Energy ETF,Y,Y,ticker,1.0,,True
SNPE,Xtrackers S&P 500 Scored & Screened ETF,index_passive_identified,management_style_evidence_1.1,S000065220,index_passive_identified,high,sec_ncen_c3,SEC N-CEN C.3 identifies the series as an index fund,https://www.sec.gov/Archives/edgar/data/1503123/000094040025005824/0000940400-25-005824-index.html,2025q4_ncen.zip,0000940400-25-005824,S000065220,Xtrackers S&P 500 Scored & Screened ETF,Y,Y,series_id,1.0,,False
SNSR,Global X Internet of Things ETF,not_determined,management_style_evidence_1.1,S000054692,index_passive_identified,high,sec_ncen_c3,SEC N-CEN C.3 identifies the series as an index fund,https://www.sec.gov/Archives/edgar/data/1432353/000204825126001908/0002048251-26-001908-index.html,2026q1_ncen.zip,0002048251-26-001908,S000054692,Global X Internet of Things ETF,Y,Y,series_id,1.0,,True
SOCL,Global X Social Media ETF,not_determined,management_style_evidence_1.1,S000034155,index_passive_identified,high,sec_ncen_c3,SEC N-CEN C.3 identifies the series as an index fund,https://www.sec.gov/Archives/edgar/data/1432353/000204825126001907/0002048251-26-001907-index.html,2026q1_ncen.zip,0002048251-26-001907,S000034155,Global X Social Media ETF,Y,Y,series_id,1.0,,True
SOIL,Global X Fertilizers/Potash ETF,not_determined,management_style_evidence_1.1,S000032486,index_passive_identified,high,primary_source_override,SEC filing states that the fund seeks to track the Solactive Global Fertilizers/Potash Index,https://www.sec.gov/Archives/edgar/data/1432353/000143235320000263/soilsr497k.htm,,,,,,,manual_ticker_override,,,True
SOXQ,Invesco PHLX Semiconductor ETF,not_determined,management_style_evidence_1.1,S000072470,index_passive_identified,high,sec_ncen_c3,SEC N-CEN C.3 identifies the series as an index fund,https://www.sec.gov/Archives/edgar/data/1378872/000137887225000490/0001378872-25-000490-index.html,2025q4_ncen.zip,0001378872-25-000490,S000072470,Invesco PHLX Semiconductor ETF,Y,Y,series_id,1.0,,True
SOXX,iShares PHLX SOX Semiconductor Sector Index Fund,index_passive_identified,management_style_evidence_1.1,S000004354,index_passive_identified,high,sec_ncen_c3,SEC N-CEN C.3 identifies the series as an index fund,https://www.sec.gov/Archives/edgar/data/1100663/000100472626004646/0001004726-26-004646-index.html,2026q2_ncen.zip,0001004726-26-004646,S000004354,iShares Semiconductor ETF,Y,Y,series_id,0.7083333333333334,,False
SOYB,Teucrium Soybean Fund ETV,not_determined,management_style_evidence_1.1,,systematic_or_rules_based,high,primary_source_override,Issuer describes benchmark commodity exposure implemented through soybean futures,https://teucrium.com/soyb,,,,,,,manual_ticker_override,,,True
SPAB,State Street SPDR Portfolio Aggregate Bond ETF,not_determined,management_style_evidence_1.1,,index_passive_identified,high,sec_ncen_c3,SEC N-CEN C.3 identifies the series as an index fund,https://www.sec.gov/Archives/edgar/data/1064642/000141036826040180/0001410368-26-040180-index.html,2026q2_ncen.zip,0001410368-26-040180,S000017334,SPDR Portfolio Aggregate Bond ETF,Y,Y,ticker,0.725,,True
SPBC,Simplify US Equity PLUS Bitcoin Strategy ETF,not_determined,management_style_evidence_1.1,S000071926,non_index_management_identified,high,sec_ncen_c3,SEC N-CEN C.3 does not identify the series as an index fund; the filing alone does not distinguish discretionary from rules-based management,https://www.sec.gov/Archives/edgar/data/1810747/000175272425213393/0001752724-25-213393-index.html,2025q3_ncen.zip,0001752724-25-213393,S000071926,Simplify US Equity PLUS Bitcoin Strategy ETF,Y,,series_id,1.0,,True
SPBO,State Street SPDR Portfolio Corporate Bond ETF,not_determined,management_style_evidence_1.1,,index_passive_identified,high,sec_ncen_c3,SEC N-CEN C.3 identifies the series as an index fund,https://www.sec.gov/Archives/edgar/data/1064642/000141036826040180/0001410368-26-040180-index.html,2026q2_ncen.zip,0001410368-26-040180,S000031836,SPDR Portfolio Corporate Bond ETF,Y,Y,ticker,0.725,,True
SPCK,SPAC and New Issue ETF,not_determined,management_style_evidence_1.1,,active_identified,high,primary_source_override,Issuer product site describes an actively selected portfolio of SPAC and new-issue securities,https://spcketf.com/,,,,,,,manual_ticker_override,,,True
SPD,Simplify US Equity PLUS Downside Convexity ETF,not_determined,management_style_evidence_1.1,S000069153,non_index_management_identified,high,sec_ncen_c3,SEC N-CEN C.3 does not identify the series as an index fund; the filing alone does not distinguish discretionary from rules-based management,https://www.sec.gov/Archives/edgar/data/1810747/000175272425213393/0001752724-25-213393-index.html,2025q3_ncen.zip,0001752724-25-213393,S000069153,Simplify US Equity PLUS Downside Convexity ETF,Y,,series_id,1.0,,True
SPDV,AAM S&P 500 High Dividend Value ETF,systematic_or_rules_based,management_style_evidence_1.1,S000059242,index_passive_identified,high,sec_ncen_c3,SEC N-CEN C.3 identifies the series as an index fund,https://www.sec.gov/Archives/edgar/data/1540305/000089418926000553/0000894189-26-000553-index.html,2026q1_ncen.zip,0000894189-26-000553,S000059242,AAM S&P 500 High Dividend Value ETF,Y,Y,series_id,1.0,,True
SPDW,State Street SPDR Portfolio Developed World ex-US ETF,not_determined,management_style_evidence_1.1,,index_passive_identified,high,sec_ncen_c3,SEC N-CEN C.3 identifies the series as an index fund,https://www.sec.gov/Archives/edgar/data/1168164/000141036825034454/0001410368-25-034454-index.html,2025q4_ncen.zip,0001410368-25-034454,S000014038,SPDR Portfolio Developed World ex- US ETF,Y,Y,ticker,0.7555555555555555,,True
SPEM,State Street SPDR Portfolio Emerging Markets ETF,not_determined,management_style_evidence_1.1,,index_passive_identified,high,sec_ncen_c3,SEC N-CEN C.3 identifies the series as an index fund,https://www.sec.gov/Archives/edgar/data/1168164/000141036825034454/0001410368-25-034454-index.html,2025q4_ncen.zip,0001410368-25-034454,S000014048,SPDR Portfolio Emerging Markets ETF,Y,Y,ticker,0.7380952380952381,,True
SPEU,State Street SPDR Portfolio Europe ETF,not_determined,management_style_evidence_1.1,,index_passive_identified,high,sec_ncen_c3,SEC N-CEN C.3 identifies the series as an index fund,https://www.sec.gov/Archives/edgar/data/1168164/000141036825034454/0001410368-25-034454-index.html,2025q4_ncen.zip,0001410368-25-034454,S000006391,SPDR(R) Portfolio Europe ETF,Y,Y,ticker,0.7857142857142857,,True
SPFF,Global X SuperIncome Preferred ETF,not_determined,management_style_evidence_1.1,,index_passive_identified,high,sec_ncen_c3,SEC N-CEN C.3 identifies the series as an index fund,https://www.sec.gov/Archives/edgar/data/1432353/000204825126001907/0002048251-26-001907-index.html,2026q1_ncen.zip,0002048251-26-001907,S000036904,Global X SuperIncome Preferred ETF,Y,Y,ticker,1.0,,True
SPGM,State Street SPDR Portfolio MSCI Global Stock Market ETF,index_passive_identified,management_style_evidence_1.1,,index_passive_identified,high,sec_ncen_c3,SEC N-CEN C.3 identifies the series as an index fund,https://www.sec.gov/Archives/edgar/data/1168164/000141036825034454/0001410368-25-034454-index.html,2025q4_ncen.zip,0001410368-25-034454,S000036082,SPDR(R) Portfolio MSCI Global Stock Market ETF,Y,Y,ticker,0.8604651162790697,,False
SPGP,Invesco S&P 500 GARP ETF,index_passive_identified,management_style_evidence_1.1,,index_passive_identified,high,sec_ncen_c3,SEC N-CEN C.3 identifies the series as an index fund,https://www.sec.gov/Archives/edgar/data/1209466/000175272425166789/0001752724-25-166789-index.html,2025q3_ncen.zip,0001752724-25-166789,S000032768,Invesco S&P 500 GARP ETF,Y,Y,ticker,1.0,,False
SPHB,Invesco S&P 500 High Beta ETF,index_passive_identified,management_style_evidence_1.1,S000030963,index_passive_identified,high,sec_ncen_c3,SEC N-CEN C.3 identifies the series as an index fund,https://www.sec.gov/Archives/edgar/data/1378872/000137887225000490/0001378872-25-000490-index.html,2025q4_ncen.zip,0001378872-25-000490,S000030963,Invesco S&P 500 High Beta ETF,Y,Y,series_id,1.0,,False
SPHD,Invesco S&P 500 High Dividend Low Volatility ETF,systematic_or_rules_based,management_style_evidence_1.1,S000038520,index_passive_identified,high,sec_ncen_c3,SEC N-CEN C.3 identifies the series as an index fund,https://www.sec.gov/Archives/edgar/data/1378872/000137887225000490/0001378872-25-000490-index.html,2025q4_ncen.zip,0001378872-25-000490,S000038520,Invesco S&P 500 High Dividend Low Volatility ETF,Y,Y,series_id,1.0,,True
SPHQ,Invesco S&P 500 Quality ETF,systematic_or_rules_based,management_style_evidence_1.1,,index_passive_identified,high,sec_ncen_c3,SEC N-CEN C.3 identifies the series as an index fund,https://www.sec.gov/Archives/edgar/data/1209466/000175272425166789/0001752724-25-166789-index.html,2025q3_ncen.zip,0001752724-25-166789,S000003049,Invesco S&P 500 Quality ETF,Y,Y,ticker,1.0,,True
SPHY,State Street SPDR Portfolio High Yield Bond ETF,not_determined,management_style_evidence_1.1,,index_passive_identified,high,sec_ncen_c3,SEC N-CEN C.3 identifies the series as an index fund,https://www.sec.gov/Archives/edgar/data/1064642/000141036826040180/0001410368-26-040180-index.html,2026q2_ncen.zip,0001410368-26-040180,S000036938,SPDR Portfolio High Yield Bond ETF,Y,Y,ticker,0.725,,True
SPIB,State Street SPDR Portfolio Intermediate Term Corporate Bond ETF,not_determined,management_style_evidence_1.1,,index_passive_identified,high,sec_ncen_c3,SEC N-CEN C.3 identifies the series as an index fund,https://www.sec.gov/Archives/edgar/data/1064642/000141036826040180/0001410368-26-040180-index.html,2026q2_ncen.zip,0001410368-26-040180,S000022923,SPDR Portfolio Intermediate Term Corporate Bond ETF,Y,Y,ticker,0.8035714285714286,,True
SPIP,State Street SPDR Portfolio TIPS ETF,not_determined,management_style_evidence_1.1,,index_passive_identified,high,sec_ncen_c3,SEC N-CEN C.3 identifies the series as an index fund,https://www.sec.gov/Archives/edgar/data/1064642/000141036826040180/0001410368-26-040180-index.html,2026q2_ncen.zip,0001410368-26-040180,S000017330,SPDR(R) Portfolio TIPS ETF,Y,Y,ticker,0.7692307692307693,,True
SPLB,State Street SPDR Portfolio Long Term Corporate Bond ETF,not_determined,management_style_evidence_1.1,,index_passive_identified,high,sec_ncen_c3,SEC N-CEN C.3 identifies the series as an index fund,https://www.sec.gov/Archives/edgar/data/1064642/000141036826040180/0001410368-26-040180-index.html,2026q2_ncen.zip,0001410368-26-040180,S000022924,SPDR Portfolio Long Term Corporate Bond ETF,Y,Y,ticker,0.7708333333333334,,True
SPLV,Invesco S&P 500 Low Volatility ETF,systematic_or_rules_based,management_style_evidence_1.1,S000030967,index_passive_identified,high,sec_ncen_c3,SEC N-CEN C.3 identifies the series as an index fund,https://www.sec.gov/Archives/edgar/data/1378872/000137887225000490/0001378872-25-000490-index.html,2025q4_ncen.zip,0001378872-25-000490,S000030967,Invesco S&P 500 Low Volatility ETF,Y,Y,series_id,1.0,,True
SPMB,State Street SPDR Portfolio Mortgage Backed Bond ETF,not_determined,management_style_evidence_1.1,,index_passive_identified,high,sec_ncen_c3,SEC N-CEN C.3 identifies the series as an index fund,https://www.sec.gov/Archives/edgar/data/1064642/000141036826040180/0001410368-26-040180-index.html,2026q2_ncen.zip,0001410368-26-040180,S000022922,SPDR(R) Portfolio Mortgage Backed Bond ETF,Y,Y,ticker,0.85,,True
SPMD,State Street SPDR Portfolio S&P 400 Mid Cap ETF,index_passive_identified,management_style_evidence_1.1,,index_passive_identified,high,sec_ncen_c3,SEC N-CEN C.3 identifies the series as an index fund,https://www.sec.gov/Archives/edgar/data/1064642/000141036826040180/0001410368-26-040180-index.html,2026q2_ncen.zip,0001410368-26-040180,S000006986,SPDR(R) Portfolio S&P 400 Mid Cap ETF,Y,Y,ticker,0.8181818181818182,,False
SPMO,Invesco S&P 500 Momentum ETF,systematic_or_rules_based,management_style_evidence_1.1,S000050154,index_passive_identified,high,sec_ncen_c3,SEC N-CEN C.3 identifies the series as an index fund,https://www.sec.gov/Archives/edgar/data/1378872/000137887225000490/0001378872-25-000490-index.html,2025q4_ncen.zip,0001378872-25-000490,S000050154,Invesco S&P 500 Momentum ETF,Y,Y,series_id,1.0,,True
SPPP,Sprott Physical Platinum and Palladium Trust,not_determined,management_style_evidence_1.1,,static_exposure_or_trust,high,primary_source_override,Issuer lists the product as a fully allocated physical platinum and palladium trust,https://sprott.com/investment-strategies/exchange-listed-products/,,,,,,,manual_ticker_override,,,True
SPRE,SP Funds S&P Global REIT Sharia ETF,index_passive_identified,management_style_evidence_1.1,S000070461,index_passive_identified,high,sec_ncen_c3,SEC N-CEN C.3 identifies the series as an index fund,https://www.sec.gov/Archives/edgar/data/1742912/000200032426000420/0002000324-26-000420-index.html,2026q1_ncen.zip,0002000324-26-000420,S000070461,SP Funds S&P Global REIT Sharia ETF,Y,Y,series_id,1.0,,False
SPRX,Spear Alpha ETF,not_determined,management_style_evidence_1.1,S000072639,non_index_management_identified,high,sec_ncen_c3,SEC N-CEN C.3 does not identify the series as an index fund; the filing alone does not distinguish discretionary from rules-based management,https://www.sec.gov/Archives/edgar/data/1683471/000114554925058240/0001145549-25-058240-index.html,2025q3_ncen.zip,0001145549-25-058240,S000072639,Spear Alpha ETF,Y,,series_id,1.0,,True
SPSB,State Street SPDR Portfolio Short Term Corporate Bond ETF,not_determined,management_style_evidence_1.1,,index_passive_identified,high,sec_ncen_c3,SEC N-CEN C.3 identifies the series as an index fund,https://www.sec.gov/Archives/edgar/data/1064642/000141036826040180/0001410368-26-040180-index.html,2026q2_ncen.zip,0001410368-26-040180,S000019666,SPDR Portfolio Short Term Corporate Bond ETF,Y,Y,ticker,0.7755102040816326,,True
SPSK,SP Funds Dow Jones Global Sukuk ETF,index_passive_identified,management_style_evidence_1.1,S000067282,index_passive_identified,high,sec_ncen_c3,SEC N-CEN C.3 identifies the series as an index fund,https://www.sec.gov/Archives/edgar/data/1742912/000200032426000420/0002000324-26-000420-index.html,2026q1_ncen.zip,0002000324-26-000420,S000067282,SP Funds Dow Jones Global Sukuk ETF,Y,Y,series_id,1.0,,False
SPSM,State Street SPDR Portfolio S&P 600 Small Cap ETF,index_passive_identified,management_style_evidence_1.1,,index_passive_identified,high,sec_ncen_c3,SEC N-CEN C.3 identifies the series as an index fund,https://www.sec.gov/Archives/edgar/data/1064642/000141036826040180/0001410368-26-040180-index.html,2026q2_ncen.zip,0001410368-26-040180,S000041317,SPDR(R) Portfolio S&P 600 Small Cap ETF,Y,Y,ticker,0.8285714285714286,,False
SPTI,State Street SPDR Portfolio Intermediate Term Treasury ETF,not_determined,management_style_evidence_1.1,,index_passive_identified,high,sec_ncen_c3,SEC N-CEN C.3 identifies the series as an index fund,https://www.sec.gov/Archives/edgar/data/1064642/000141036826040180/0001410368-26-040180-index.html,2026q2_ncen.zip,0001410368-26-040180,S000017328,SPDR(R) Portfolio Intermediate Term Treasury ETF,Y,Y,ticker,0.8695652173913043,,True
SPTL,State Street SPDR Portfolio Long Term Treasury ETF,not_determined,management_style_evidence_1.1,,index_passive_identified,high,sec_ncen_c3,SEC N-CEN C.3 identifies the series as an index fund,https://www.sec.gov/Archives/edgar/data/1064642/000141036826040180/0001410368-26-040180-index.html,2026q2_ncen.zip,0001410368-26-040180,S000017329,SPDR Portfolio Long Term Treasury ETF,Y,Y,ticker,0.7441860465116279,,True
SPTM,State Street SPDR Portfolio S&P 1500 Composite Stock Market ETF,index_passive_identified,management_style_evidence_1.1,,index_passive_identified,high,sec_ncen_c3,SEC N-CEN C.3 identifies the series as an index fund,https://www.sec.gov/Archives/edgar/data/1064642/000141036826040180/0001410368-26-040180-index.html,2026q2_ncen.zip,0001410368-26-040180,S000006973,SPDR(R) Portfolio S&P 1500 Composite Stock Market ETF,Y,Y,ticker,0.875,,False
SPTS,State Street SPDR Portfolio Short Term Treasury ETF,not_determined,management_style_evidence_1.1,,index_passive_identified,high,sec_ncen_c3,SEC N-CEN C.3 identifies the series as an index fund,https://www.sec.gov/Archives/edgar/data/1064642/000141036826040180/0001410368-26-040180-index.html,2026q2_ncen.zip,0001410368-26-040180,S000019665,SPDR(R) Portfolio Short Term Treasury ETF,Y,Y,ticker,0.8461538461538461,,True
SPUC,Simplify US Equity Income ETF,not_determined,management_style_evidence_1.1,S000069154,non_index_management_identified,high,sec_ncen_c3,SEC N-CEN C.3 does not identify the series as an index fund; the filing alone does not distinguish discretionary from rules-based management,https://www.sec.gov/Archives/edgar/data/1810747/000175272425213393/0001752724-25-213393-index.html,2025q3_ncen.zip,0001752724-25-213393,S000069154,Simplify US Equity PLUS Upside Convexity ETF,Y,,series_id,0.7301587301587301,,True
SPUS,SP Funds S&P 500 Sharia Industry Exclusions ETF,index_passive_identified,management_style_evidence_1.1,S000067283,index_passive_identified,high,sec_ncen_c3,SEC N-CEN C.3 identifies the series as an index fund,https://www.sec.gov/Archives/edgar/data/1742912/000200032426000420/0002000324-26-000420-index.html,2026q1_ncen.zip,0002000324-26-000420,S000067283,SP Funds S&P 500 Sharia Industry Exclusions ETF,Y,Y,series_id,1.0,,False
SPVM,Invesco S&P 500 Value with Momentum ETF,systematic_or_rules_based,management_style_evidence_1.1,S000056850,index_passive_identified,high,sec_ncen_c3,SEC N-CEN C.3 identifies the series as an index fund,https://www.sec.gov/Archives/edgar/data/1209466/000175272425166789/0001752724-25-166789-index.html,2025q3_ncen.zip,0001752724-25-166789,S000032769,Invesco S&P 500 Value with Momentum ETF,Y,Y,ticker,1.0,,True
SPXE,ProShares S&P 500 Ex-Energy ETF,index_passive_identified,management_style_evidence_1.1,S000050775,index_passive_identified,high,sec_ncen_c3,SEC N-CEN C.3 identifies the series as an index fund,https://www.sec.gov/Archives/edgar/data/1174610/000175272425186802/0001752724-25-186802-index.html,2025q3_ncen.zip,0001752724-25-186802,S000050775,ProShares S&P 500 Ex-Energy ETF,Y,Y,series_id,1.0,,False
SPXN,ProShares S&P 500 Ex-Financials ETF,index_passive_identified,management_style_evidence_1.1,S000050776,index_passive_identified,high,sec_ncen_c3,SEC N-CEN C.3 identifies the series as an index fund,https://www.sec.gov/Archives/edgar/data/1174610/000175272425186802/0001752724-25-186802-index.html,2025q3_ncen.zip,0001752724-25-186802,S000050776,ProShares S&P 500 Ex-Financials ETF,Y,Y,series_id,1.0,,False
SPXT,ProShares S&P 500 Ex-Technology ETF,index_passive_identified,management_style_evidence_1.1,S000050780,index_passive_identified,high,sec_ncen_c3,SEC N-CEN C.3 identifies the series as an index fund,https://www.sec.gov/Archives/edgar/data/1174610/000175272425186802/0001752724-25-186802-index.html,2025q3_ncen.zip,0001752724-25-186802,S000050780,ProShares S&P 500 Ex-Technology ETF,Y,Y,series_id,1.0,,False
SPXV,ProShares S&P 500 Ex-Health Care ETF,index_passive_identified,management_style_evidence_1.1,S000050777,index_passive_identified,high,sec_ncen_c3,SEC N-CEN C.3 identifies the series as an index fund,https://www.sec.gov/Archives/edgar/data/1174610/000175272425186802/0001752724-25-186802-index.html,2025q3_ncen.zip,0001752724-25-186802,S000050777,ProShares S&P 500 Ex-Health Care ETF,Y,Y,series_id,1.0,,False
SPYC,Simplify US Equity PLUS Convexity ETF,not_determined,management_style_evidence_1.1,S000069152,non_index_management_identified,high,sec_ncen_c3,SEC N-CEN C.3 does not identify the series as an index fund; the filing alone does not distinguish discretionary from rules-based management,https://www.sec.gov/Archives/edgar/data/1810747/000175272425213393/0001752724-25-213393-index.html,2025q3_ncen.zip,0001752724-25-213393,S000069152,Simplify US Equity PLUS Convexity ETF,Y,,series_id,1.0,,True
SPYD,State Street SPDR Portfolio S&P 500 High Dividend ETF,systematic_or_rules_based,management_style_evidence_1.1,S000050968,index_passive_identified,high,sec_ncen_c3,SEC N-CEN C.3 identifies the series as an index fund,https://www.sec.gov/Archives/edgar/data/1064642/000141036826040180/0001410368-26-040180-index.html,2026q2_ncen.zip,0001410368-26-040180,S000050968,SPDR Portfolio S&P 500 High Dividend ETF,Y,Y,series_id,0.75,,True
SPYG,State Street SPDR Portfolio S&P 500 Growth ETF,systematic_or_rules_based,management_style_evidence_1.1,,index_passive_identified,high,sec_ncen_c3,SEC N-CEN C.3 identifies the series as an index fund,https://www.sec.gov/Archives/edgar/data/1064642/000141036826040180/0001410368-26-040180-index.html,2026q2_ncen.zip,0001410368-26-040180,S000006984,SPDR Portfolio S&P 500 Growth ETF,Y,Y,ticker,0.7105263157894737,,True
SPYV,State Street SPDR Portfolio S&P 500 Value ETF,systematic_or_rules_based,management_style_evidence_1.1,,index_passive_identified,high,sec_ncen_c3,SEC N-CEN C.3 identifies the series as an index fund,https://www.sec.gov/Archives/edgar/data/1064642/000141036826040180/0001410368-26-040180-index.html,2026q2_ncen.zip,0001410368-26-040180,S000006985,SPDR Portfolio S&P 500 Value ETF,Y,Y,ticker,0.7027027027027027,,True
SPYX,State Street SPDR S&P 500 Fossil Fuel Reserves Free ETF,index_passive_identified,management_style_evidence_1.1,S000051701,index_passive_identified,high,sec_ncen_c3,SEC N-CEN C.3 identifies the series as an index fund,https://www.sec.gov/Archives/edgar/data/1064642/000141036826040180/0001410368-26-040180-index.html,2026q2_ncen.zip,0001410368-26-040180,S000051701,SPDR S&P 500 Fossil Fuel Reserves Free ETF,Y,Y,series_id,0.7555555555555555,,False
SQLV,Royce Quant Small-Cap Quality Value ETF,systematic_or_rules_based,management_style_evidence_1.1,S000058077,mixed_or_changed_mandate,high,primary_source_override,SEC filing documents conversion from passive index tracking to active management effective May 10 2022,https://www.sec.gov/Archives/edgar/data/1655589/000139834424015108/fp0089655-1_def14a.htm,,,,,,,manual_ticker_override,,History spans an index mandate before May 10 2022 and an active mandate afterward; exclude from whole-history active attribution.,True
SRET,Global X SuperDividend REIT ETF,not_determined,management_style_evidence_1.1,,index_passive_identified,high,sec_ncen_c3,SEC N-CEN C.3 identifies the series as an index fund,https://www.sec.gov/Archives/edgar/data/1432353/000204825126001907/0002048251-26-001907-index.html,2026q1_ncen.zip,0002048251-26-001907,S000036905,Global X SuperDividend REIT ETF,Y,Y,ticker,1.0,,True
SRLN,State Street Blackstone Senior Loan ETF,not_determined,management_style_evidence_1.1,S000033064,non_index_management_identified,high,sec_ncen_c3,SEC N-CEN C.3 does not identify the series as an index fund; the filing alone does not distinguish discretionary from rules-based management,https://www.sec.gov/Archives/edgar/data/1516212/000175272425214851/0001752724-25-214851-index.html,2025q3_ncen.zip,0001752724-25-214851,S000033064,SPDR Blackstone Senior Loan ETF,Y,,series_id,0.819672131147541,,True
SRVR,Pacer Data & Infrastructure Real Estate ETF,not_determined,management_style_evidence_1.1,S000061573,index_passive_identified,high,sec_ncen_c3,SEC N-CEN C.3 identifies the series as an index fund,https://www.sec.gov/Archives/edgar/data/1616668/000114554925046416/0001145549-25-046416-index.html,2025q3_ncen.zip,0001145549-25-046416,S000061573,Pacer Data & Infrastructure Real Estate ETF,Y,Y,series_id,1.0,,True
SSFI,Day Hagan Smart Sector Fixed Income ETF,not_determined,management_style_evidence_1.1,S000073631,non_index_management_identified,high,sec_ncen_c3,SEC N-CEN C.3 does not identify the series as an index fund; the filing alone does not distinguish discretionary from rules-based management,https://www.sec.gov/Archives/edgar/data/1506213/000175272425165716/0001752724-25-165716-index.html,2025q3_ncen.zip,0001752724-25-165716,S000073631,Day Hagan Smart Sector Fixed Income ETF,Y,,series_id,1.0,,True
SSPY,Stratified LargeCap Index ETF,index_passive_identified,management_style_evidence_1.1,S000084823,index_passive_identified,high,sec_ncen_c3,SEC N-CEN C.3 identifies the series as an index fund,https://www.sec.gov/Archives/edgar/data/1547950/000091047226004036/0000910472-26-004036-index.html,2026q1_ncen.zip,0000910472-26-004036,S000084823,Stratified LargeCap Index ETF,Y,Y,series_id,1.0,,False
SSUS,Day Hagan Smart Sector ETF,not_determined,management_style_evidence_1.1,S000066772,non_index_management_identified,high,sec_ncen_c3,SEC N-CEN C.3 does not identify the series as an index fund; the filing alone does not distinguish discretionary from rules-based management,https://www.sec.gov/Archives/edgar/data/1506213/000175272425165716/0001752724-25-165716-index.html,2025q3_ncen.zip,0001752724-25-165716,S000066772,Day Hagan Smart Sector ETF,Y,,series_id,1.0,,True
STIP,iShares 0-5 Year TIPS Bond ETF,not_determined,management_style_evidence_1.1,S000030481,index_passive_identified,high,sec_ncen_c3,SEC N-CEN C.3 identifies the series as an index fund,https://www.sec.gov/Archives/edgar/data/1100663/000141036826001031/0001410368-26-001031-index.html,2026q1_ncen.zip,0001410368-26-001031,S000030481,iShares 0-5 Year TIPS Bond ETF,Y,Y,series_id,1.0,,True
STNC,Hennessy Sustainable ETF,not_determined,management_style_evidence_1.1,S000079062,active_identified,high,primary_source_override,Issuer prospectus identifies the fund as an actively managed ETF,https://www.hennessyfunds.com/regulatory-docs/STNC/STNC-Summary-Prospectus.pdf,,,,,,,manual_ticker_override,,N-CEN bulk rows for this series omit the ETF and index boolean fields; issuer evidence controls.,True
STOT,State Street DoubleLine Short Duration Total Return Tactical ETF,active_identified,management_style_evidence_1.1,S000052162,active_identified,high,primary_source_override,Issuer lists STOT in its official actively managed ETF roster,https://www.ssga.com/us/en/intermediary/capabilities/active-etfs/spdr-active-etfs,,,,,,,manual_ticker_override,,,False
STPZ,PIMCO 1-5 Year U.S. TIPS Index Exchange-Traded Fund,index_passive_identified,management_style_evidence_1.1,S000026342,index_passive_identified,high,sec_ncen_c3,SEC N-CEN C.3 identifies the series as an index fund,https://www.sec.gov/Archives/edgar/data/1450011/000145001125000520/0001450011-25-000520-index.html,2025q3_ncen.zip,0001450011-25-000520,S000026342,PIMCO 1-5 Year U.S. TIPS Index Exchange-Traded Fund,Y,Y,series_id,1.0,,False
SUB,iShares Short-Term National Muni Bond ETF,not_determined,management_style_evidence_1.1,S000023507,index_passive_identified,high,sec_ncen_c3,SEC N-CEN C.3 identifies the series as an index fund,https://www.sec.gov/Archives/edgar/data/1100663/000141036826044733/0001410368-26-044733-index.html,2026q2_ncen.zip,0001410368-26-044733,S000023507,iShares Short-Term National Muni Bond ETF,Y,Y,series_id,1.0,,True
SURE,AdvisorShares Insider Advantage ETF,active_identified,management_style_evidence_1.1,,active_identified,high,primary_source_override,Issuer includes SURE in its official actively managed ETF lineup,https://insights.advisorshares.com/etf-fact-sheets,,,,,,,manual_ticker_override,,,False
SUSA,iShares ESG Optimized MSCI USA ETF,systematic_or_rules_based,management_style_evidence_1.1,,index_passive_identified,high,sec_ncen_c3,SEC N-CEN C.3 identifies the series as an index fund,https://www.sec.gov/Archives/edgar/data/1100663/000175272425166094/0001752724-25-166094-index.html,2025q3_ncen.zip,0001752724-25-166094,S000004436,iShares MSCI USA ESG Select ETF,Y,Y,ticker,0.5116279069767442,,True
SUSB,iShares ESG Aware 1-5 Year USD Corporate Bond ETF,systematic_or_rules_based,management_style_evidence_1.1,S000058036,index_passive_identified,high,sec_ncen_c3,SEC N-CEN C.3 identifies the series as an index fund,https://www.sec.gov/Archives/edgar/data/1100663/000141036826044733/0001410368-26-044733-index.html,2026q2_ncen.zip,0001410368-26-044733,S000058036,iShares ESG Aware 1-5 Year USD Corporate Bond ETF,Y,Y,series_id,1.0,,True
SUSC,iShares ESG Aware USD Corporate Bond ETF,systematic_or_rules_based,management_style_evidence_1.1,S000058037,index_passive_identified,high,sec_ncen_c3,SEC N-CEN C.3 identifies the series as an index fund,https://www.sec.gov/Archives/edgar/data/1100663/000141036826044733/0001410368-26-044733-index.html,2026q2_ncen.zip,0001410368-26-044733,S000058037,iShares ESG Aware USD Corporate Bond ETF,Y,Y,series_id,1.0,,True
SUSL,iShares ESG MSCI USA Leaders ETF,systematic_or_rules_based,management_style_evidence_1.1,S000065418,index_passive_identified,high,sec_ncen_c3,SEC N-CEN C.3 identifies the series as an index fund,https://www.sec.gov/Archives/edgar/data/1100663/000141036825023225/0001410368-25-023225-index.html,2025q4_ncen.zip,0001410368-25-023225,S000065418,iShares ESG MSCI USA Leaders ETF,Y,Y,series_id,1.0,,True
SVAL,iShares US Small Cap Value Factor ETF,systematic_or_rules_based,management_style_evidence_1.1,S000069740,index_passive_identified,high,sec_ncen_c3,SEC N-CEN C.3 identifies the series as an index fund,https://www.sec.gov/Archives/edgar/data/1100663/000100472626004646/0001004726-26-004646-index.html,2026q2_ncen.zip,0001004726-26-004646,S000069740,iShares US Small Cap Value Factor ETF,Y,Y,series_id,1.0,,True
SVOL,Simplify Volatility Premium ETF,not_determined,management_style_evidence_1.1,S000071794,non_index_management_identified,high,sec_ncen_c3,SEC N-CEN C.3 does not identify the series as an index fund; the filing alone does not distinguish discretionary from rules-based management,https://www.sec.gov/Archives/edgar/data/1810747/000175272425213393/0001752724-25-213393-index.html,2025q3_ncen.zip,0001752724-25-213393,S000071794,Simplify Volatility Premium ETF,Y,,series_id,1.0,,True
SWAN,Amplify BlackSwan Growth & Treasury Core ETF,systematic_or_rules_based,management_style_evidence_1.1,,index_passive_identified,high,sec_ncen_c3,SEC N-CEN C.3 identifies the series as an index fund,https://www.sec.gov/Archives/edgar/data/1633061/000114554924078539/0001145549-24-078539-index.html,2024q4_ncen.zip,0001145549-24-078539,S000063059,Amplify BlackSwan Growth & Treasury Core ETF,Y,Y,ticker,1.0,,True
SWZ,"Total Return Securities, Inc.",not_determined,management_style_evidence_1.1,,not_applicable_security,high,primary_source_override,SEC filing identifies a closed-end management investment company rather than an ETF,https://www.sec.gov/Archives/edgar/data/813623/000110465925023770/tm258639d1_n-csr.htm,,,,,,,manual_ticker_override,,Identity error in the catalogue; should be excluded from ETF analysis.,True
SXQG,ETC 6 Meridian Quality Growth ETF,systematic_or_rules_based,management_style_evidence_1.1,S000071535,active_identified,high,primary_source_override,SEC prospectus states that SXQG is an actively managed ETF,https://www.sec.gov/Archives/edgar/data/1452937/000121390023027986/ea152672_497.htm,,,,,,,manual_ticker_override,,,True
SYLD,Cambria Shareholder Yield ETF,not_determined,management_style_evidence_1.1,S000037634,non_index_management_identified,high,sec_ncen_c3,SEC N-CEN C.3 does not identify the series as an index fund; the filing alone does not distinguish discretionary from rules-based management,https://www.sec.gov/Archives/edgar/data/1529390/000089418926003379/0000894189-26-003379-index.html,2026q1_ncen.zip,0000894189-26-003379,S000037634,Cambria Shareholder Yield ETF,Y,,series_id,1.0,,True
SYSB,iShares Systematic Bond ETF,not_determined,management_style_evidence_1.1,,index_passive_identified,high,primary_source_override,Issuer states that the fund tracks the BlackRock Universal Systematic Bond Index,https://www.ishares.com/us/products/271544/ishares-systematic-bond-etf,,,,,,,manual_ticker_override,,,True
TAGG,T. Rowe Price QM U.S. Bond ETF,active_identified,management_style_evidence_1.1,S000072797,active_identified,high,primary_source_override,Issuer active ETF guide identifies TAGG as an active ETF,https://www.troweprice.com/content/dam/fai/Investments/exchange-traded-funds/t-rowe-price-active-etfs-designed-to-outperform.pdf,,,,,,,manual_ticker_override,,,False
TAGS,Teucrium Agricultural Fund ETV,not_determined,management_style_evidence_1.1,,systematic_or_rules_based,high,primary_source_override,Issuer describes a rules-based combination of its agricultural commodity pools,https://teucrium.com/tags,,,,,,,manual_ticker_override,,,True
TAN,Invesco Solar ETF,not_determined,management_style_evidence_1.1,S000060822,index_passive_identified,high,sec_ncen_c3,SEC N-CEN C.3 identifies the series as an index fund,https://www.sec.gov/Archives/edgar/data/1378872/000137887225000490/0001378872-25-000490-index.html,2025q4_ncen.zip,0001378872-25-000490,S000060822,Invesco Solar ETF,Y,Y,series_id,1.0,,True
TAXF,American Century Diversified Municipal Bond ETF,not_determined,management_style_evidence_1.1,S000063026,non_index_management_identified,high,sec_ncen_c3,SEC N-CEN C.3 does not identify the series as an index fund; the filing alone does not distinguish discretionary from rules-based management,https://www.sec.gov/Archives/edgar/data/1710607/000114554924068816/0001145549-24-068816-index.html,2024q4_ncen.zip,0001145549-24-068816,S000063026,American Century Diversified Municipal Bond ETF,Y,,series_id,1.0,,True
TBLL,Invesco Short Term Treasury ETF,not_determined,management_style_evidence_1.1,S000058423,index_passive_identified,high,sec_ncen_c3,SEC N-CEN C.3 identifies the series as an index fund,https://www.sec.gov/Archives/edgar/data/1378872/000137887225000490/0001378872-25-000490-index.html,2025q4_ncen.zip,0001378872-25-000490,S000055054,Invesco Short Term Treasury ETF,Y,Y,ticker,1.0,,True
TBLU,Tortoise Global Water ETF,not_determined,management_style_evidence_1.1,S000092074,non_index_management_identified,high,sec_ncen_c3,SEC N-CEN C.3 does not identify the series as an index fund; the filing alone does not distinguish discretionary from rules-based management,https://www.sec.gov/Archives/edgar/data/2034406/000089418926003678/0000894189-26-003678-index.html,2026q1_ncen.zip,0000894189-26-003678,S000092074,Tortoise Global Water Fund,Y,,series_id,0.8888888888888888,,True
TBUX,T. Rowe Price Ultra Short-Term Bond ETF,active_identified,management_style_evidence_1.1,S000072799,active_identified,high,primary_source_override,Issuer active ETF guide identifies TBUX as an active ETF,https://www.troweprice.com/content/dam/fai/Investments/exchange-traded-funds/t-rowe-price-active-etfs-designed-to-outperform.pdf,,,,,,,manual_ticker_override,,,False
TCHI,iShares MSCI China Multisector Tech ETF,index_passive_identified,management_style_evidence_1.1,S000074555,index_passive_identified,high,sec_ncen_c3,SEC N-CEN C.3 identifies the series as an index fund,https://www.sec.gov/Archives/edgar/data/1100663/000141036825023225/0001410368-25-023225-index.html,2025q4_ncen.zip,0001410368-25-023225,S000074555,iShares MSCI China Multisector Tech ETF,Y,Y,series_id,1.0,,False
TCHP,T. Rowe Price Blue Chip Growth ETF,active_identified,management_style_evidence_1.1,S000067974,active_identified,high,primary_source_override,Issuer active ETF guide identifies TCHP as an active ETF,https://www.troweprice.com/content/dam/fai/Investments/exchange-traded-funds/t-rowe-price-active-etfs-designed-to-outperform.pdf,,,,,,,manual_ticker_override,,,False
TDIV,First Trust NASDAQ Technology Dividend Index Fund,systematic_or_rules_based,management_style_evidence_1.1,S000038244,index_passive_identified,high,sec_ncen_c3,SEC N-CEN C.3 identifies the series as an index fund,https://www.sec.gov/Archives/edgar/data/1552740/000175272424283605/0001752724-24-283605-index.html,2024q4_ncen.zip,0001752724-24-283605,S000038244,First Trust NASDAQ Technology Dividend Index Fund,Y,Y,series_id,1.0,,True
TDSB,ETC Cabana Target Beta ETF,not_determined,management_style_evidence_1.1,S000068387,non_index_management_identified,high,sec_ncen_c3,SEC N-CEN C.3 does not identify the series as an index fund; the filing alone does not distinguish discretionary from rules-based management,https://www.sec.gov/Archives/edgar/data/1547950/000175272425166790/0001752724-25-166790-index.html,2025q3_ncen.zip,0001752724-25-166790,S000068387,Cabana Target Beta ETF,Y,,series_id,0.8636363636363636,,True
TDSC,ETC Cabana Target Drawdown 10 ETF,not_determined,management_style_evidence_1.1,S000068388,non_index_management_identified,high,sec_ncen_c3,SEC N-CEN C.3 does not identify the series as an index fund; the filing alone does not distinguish discretionary from rules-based management,https://www.sec.gov/Archives/edgar/data/1547950/000175272425166790/0001752724-25-166790-index.html,2025q3_ncen.zip,0001752724-25-166790,S000068388,Cabana Target Drawdown 10 ETF,Y,,series_id,0.8928571428571429,,True
TDTF,Northern Trust iBoxx 5-Year Target Duration TIPS ETF,not_determined,management_style_evidence_1.1,S000034352,index_passive_identified,high,sec_ncen_c3,SEC N-CEN C.3 identifies the series as an index fund,https://www.sec.gov/Archives/edgar/data/1491978/000207169126000168/0002071691-26-000168-index.html,2026q1_ncen.zip,0002071691-26-000168,S000034352,FlexShares iBoxx 5-Year Target Duration TIPS Index Fund,Y,Y,series_id,0.75,,True
TDTT,Northern Trust iBoxx 3-Year Target Duration TIPS ETF,not_determined,management_style_evidence_1.1,S000033316,index_passive_identified,high,sec_ncen_c3,SEC N-CEN C.3 identifies the series as an index fund,https://www.sec.gov/Archives/edgar/data/1491978/000207169126000168/0002071691-26-000168-index.html,2026q1_ncen.zip,0002071691-26-000168,S000033316,FlexShares iBoxx 3-Year Target Duration TIPS Index Fund,Y,Y,series_id,0.75,,True
TDV,ProShares S&P Technology Dividend Aristocrats ETF,systematic_or_rules_based,management_style_evidence_1.1,S000066435,index_passive_identified,high,sec_ncen_c3,SEC N-CEN C.3 identifies the series as an index fund,https://www.sec.gov/Archives/edgar/data/1174610/000175272425186802/0001752724-25-186802-index.html,2025q3_ncen.zip,0001752724-25-186802,S000066435,ProShares S&P Technology Dividend Aristocrats ETF,Y,Y,series_id,1.0,,True
TDVG,T. Rowe Price Dividend Growth ETF,active_identified,management_style_evidence_1.1,S000067975,active_identified,high,primary_source_override,Issuer active ETF guide identifies TDVG as an active ETF,https://www.troweprice.com/content/dam/fai/Investments/exchange-traded-funds/t-rowe-price-active-etfs-designed-to-outperform.pdf,,,,,,,manual_ticker_override,,,False
TECB,iShares U.S. Tech Breakthrough Multisector ETF,not_determined,management_style_evidence_1.1,S000067234,index_passive_identified,high,sec_ncen_c3,SEC N-CEN C.3 identifies the series as an index fund,https://www.sec.gov/Archives/edgar/data/1100663/000141036825014340/0001410368-25-014340-index.html,2025q4_ncen.zip,0001410368-25-014340,S000067234,iShares U.S. Tech Breakthrough Multisector ETF,Y,Y,series_id,1.0,,True
TEQI,T. Rowe Price Equity Income ETF,active_identified,management_style_evidence_1.1,S000067976,active_identified,high,primary_source_override,Issuer active ETF guide identifies TEQI as an active ETF,https://www.troweprice.com/content/dam/fai/Investments/exchange-traded-funds/t-rowe-price-active-etfs-designed-to-outperform.pdf,,,,,,,manual_ticker_override,,,False
TESL,Simplify Volt TSLA Revolution ETF,not_determined,management_style_evidence_1.1,,active_identified,high,primary_source_override,Issuer identifies an actively managed options-overlay strategy around Tesla exposure,https://www.simplify.us/etfs/tesl-simplify-volt-tsla-revolution-etf,,,,,,,manual_ticker_override,,,True
TFI,State Street SPDR Nuveen ICE Municipal Bond ETF,not_determined,management_style_evidence_1.1,S000017333,index_passive_identified,high,sec_ncen_c3,SEC N-CEN C.3 identifies the series as an index fund,https://www.sec.gov/Archives/edgar/data/1064642/000175272425214852/0001752724-25-214852-index.html,2025q3_ncen.zip,0001752724-25-214852,S000017333,SPDR Nuveen ICE Municipal Bond ETF,Y,Y,series_id,0.725,,True
TFJL,Innovator 20  Year Treasury Bond 5 Floor ETF - July,not_determined,management_style_evidence_1.1,,systematic_or_rules_based,medium,sec_ncen_c3,SEC N-CEN C.3 does not identify the series as an index fund; classification refined by transparent product-name evidence (strategy_name_identifies_rules_or_overlay),https://www.sec.gov/Archives/edgar/data/1415726/000089418926000385/0000894189-26-000385-index.html,2026q1_ncen.zip,0000894189-26-000385,S000068658,Innovator 20+ Year Treasury Bond 5 Floor ETF - Quarterly,Y,,ticker,0.9176470588235294,,True
TFLO,iShares Treasury Floating Rate Bond ETF,not_determined,management_style_evidence_1.1,S000044143,index_passive_identified,high,sec_ncen_c3,SEC N-CEN C.3 identifies the series as an index fund,https://www.sec.gov/Archives/edgar/data/1100663/000141036826001031/0001410368-26-001031-index.html,2026q1_ncen.zip,0001410368-26-001031,S000044143,iShares Treasury Floating Rate Bond ETF,Y,Y,series_id,1.0,,True
TGRW,T. Rowe Price Growth Stock ETF,active_identified,management_style_evidence_1.1,S000067977,active_identified,high,primary_source_override,Issuer active ETF guide identifies TGRW as an active ETF,https://www.troweprice.com/content/dam/fai/Investments/exchange-traded-funds/t-rowe-price-active-etfs-designed-to-outperform.pdf,,,,,,,manual_ticker_override,,,False
THD,iShares MSCI Thailand ETF,index_passive_identified,management_style_evidence_1.1,S000018072,index_passive_identified,high,sec_ncen_c3,SEC N-CEN C.3 identifies the series as an index fund,https://www.sec.gov/Archives/edgar/data/930667/000141036825023226/0001410368-25-023226-index.html,2025q4_ncen.zip,0001410368-25-023226,S000018072,iShares MSCI Thailand ETF,Y,Y,series_id,1.0,,False
THNQ,ROBO Global Artificial Intelligence ETF,not_determined,management_style_evidence_1.1,S000065729,index_passive_identified,high,sec_ncen_c3,SEC N-CEN C.3 identifies the series as an index fund,https://www.sec.gov/Archives/edgar/data/1452937/000175272425166800/0001752724-25-166800-index.html,2025q3_ncen.zip,0001752724-25-166800,S000065729,ROBO Global(R) Artificial Intelligence ETF,Y,Y,series_id,0.9859154929577465,,True
THRO,iShares U.S. Thematic Rotation Active ETF,active_identified,management_style_evidence_1.1,,active_identified,medium,sec_ncen_c3,SEC N-CEN C.3 does not identify the series as an index fund; classification refined by transparent product-name evidence (strategy_name_identifies_active_management),https://www.sec.gov/Archives/edgar/data/1761055/000141036825014326/0001410368-25-014326-index.html,2025q4_ncen.zip,0001410368-25-014326,S000074569,iShares U.S. Thematic Rotation Active ETF,Y,,ticker,1.0,,False
THY,Toews Agility Shares Dynamic Tactical Income ETF,active_identified,management_style_evidence_1.1,,active_identified,high,primary_source_override,SEC financial statements identify the Toews funds as actively managed ETFs,https://www.sec.gov/Archives/edgar/data/1314414/000158064226004276/toewsagilityetfs_ncsr.htm,,,,,,,manual_ticker_override,,,False
TILT,Northern Trust Morningstar US Market Factor Tilt ETF,systematic_or_rules_based,management_style_evidence_1.1,S000033312,index_passive_identified,high,sec_ncen_c3,SEC N-CEN C.3 identifies the series as an index fund,https://www.sec.gov/Archives/edgar/data/1491978/000207169126000168/0002071691-26-000168-index.html,2026q1_ncen.zip,0002071691-26-000168,S000033312,FlexShares Morningstar US Market Factor Tilt Index Fund,Y,Y,series_id,0.7560975609756098,,True
TIME,Clockwise U.S. Core Equity ETF,not_determined,management_style_evidence_1.1,S000085026,non_index_management_identified,high,sec_ncen_c3,SEC N-CEN C.3 does not identify the series as an index fund; the filing alone does not distinguish discretionary from rules-based management,https://www.sec.gov/Archives/edgar/data/1924868/000114554924069224/0001145549-24-069224-index.html,2024q4_ncen.zip,0001145549-24-069224,S000085026,Clockwise Core Equity & Innovation ETF,Y,,series_id,0.7857142857142857,,True
TINT,ProShares Smart Materials ETF,not_determined,management_style_evidence_1.1,S000073416,index_passive_identified,high,sec_ncen_c3,SEC N-CEN C.3 identifies the series as an index fund,https://www.sec.gov/Archives/edgar/data/1174610/000175272425186802/0001752724-25-186802-index.html,2025q3_ncen.zip,0001752724-25-186802,S000073416,ProShares Smart Materials ETF,Y,Y,series_id,1.0,,True
TINY,ProShares Nanotechnology ETF,not_determined,management_style_evidence_1.1,S000073421,index_passive_identified,high,sec_ncen_c3,SEC N-CEN C.3 identifies the series as an index fund,https://www.sec.gov/Archives/edgar/data/1174610/000175272425186802/0001752724-25-186802-index.html,2025q3_ncen.zip,0001752724-25-186802,S000073421,ProShares Nanotechnology ETF,Y,Y,series_id,1.0,,True
TIP,iShares TIPS Bond ETF,not_determined,management_style_evidence_1.1,S000004363,index_passive_identified,high,sec_ncen_c3,SEC N-CEN C.3 identifies the series as an index fund,https://www.sec.gov/Archives/edgar/data/1100663/000141036826001031/0001410368-26-001031-index.html,2026q1_ncen.zip,0001410368-26-001031,S000004363,iShares TIPS Bond ETF,Y,Y,series_id,1.0,,True
TIPX,State Street SPDR Bloomberg 1a??10 Year TIPS ETF,index_passive_identified,management_style_evidence_1.1,S000040742,index_passive_identified,high,sec_ncen_c3,SEC N-CEN C.3 identifies the series as an index fund,https://www.sec.gov/Archives/edgar/data/1064642/000141036826040180/0001410368-26-040180-index.html,2026q2_ncen.zip,0001410368-26-040180,S000040742,SPDR Bloomberg 1-10 Year TIPS ETF,Y,Y,series_id,0.8181818181818182,,False
TIPZ,PIMCO Broad U.S. TIPS Index Exchange-Traded Fund,index_passive_identified,management_style_evidence_1.1,S000026341,index_passive_identified,high,sec_ncen_c3,SEC N-CEN C.3 identifies the series as an index fund,https://www.sec.gov/Archives/edgar/data/1450011/000145001125000520/0001450011-25-000520-index.html,2025q3_ncen.zip,0001450011-25-000520,S000026341,PIMCO Broad U.S. TIPS Index Exchange-Traded Fund,Y,Y,series_id,1.0,,False
TLH,iShares 10-20 Year Treasury Bond ETF,not_determined,management_style_evidence_1.1,S000013696,index_passive_identified,high,sec_ncen_c3,SEC N-CEN C.3 identifies the series as an index fund,https://www.sec.gov/Archives/edgar/data/1100663/000141036826044733/0001410368-26-044733-index.html,2026q2_ncen.zip,0001410368-26-044733,S000013696,iShares 10-20 Year Treasury Bond ETF,Y,Y,series_id,1.0,,True
TLT,iShares 20+ Year Treasury Bond ETF,not_determined,management_style_evidence_1.1,S000004360,index_passive_identified,high,sec_ncen_c3,SEC N-CEN C.3 identifies the series as an index fund,https://www.sec.gov/Archives/edgar/data/1100663/000141036826044733/0001410368-26-044733-index.html,2026q2_ncen.zip,0001410368-26-044733,S000004360,iShares 20+ Year Treasury Bond ETF,Y,Y,series_id,1.0,,True
TLTD,Northern Trust Morningstar Developed Markets ex-US Factor Tilt ETF,systematic_or_rules_based,management_style_evidence_1.1,S000033313,index_passive_identified,high,sec_ncen_c3,SEC N-CEN C.3 identifies the series as an index fund,https://www.sec.gov/Archives/edgar/data/1491978/000207169126000168/0002071691-26-000168-index.html,2026q1_ncen.zip,0002071691-26-000168,S000033313,FlexShares Morningstar Developed Markets ex-US Factor Tilt Index Fund,Y,Y,series_id,0.8113207547169812,,True
TLTE,Northern Trust Morningstar Emerging Markets Factor Tilt ETF,systematic_or_rules_based,management_style_evidence_1.1,S000033314,index_passive_identified,high,sec_ncen_c3,SEC N-CEN C.3 identifies the series as an index fund,https://www.sec.gov/Archives/edgar/data/1491978/000207169126000168/0002071691-26-000168-index.html,2026q1_ncen.zip,0002071691-26-000168,S000033314,FlexShares Morningstar Emerging Markets Factor Tilt Index Fund,Y,Y,series_id,0.7916666666666666,,True
TMAT,Main Thematic Innovation ETF,not_determined,management_style_evidence_1.1,S000070451,non_index_management_identified,high,sec_ncen_c3,SEC N-CEN C.3 does not identify the series as an index fund; the filing alone does not distinguish discretionary from rules-based management,https://www.sec.gov/Archives/edgar/data/1644419/000091047226000267/0000910472-26-000267-index.html,2026q1_ncen.zip,0000910472-26-000267,S000070451,Main Thematic Innovation ETF,Y,,series_id,1.0,,True
TMDV,ProShares Russell US Dividend Growers ETF,systematic_or_rules_based,management_style_evidence_1.1,S000066433,index_passive_identified,high,sec_ncen_c3,SEC N-CEN C.3 identifies the series as an index fund,https://www.sec.gov/Archives/edgar/data/1174610/000175272425186802/0001752724-25-186802-index.html,2025q3_ncen.zip,0001752724-25-186802,S000066433,ProShares Russell U.S. Dividend Growers ETF,Y,Y,series_id,1.0,,True
TMFC,Motley Fool 100 Index ETF,index_passive_identified,management_style_evidence_1.1,S000061203,index_passive_identified,high,sec_ncen_c3,SEC N-CEN C.3 identifies the series as an index fund,https://www.sec.gov/Archives/edgar/data/831114/000114554925022764/0001145549-25-022764-index.html,2025q1_ncen.zip,0001145549-25-022764,S000061203,Motley Fool 100 Index ETF,Y,Y,series_id,1.0,,False
TMFE,Motley Fool Capital Efficiency 100 Index ETF,index_passive_identified,management_style_evidence_1.1,S000074883,index_passive_identified,high,sec_ncen_c3,SEC N-CEN C.3 identifies the series as an index fund,https://www.sec.gov/Archives/edgar/data/831114/000114554925022764/0001145549-25-022764-index.html,2025q1_ncen.zip,0001145549-25-022764,S000074883,Motley Fool Capital Efficiency 100 Index ETF,Y,Y,series_id,1.0,,False
TMFG,Motley Fool Global Opportunities ETF,not_determined,management_style_evidence_1.1,S000074654,active_identified,high,primary_source_override,Issuer classifies the product as an active equity ETF with securities selected by portfolio managers,https://etfs.fooletfs.com/tmfg,,,,,,,manual_ticker_override,,N-CEN bulk rows for this series omit the ETF and index boolean fields; issuer evidence controls.,True
TMFM,Motley Fool Mid-Cap Growth ETF,systematic_or_rules_based,management_style_evidence_1.1,S000074655,active_identified,high,primary_source_override,Issuer identifies TMFM as an active equity ETF with securities selected by portfolio managers,https://etfs.fooletfs.com/tmfm,,,,,,,manual_ticker_override,,,True
TMFS,Motley Fool Small-Cap Growth ETF,systematic_or_rules_based,management_style_evidence_1.1,,active_identified,high,primary_source_override,Issuer identifies TMFS as an active equity ETF with securities selected by portfolio managers,https://etfs.fooletfs.com/tmfs,,,,,,,manual_ticker_override,,,True
TMFX,Motley Fool Next Index ETF,index_passive_identified,management_style_evidence_1.1,S000074884,index_passive_identified,high,sec_ncen_c3,SEC N-CEN C.3 identifies the series as an index fund,https://www.sec.gov/Archives/edgar/data/831114/000114554925022764/0001145549-25-022764-index.html,2025q1_ncen.zip,0001145549-25-022764,S000074884,Motley Fool Next Index ETF,Y,Y,series_id,1.0,,False
TMW,SPDR(R) Dow Jones Total Market ETF,index_passive_identified,management_style_evidence_1.1,S000006973,index_passive_identified,high,sec_ncen_c3,SEC N-CEN C.3 identifies the series as an index fund,https://www.sec.gov/Archives/edgar/data/1064642/000141036826040180/0001410368-26-040180-index.html,2026q2_ncen.zip,0001410368-26-040180,S000006973,SPDR(R) Portfolio S&P 1500 Composite Stock Market ETF,Y,Y,series_id,0.5714285714285714,,False
TOK,iShares MSCI Kokusai ETF,index_passive_identified,management_style_evidence_1.1,S000019898,index_passive_identified,high,sec_ncen_c3,SEC N-CEN C.3 identifies the series as an index fund,https://www.sec.gov/Archives/edgar/data/1100663/000141036825014340/0001410368-25-014340-index.html,2025q4_ncen.zip,0001410368-25-014340,S000019898,iShares MSCI Kokusai ETF,Y,Y,series_id,1.0,,False
TOLZ,ProShares DJ Brookfield Global Infrastructure ETF,not_determined,management_style_evidence_1.1,,index_passive_identified,high,sec_ncen_c3,SEC N-CEN C.3 identifies the series as an index fund,https://www.sec.gov/Archives/edgar/data/1174610/000175272425186802/0001752724-25-186802-index.html,2025q3_ncen.zip,0001752724-25-186802,S000040181,ProShares DJ Brookfield Global Infrastructure ETF,Y,Y,ticker,1.0,,True
TOTL,State Street DoubleLine Total Return Tactical ETF,active_identified,management_style_evidence_1.1,S000046314,active_identified,high,primary_source_override,Issuer describes TOTL as actively managed core fixed income exposure,https://www.ssga.com/us/en/institutional/etfs/state-street-doubleline-total-return-tactical-etf-totl,,,,,,,manual_ticker_override,,,False
TOTR,T. Rowe Price Total Return ETF,active_identified,management_style_evidence_1.1,S000072798,active_identified,high,primary_source_override,Issuer active ETF guide identifies TOTR as an active ETF,https://www.troweprice.com/content/dam/fai/Investments/exchange-traded-funds/t-rowe-price-active-etfs-designed-to-outperform.pdf,,,,,,,manual_ticker_override,,,False
TPHD,Timothy Plan High Dividend Stock ETF,systematic_or_rules_based,management_style_evidence_1.1,S000063766,index_passive_identified,high,sec_ncen_c3,SEC N-CEN C.3 identifies the series as an index fund,https://www.sec.gov/Archives/edgar/data/916490/000100472626001457/0001004726-26-001457-index.html,2026q1_ncen.zip,0001004726-26-001457,S000063766,Timothy Plan High Dividend Stock ETF,Y,Y,series_id,1.0,,True
TPIF,Timothy Plan International ETF,not_determined,management_style_evidence_1.1,S000063765,index_passive_identified,high,sec_ncen_c3,SEC N-CEN C.3 identifies the series as an index fund,https://www.sec.gov/Archives/edgar/data/916490/000100472626001457/0001004726-26-001457-index.html,2026q1_ncen.zip,0001004726-26-001457,S000063765,Timothy Plan International ETF,Y,Y,series_id,1.0,,True
TPLC,Timothy Plan US Large/Mid Cap Core ETF,not_determined,management_style_evidence_1.1,S000063763,index_passive_identified,high,sec_ncen_c3,SEC N-CEN C.3 identifies the series as an index fund,https://www.sec.gov/Archives/edgar/data/916490/000100472626001457/0001004726-26-001457-index.html,2026q1_ncen.zip,0001004726-26-001457,S000063763,Timothy Plan US Large/Mid Cap Core ETF,Y,Y,series_id,1.0,,True
TPSC,Timothy Plan US Small Cap Core ETF,not_determined,management_style_evidence_1.1,S000063764,index_passive_identified,high,sec_ncen_c3,SEC N-CEN C.3 identifies the series as an index fund,https://www.sec.gov/Archives/edgar/data/916490/000100472626001457/0001004726-26-001457-index.html,2026q1_ncen.zip,0001004726-26-001457,S000063764,Timothy Plan US Small Cap Core ETF,Y,Y,series_id,1.0,,True
TPYP,Tortoise North American Pipeline ETF,not_determined,management_style_evidence_1.1,S000092075,non_index_management_identified,high,sec_ncen_c3,SEC N-CEN C.3 does not identify the series as an index fund; the filing alone does not distinguish discretionary from rules-based management,https://www.sec.gov/Archives/edgar/data/2034406/000089418926003678/0000894189-26-003678-index.html,2026q1_ncen.zip,0000894189-26-003678,S000092075,Tortoise North American Pipeline Fund,Y,,series_id,0.9230769230769231,,True
TPZ,Tortoise Electrification Infrastructure ETF,not_determined,management_style_evidence_1.1,S000088745,non_index_management_identified,high,sec_ncen_c3,SEC N-CEN C.3 does not identify the series as an index fund; the filing alone does not distinguish discretionary from rules-based management,https://www.sec.gov/Archives/edgar/data/2034406/000089418926003678/0000894189-26-003678-index.html,2026q1_ncen.zip,0000894189-26-003678,S000088745,Tortoise Electrification Infrastructure ETF,Y,,series_id,1.0,,True
TRND,Pacer Trendpilot Fund of Funds ETF,not_determined,management_style_evidence_1.1,S000064824,index_passive_identified,high,sec_ncen_c3,SEC N-CEN C.3 identifies the series as an index fund,https://www.sec.gov/Archives/edgar/data/1616668/000114554925046416/0001145549-25-046416-index.html,2025q3_ncen.zip,0001145549-25-046416,S000064824,Pacer Trendpilot Fund of Funds ETF,Y,Y,series_id,1.0,,True
TRPA,Hartford AAA CLO ETF,not_determined,management_style_evidence_1.1,,non_index_management_identified,high,sec_ncen_c3,SEC N-CEN C.3 does not identify the series as an index fund; the filing alone does not distinguish discretionary from rules-based management,https://www.sec.gov/Archives/edgar/data/1501825/000141036825014111/0001410368-25-014111-index.html,2025q4_ncen.zip,0001410368-25-014111,S000061914,Hartford AAA CLO ETF,Y,,ticker,1.0,,True
TRTY,Cambria Trinity ETF,not_determined,management_style_evidence_1.1,S000062926,non_index_management_identified,high,sec_ncen_c3,SEC N-CEN C.3 does not identify the series as an index fund; the filing alone does not distinguish discretionary from rules-based management,https://www.sec.gov/Archives/edgar/data/1529390/000089418926003379/0000894189-26-003379-index.html,2026q1_ncen.zip,0000894189-26-003379,S000062926,Cambria Trinity ETF,Y,,series_id,1.0,,True
TSPA,T. Rowe Price U.S. Equity Research ETF,active_identified,management_style_evidence_1.1,S000071604,active_identified,high,primary_source_override,Issuer active ETF guide identifies TSPA as an active ETF,https://www.troweprice.com/content/dam/fai/Investments/exchange-traded-funds/t-rowe-price-active-etfs-designed-to-outperform.pdf,,,,,,,manual_ticker_override,,,False
TTAC,TrimTabs All Cap U.S. Free-Cash-Flow ETF,not_determined,management_style_evidence_1.1,S000054995,non_index_management_identified,high,sec_ncen_c3,SEC N-CEN C.3 does not identify the series as an index fund; the filing alone does not distinguish discretionary from rules-based management,https://www.sec.gov/Archives/edgar/data/1604813/000114554924063756/0001145549-24-063756-index.html,2024q4_ncen.zip,0001145549-24-063756,S000054995,FCF US Quality ETF,Y,,series_id,0.2608695652173913,,True
TUR,iShares MSCI Turkey ETF,index_passive_identified,management_style_evidence_1.1,S000018073,index_passive_identified,high,sec_ncen_c3,SEC N-CEN C.3 identifies the series as an index fund,https://www.sec.gov/Archives/edgar/data/930667/000141036825023226/0001410368-25-023226-index.html,2025q4_ncen.zip,0001410368-25-023226,S000018073,iShares MSCI Turkey ETF,Y,Y,series_id,1.0,,False
TYA,Simplify Intermediate Term Treasury Futures Strategy ETF,not_determined,management_style_evidence_1.1,S000073384,systematic_or_rules_based,medium,sec_ncen_c3,SEC N-CEN C.3 does not identify the series as an index fund; classification refined by transparent product-name evidence (strategy_name_identifies_rules_or_overlay),https://www.sec.gov/Archives/edgar/data/1810747/000175272425213393/0001752724-25-213393-index.html,2025q3_ncen.zip,0001752724-25-213393,S000073384,Simplify Intermediate Term Treasury Futures Strategy ETF,Y,,series_id,1.0,,True
UAE,iShares MSCI UAE ETF,index_passive_identified,management_style_evidence_1.1,S000045075,index_passive_identified,high,sec_ncen_c3,SEC N-CEN C.3 identifies the series as an index fund,https://www.sec.gov/Archives/edgar/data/1100663/000141036825023225/0001410368-25-023225-index.html,2025q4_ncen.zip,0001410368-25-023225,S000045075,iShares MSCI UAE ETF,Y,Y,series_id,1.0,,False
UBND,VictoryShares Core Plus Bond ETF,not_determined,management_style_evidence_1.1,S000073698,non_index_management_identified,high,sec_ncen_c3,SEC N-CEN C.3 does not identify the series as an index fund; the filing alone does not distinguish discretionary from rules-based management,https://www.sec.gov/Archives/edgar/data/1547580/000100472625001640/0001004726-25-001640-index.html,2025q4_ncen.zip,0001004726-25-001640,S000073698,VictoryShares Core Plus Intermediate Bond ETF,Y,,series_id,0.7857142857142857,,True
UCIB,UBS ETRACS UBS Bloomberg Constant Maturity Commodity Index (CMCI) Total Return ETN Series B,index_passive_identified,management_style_evidence_1.1,,not_applicable_security,high,primary_source_override,Issuer lists UCIB among its senior unsecured exchange-traded notes,https://etracs.ubs.com/,,,,,,,manual_ticker_override,,Debt instrument: ETF management-style taxonomy is not applicable.,True
UCON,First Trust Smith Unconstrained Bond ETF,not_determined,management_style_evidence_1.1,S000061961,non_index_management_identified,high,sec_ncen_c3,SEC N-CEN C.3 does not identify the series as an index fund; the filing alone does not distinguish discretionary from rules-based management,https://www.sec.gov/Archives/edgar/data/1667919/000094040025005820/0000940400-25-005820-index.html,2025q4_ncen.zip,0000940400-25-005820,S000061961,First Trust Smith Unconstrained Bond ETF,Y,,series_id,1.0,,True
UCRD,VictoryShares Corporate Bond ETF,not_determined,management_style_evidence_1.1,S000073697,non_index_management_identified,high,sec_ncen_c3,SEC N-CEN C.3 does not identify the series as an index fund; the filing alone does not distinguish discretionary from rules-based management,https://www.sec.gov/Archives/edgar/data/1547580/000100472625001640/0001004726-25-001640-index.html,2025q4_ncen.zip,0001004726-25-001640,S000073697,VictoryShares Corporate Bond ETF,Y,,series_id,1.0,,True
UDIV,Franklin U.S. Core Dividend Tilt Index ETF,systematic_or_rules_based,management_style_evidence_1.1,,index_passive_identified,high,sec_ncen_c3,SEC N-CEN C.3 identifies the series as an index fund,https://www.sec.gov/Archives/edgar/data/1655589/000094040026023418/0000940400-26-023418-index.html,2026q2_ncen.zip,0000940400-26-023418,S000053153,Franklin U.S. Core Dividend Tilt Index ETF,Y,Y,ticker,1.0,,True
UDN,Invesco DB USD Index Bearish ETF,index_passive_identified,management_style_evidence_1.1,,index_passive_identified,high,primary_source_override,Issuer identifies UDN as a DB US Dollar index fund and states that the licensed index is calculated independently,https://www.invesco.com/us/en/accounts/tax-center/etf-tax-center.html,,,,,,,manual_ticker_override,,Commodity-pool exchange-traded product; bearish currency exposure is not a leveraged inverse ETF payoff.,False
UEVM,VictoryShares Emerging Markets Value Momentum ETF,systematic_or_rules_based,management_style_evidence_1.1,S000065158,index_passive_identified,high,sec_ncen_c3,SEC N-CEN C.3 identifies the series as an index fund,https://www.sec.gov/Archives/edgar/data/1547580/000100472625001640/0001004726-25-001640-index.html,2025q4_ncen.zip,0001004726-25-001640,S000065158,VictoryShares Emerging Markets Value Momentum ETF,Y,Y,series_id,1.0,,True
UFO,Procure Space ETF,not_determined,management_style_evidence_1.1,S000061584,index_passive_identified,high,sec_ncen_c3,SEC N-CEN C.3 identifies the series as an index fund,https://www.sec.gov/Archives/edgar/data/1727398/000089418926000415/0000894189-26-000415-index.html,2026q1_ncen.zip,0000894189-26-000415,S000061584,Procure Space ETF,Y,Y,series_id,1.0,,True
UFOX,Defiance Space and Connective Tech ETF,not_determined,management_style_evidence_1.1,S000102404,index_passive_identified,high,primary_source_override,Issuer states that the fund tracks the BlueStar Space and Satellite Index,https://www.defianceetfs.com/ufox/,,,,,,,manual_ticker_override,,,True
UGA,United States Gasoline Fund LP,not_determined,management_style_evidence_1.1,,systematic_or_rules_based,high,primary_source_override,Issuer describes rules-governed benchmark exposure through gasoline futures,https://www.uscfinvestments.com/uga,,,,,,,manual_ticker_override,,,True
UITB,VictoryShares Core Intermediate Bond ETF,not_determined,management_style_evidence_1.1,S000065160,non_index_management_identified,high,sec_ncen_c3,SEC N-CEN C.3 does not identify the series as an index fund; the filing alone does not distinguish discretionary from rules-based management,https://www.sec.gov/Archives/edgar/data/1547580/000100472625001640/0001004726-25-001640-index.html,2025q4_ncen.zip,0001004726-25-001640,S000065160,VictoryShares Core Intermediate Bond ETF,Y,,series_id,1.0,,True
UIVM,VictoryShares International Value Momentum ETF,systematic_or_rules_based,management_style_evidence_1.1,S000065157,index_passive_identified,high,sec_ncen_c3,SEC N-CEN C.3 identifies the series as an index fund,https://www.sec.gov/Archives/edgar/data/1547580/000100472625001640/0001004726-25-001640-index.html,2025q4_ncen.zip,0001004726-25-001640,S000065157,VictoryShares International Value Momentum ETF,Y,Y,series_id,1.0,,True
ULST,State Street Ultra Short Term Bond ETF,not_determined,management_style_evidence_1.1,,non_index_management_identified,high,sec_ncen_c3,SEC N-CEN C.3 does not identify the series as an index fund; the filing alone does not distinguish discretionary from rules-based management,https://www.sec.gov/Archives/edgar/data/1516212/000175272425214851/0001752724-25-214851-index.html,2025q3_ncen.zip,0001752724-25-214851,S000038607,SPDR SSGA Ultra Short Term Bond ETF,Y,,ticker,0.7540983606557377,,True
ULVM,VictoryShares US Value Momentum ETF,systematic_or_rules_based,management_style_evidence_1.1,S000065156,index_passive_identified,high,sec_ncen_c3,SEC N-CEN C.3 identifies the series as an index fund,https://www.sec.gov/Archives/edgar/data/1547580/000100472625001640/0001004726-25-001640-index.html,2025q4_ncen.zip,0001004726-25-001640,S000065156,VictoryShares US Value Momentum ETF,Y,Y,series_id,1.0,,True
UMI,USCF Midstream Energy Income Fund ETF,not_determined,management_style_evidence_1.1,S000071002,non_index_management_identified,high,sec_ncen_c3,SEC N-CEN C.3 does not identify the series as an index fund; the filing alone does not distinguish discretionary from rules-based management,https://www.sec.gov/Archives/edgar/data/1597389/000175272425213619/0001752724-25-213619-index.html,2025q3_ncen.zip,0001752724-25-213619,S000071002,USCF Midstream Energy Income Fund,Y,,series_id,0.90625,,True
UMMA,Wahed Dow Jones Islamic World ETF,index_passive_identified,management_style_evidence_1.1,S000074340,active_identified,high,primary_source_override,SEC annual filing explicitly identifies UMMA as an actively managed ETF,https://www.sec.gov/Archives/edgar/data/1683471/000113322826011200/we-efp26371_ncsr.htm,,,,,,,manual_ticker_override,,UMMA seeks returns similar to an index but is legally and operationally actively managed.,True
UNG,United States Natural Gas Fund LP,not_determined,management_style_evidence_1.1,,systematic_or_rules_based,high,primary_source_override,Issuer describes rules-governed benchmark exposure through natural-gas futures,https://www.uscfinvestments.com/ung,,,,,,,manual_ticker_override,,,True
UNL,United States 12 Month Natural Gas Fund,not_determined,management_style_evidence_1.1,,systematic_or_rules_based,high,primary_source_override,Issuer describes rules-governed benchmark exposure through a 12-month natural-gas futures basket,https://www.uscfinvestments.com/unl,,,,,,,manual_ticker_override,,,True
UPAR,UPAR Ultra Risk Parity ETF,not_determined,management_style_evidence_1.1,S000074863,non_index_management_identified,high,sec_ncen_c3,SEC N-CEN C.3 does not identify the series as an index fund; the filing alone does not distinguish discretionary from rules-based management,https://www.sec.gov/Archives/edgar/data/1742912/000199937126005610/0001999371-26-005610-index.html,2026q1_ncen.zip,0001999371-26-005610,S000074863,UPAR Ultra Risk Parity ETF,Y,,series_id,1.0,,True
UPGD,Invesco Bloomberg Analyst Rating Improvers ETF,index_passive_identified,management_style_evidence_1.1,,index_passive_identified,high,sec_ncen_c3,SEC N-CEN C.3 identifies the series as an index fund,https://www.sec.gov/Archives/edgar/data/1209466/000175272425166789/0001752724-25-166789-index.html,2025q3_ncen.zip,0001752724-25-166789,S000060806,Invesco Bloomberg Analyst Rating Improvers ETF,Y,Y,ticker,1.0,,False
URA,Global X Uranium ETF,not_determined,management_style_evidence_1.1,S000029442,index_passive_identified,high,sec_ncen_c3,SEC N-CEN C.3 identifies the series as an index fund,https://www.sec.gov/Archives/edgar/data/1432353/000204825126001907/0002048251-26-001907-index.html,2026q1_ncen.zip,0002048251-26-001907,S000029442,Global X Uranium ETF,Y,Y,series_id,1.0,,True
URNM,Sprott Uranium Miners ETF,not_determined,management_style_evidence_1.1,S000066759,index_passive_identified,high,sec_ncen_c3,SEC N-CEN C.3 identifies the series as an index fund,https://www.sec.gov/Archives/edgar/data/1728683/000104916926000822/0001049169-26-000822-index.html,2026q1_ncen.zip,0001049169-26-000822,S000075060,Sprott Uranium Miners ETF,Y,Y,ticker,1.0,,True
URTH,iShares MSCI World ETF,index_passive_identified,management_style_evidence_1.1,S000035395,index_passive_identified,high,sec_ncen_c3,SEC N-CEN C.3 identifies the series as an index fund,https://www.sec.gov/Archives/edgar/data/930667/000141036825023226/0001410368-25-023226-index.html,2025q4_ncen.zip,0001410368-25-023226,S000035395,iShares MSCI World ETF,Y,Y,series_id,1.0,,False
USAI,Pacer American Energy Infrastructure ETF,not_determined,management_style_evidence_1.1,S000067253,index_passive_identified,high,sec_ncen_c3,SEC N-CEN C.3 identifies the series as an index fund,https://www.sec.gov/Archives/edgar/data/1616668/000089418926000408/0000894189-26-000408-index.html,2026q1_ncen.zip,0000894189-26-000408,S000067253,Pacer American Energy Indepedence ETF,Y,Y,series_id,0.7536231884057971,,True
USCI,United States Commodity Index Fund ETV,index_passive_identified,management_style_evidence_1.1,,index_passive_identified,high,primary_source_override,Issuer states that daily NAV changes seek to reflect the rules-based SummerHaven Dynamic Commodity Index Total Return less expenses,https://www.uscfinvestments.com/usci,,,,,,,manual_ticker_override,,Commodity-pool exchange-traded security; index objective is explicit.,False
USDU,WisdomTree Bloomberg U.S. Dollar Bullish Fund,index_passive_identified,management_style_evidence_1.1,S000042991,active_identified,high,primary_source_override,SEC filing states that USDU is actively managed using proprietary investment strategies and processes,https://www.sec.gov/Archives/edgar/data/1350487/000121465925018684/R5.htm,,,,,,,manual_ticker_override,,The Bloomberg index is a performance objective and comparator rather than a replicated mandate.,True
USFR,WisdomTree Floating Rate Treasury Fund,not_determined,management_style_evidence_1.1,S000043966,index_passive_identified,high,sec_ncen_c3,SEC N-CEN C.3 identifies the series as an index fund,https://www.sec.gov/Archives/edgar/data/1350487/000094040025005898/0000940400-25-005898-index.html,2025q4_ncen.zip,0000940400-25-005898,S000043966,WisdomTree Floating Rate Treasury Fund,Y,Y,series_id,1.0,,True
USG,USCF Gold Strategy Plus Income Fund,not_determined,management_style_evidence_1.1,,non_index_management_identified,high,sec_ncen_c3,SEC N-CEN C.3 does not identify the series as an index fund; the filing alone does not distinguish discretionary from rules-based management,https://www.sec.gov/Archives/edgar/data/1597389/000175272425213619/0001752724-25-213619-index.html,2025q3_ncen.zip,0001752724-25-213619,S000072135,USCF Gold Strategy Plus Income Fund,Y,,ticker,1.0,,True
USHY,iShares Broad USD High Yield Corporate Bond ETF,not_determined,management_style_evidence_1.1,S000059297,index_passive_identified,high,sec_ncen_c3,SEC N-CEN C.3 identifies the series as an index fund,https://www.sec.gov/Archives/edgar/data/1100663/000141036826001031/0001410368-26-001031-index.html,2026q1_ncen.zip,0001410368-26-001031,S000059297,iShares Broad USD High Yield Corporate Bond ETF,Y,Y,series_id,1.0,,True
USIG,iShares Broad USD Investment Grade Corporate Bond ETF,not_determined,management_style_evidence_1.1,,index_passive_identified,high,sec_ncen_c3,SEC N-CEN C.3 identifies the series as an index fund,https://www.sec.gov/Archives/edgar/data/1100663/000141036826044733/0001410368-26-044733-index.html,2026q2_ncen.zip,0001410368-26-044733,S000013699,iShares Broad USD Investment Grade Corporate Bond ETF,Y,Y,ticker,1.0,,True
USL,United States 12 Month Oil,not_determined,management_style_evidence_1.1,,systematic_or_rules_based,high,primary_source_override,Issuer describes rules-governed benchmark exposure through a 12-month oil-futures basket,https://www.uscfinvestments.com/resources/usl,,,,,,,manual_ticker_override,,,True
USMC,Principal U.S. Mega-Cap ETF,not_determined,management_style_evidence_1.1,S000059183,non_index_management_identified,high,sec_ncen_c3,SEC N-CEN C.3 does not identify the series as an index fund; the filing alone does not distinguish discretionary from rules-based management,https://www.sec.gov/Archives/edgar/data/1572661/000175272425214090/0001752724-25-214090-index.html,2025q3_ncen.zip,0001752724-25-214090,S000059183,Principal U.S. Mega-Cap ETF,Y,,series_id,1.0,,True
USMF,WisdomTree U.S. Multifactor Fund,systematic_or_rules_based,management_style_evidence_1.1,S000058010,index_passive_identified,high,sec_ncen_c3,SEC N-CEN C.3 identifies the series as an index fund,https://www.sec.gov/Archives/edgar/data/1350487/000094040026023461/0000940400-26-023461-index.html,2026q2_ncen.zip,0000940400-26-023461,S000058010,WisdomTree U.S. Multifactor Fund,Y,Y,series_id,1.0,,True
USMV,iShares MSCI USA Min Vol Factor ETF,systematic_or_rules_based,management_style_evidence_1.1,S000031838,index_passive_identified,high,sec_ncen_c3,SEC N-CEN C.3 identifies the series as an index fund,https://www.sec.gov/Archives/edgar/data/1100663/000141036825014340/0001410368-25-014340-index.html,2025q4_ncen.zip,0001410368-25-014340,S000031838,iShares MSCI USA Min Vol Factor ETF,Y,Y,series_id,1.0,,True
USO,United States Oil Fund,not_determined,management_style_evidence_1.1,,systematic_or_rules_based,high,primary_source_override,Issuer describes rules-governed benchmark exposure through oil futures,https://www.uscfinvestments.com/uso,,,,,,,manual_ticker_override,,,True
USOI,"ETRACS Crude Oil Shares Covered Call ETNs due April 24, 2037",not_determined,management_style_evidence_1.1,,not_applicable_security,high,primary_source_override,Issuer identifies an exchange-traded note linked to a crude-oil covered-call index,https://etracs.ubs.com/product/detail/index/ussymbol/USOI,,,,,,,manual_ticker_override,,Debt instrument: management-style taxonomy is not applicable.,True
USPX,Franklin U.S. Equity Index ETF,index_passive_identified,management_style_evidence_1.1,,index_passive_identified,high,sec_ncen_c3,SEC N-CEN C.3 identifies the series as an index fund,https://www.sec.gov/Archives/edgar/data/1655589/000094040026023418/0000940400-26-023418-index.html,2026q2_ncen.zip,0000940400-26-023418,S000053154,Franklin U.S. Equity Index ETF,Y,Y,ticker,1.0,,False
USRT,iShares Core U.S. REIT ETF,not_determined,management_style_evidence_1.1,,index_passive_identified,high,sec_ncen_c3,SEC N-CEN C.3 identifies the series as an index fund,https://www.sec.gov/Archives/edgar/data/1100663/000175272425166094/0001752724-25-166094-index.html,2025q3_ncen.zip,0001752724-25-166094,S000015627,iShares Core U.S. REIT ETF,Y,Y,ticker,1.0,,True
USSG,Xtrackers MSCI USA Selection Equity ETF,index_passive_identified,management_style_evidence_1.1,S000064994,index_passive_identified,high,sec_ncen_c3,SEC N-CEN C.3 identifies the series as an index fund,https://www.sec.gov/Archives/edgar/data/1503123/000094040025005824/0000940400-25-005824-index.html,2025q4_ncen.zip,0000940400-25-005824,S000064994,Xtrackers MSCI USA Selection Equity ETF,Y,Y,series_id,1.0,,False
USTB,VictoryShares Short-Term Bond ETF,not_determined,management_style_evidence_1.1,S000065159,non_index_management_identified,high,sec_ncen_c3,SEC N-CEN C.3 does not identify the series as an index fund; the filing alone does not distinguish discretionary from rules-based management,https://www.sec.gov/Archives/edgar/data/1547580/000100472625001640/0001004726-25-001640-index.html,2025q4_ncen.zip,0001004726-25-001640,S000065159,VictoryShares Short-Term Bond ETF,Y,,series_id,1.0,,True
USVM,VictoryShares US Small Mid Cap Value Momentum ETF,systematic_or_rules_based,management_style_evidence_1.1,S000065161,index_passive_identified,high,sec_ncen_c3,SEC N-CEN C.3 identifies the series as an index fund,https://www.sec.gov/Archives/edgar/data/1547580/000100472625001640/0001004726-25-001640-index.html,2025q4_ncen.zip,0001004726-25-001640,S000065161,VictoryShares US Small Mid Cap Value Momentum ETF,Y,Y,series_id,1.0,,True
USXF,iShares ESG Advanced MSCI USA ETF,systematic_or_rules_based,management_style_evidence_1.1,S000068775,index_passive_identified,high,sec_ncen_c3,SEC N-CEN C.3 identifies the series as an index fund,https://www.sec.gov/Archives/edgar/data/1100663/000141036825023225/0001410368-25-023225-index.html,2025q4_ncen.zip,0001410368-25-023225,S000068775,iShares ESG Advanced MSCI USA ETF,Y,Y,series_id,1.0,,True
UTES,Virtus Reaves Utilities ETF,not_determined,management_style_evidence_1.1,S000049397,non_index_management_identified,high,sec_ncen_c3,SEC N-CEN C.3 does not identify the series as an index fund; the filing alone does not distinguish discretionary from rules-based management,https://www.sec.gov/Archives/edgar/data/1559109/000094040025003131/0000940400-25-003131-index.html,2025q4_ncen.zip,0000940400-25-003131,S000049397,Virtus Reaves Utilities ETF,Y,,series_id,1.0,,True
UUP,Invesco DB USD Index Bullish Fund ETF,index_passive_identified,management_style_evidence_1.1,,index_passive_identified,high,primary_source_override,Issuer identifies UUP as a DB US Dollar index fund and states that the licensed index is calculated independently,https://www.invesco.com/us/en/accounts/tax-center/etf-tax-center.html,,,,,,,manual_ticker_override,,Commodity-pool exchange-traded product; index objective is explicit.,False
VABS,Virtus Newfleet ABS/MBS ETF,not_determined,management_style_evidence_1.1,S000070567,non_index_management_identified,high,sec_ncen_c3,SEC N-CEN C.3 does not identify the series as an index fund; the filing alone does not distinguish discretionary from rules-based management,https://www.sec.gov/Archives/edgar/data/1648403/000094040025003130/0000940400-25-003130-index.html,2025q4_ncen.zip,0000940400-25-003130,S000070567,Virtus Newfleet ABS/MBS ETF,Y,,series_id,1.0,,True
VALQ,American Century U.S. Quality Value ETF,systematic_or_rules_based,management_style_evidence_1.1,S000060786,index_passive_identified,high,sec_ncen_c3,SEC N-CEN C.3 identifies the series as an index fund,https://www.sec.gov/Archives/edgar/data/1710607/000114554924068816/0001145549-24-068816-index.html,2024q4_ncen.zip,0001145549-24-068816,S000060786,American Century U.S. Quality Value ETF,Y,Y,series_id,1.0,,True
VAMO,Cambria Value and Momentum ETF,systematic_or_rules_based,management_style_evidence_1.1,S000043319,active_identified,high,primary_source_override,Issuer prospectus identifies Cambria as investment manager of the non-index VAMO strategy,https://cambriafunds.com/assets/docs/Cambria_Prospectus.pdf,,,,,,,manual_ticker_override,,,True
VAW,Vanguard Materials ETF,not_determined,management_style_evidence_1.1,S000004441,index_passive_identified,high,sec_ncen_c3,SEC N-CEN C.3 identifies the series as an index fund,https://www.sec.gov/Archives/edgar/data/52848/000005284825000301/0000052848-25-000301-index.html,2025q4_ncen.zip,0000052848-25-000301,S000004441,VANGUARD MATERIALS INDEX FUND,Y,Y,series_id,0.8780487804878049,,True
VB,Vanguard Morningstar Small-Cap ETF,index_passive_identified,management_style_evidence_1.1,S000002845,index_passive_identified,high,sec_ncen_c3,SEC N-CEN C.3 identifies the series as an index fund,https://www.sec.gov/Archives/edgar/data/36405/000003640526000103/0000036405-26-000103-index.html,2026q1_ncen.zip,0000036405-26-000103,S000002845,VANGUARD SMALL-CAP INDEX FUND,Y,Y,series_id,0.68,,False
VBK,Vanguard Morningstar Small-Cap Growth ETF,systematic_or_rules_based,management_style_evidence_1.1,S000002846,index_passive_identified,high,sec_ncen_c3,SEC N-CEN C.3 identifies the series as an index fund,https://www.sec.gov/Archives/edgar/data/36405/000003640526000103/0000036405-26-000103-index.html,2026q1_ncen.zip,0000036405-26-000103,S000002846,VANGUARD SMALL-CAP GROWTH INDEX FUND,Y,Y,series_id,0.7419354838709677,,True
VBND,Vident U.S. Bond Strategy ETF,not_determined,management_style_evidence_1.1,S000046801,non_index_management_identified,high,sec_ncen_c3,SEC N-CEN C.3 does not identify the series as an index fund; the filing alone does not distinguish discretionary from rules-based management,https://www.sec.gov/Archives/edgar/data/1540305/000089418926000095/0000894189-26-000095-index.html,2026q1_ncen.zip,0000894189-26-000095,S000046801,Vident U.S. Bond Strategy ETF,Y,,series_id,1.0,,True
VBR,Vanguard Morningstar Small-Cap Value ETF,systematic_or_rules_based,management_style_evidence_1.1,S000002847,index_passive_identified,high,sec_ncen_c3,SEC N-CEN C.3 identifies the series as an index fund,https://www.sec.gov/Archives/edgar/data/36405/000003640526000103/0000036405-26-000103-index.html,2026q1_ncen.zip,0000036405-26-000103,S000002847,VANGUARD SMALL-CAP VALUE INDEX FUND,Y,Y,series_id,0.7333333333333333,,True
VCAR,Simplify Volt RoboCar Disruption and Tech ETF,not_determined,management_style_evidence_1.1,S000070133,non_index_management_identified,high,sec_ncen_c3,SEC N-CEN C.3 does not identify the series as an index fund; the filing alone does not distinguish discretionary from rules-based management,https://www.sec.gov/Archives/edgar/data/1810747/000175272424203554/0001752724-24-203554-index.html,2024q3_ncen.zip,0001752724-24-203554,S000070133,Simplify Volt RoboCar Disruption and Tech ETF,Y,,series_id,1.0,,True
VCEB,Vanguard ESG U.S. Corporate Bond ETF,systematic_or_rules_based,management_style_evidence_1.1,S000069584,index_passive_identified,high,sec_ncen_c3,SEC N-CEN C.3 identifies the series as an index fund,https://www.sec.gov/Archives/edgar/data/52848/000005284825000301/0000052848-25-000301-index.html,2025q4_ncen.zip,0000052848-25-000301,S000069584,VANGUARD ESG U.S. CORPORATE BOND ETF,Y,Y,series_id,1.0,,True
VCIT,Vanguard Intermediate-Term Corporate Bond ETF,not_determined,management_style_evidence_1.1,S000026863,index_passive_identified,high,sec_ncen_c3,SEC N-CEN C.3 identifies the series as an index fund,https://www.sec.gov/Archives/edgar/data/1021882/000102188225000227/0001021882-25-000227-index.html,2025q4_ncen.zip,0001021882-25-000227,S000026863,VANGUARD INTERMEDIATE-TERM CORPORATE BOND INDEX FUND,Y,Y,series_id,0.9382716049382716,,True
VCLN,Virtus Duff & Phelps Clean Energy ETF,not_determined,management_style_evidence_1.1,S000072510,non_index_management_identified,high,sec_ncen_c3,SEC N-CEN C.3 does not identify the series as an index fund; the filing alone does not distinguish discretionary from rules-based management,https://www.sec.gov/Archives/edgar/data/1648403/000094040025003130/0000940400-25-003130-index.html,2025q4_ncen.zip,0000940400-25-003130,S000072510,Virtus Duff & Phelps Clean Energy ETF,Y,,series_id,1.0,,True
VCLT,Vanguard Long-Term Corporate Bond ETF,not_determined,management_style_evidence_1.1,S000026864,index_passive_identified,high,sec_ncen_c3,SEC N-CEN C.3 identifies the series as an index fund,https://www.sec.gov/Archives/edgar/data/1021882/000102188225000227/0001021882-25-000227-index.html,2025q4_ncen.zip,0001021882-25-000227,S000026864,VANGUARD LONG-TERM CORPORATE BOND INDEX FUND,Y,Y,series_id,0.9230769230769231,,True
VCR,Vanguard Consumer Discretion ETF,not_determined,management_style_evidence_1.1,S000004446,index_passive_identified,high,sec_ncen_c3,SEC N-CEN C.3 identifies the series as an index fund,https://www.sec.gov/Archives/edgar/data/52848/000005284825000301/0000052848-25-000301-index.html,2025q4_ncen.zip,0000052848-25-000301,S000004446,VANGUARD CONSUMER DISCRETIONARY INDEX FUND,Y,Y,series_id,0.8709677419354839,,True
VCSH,Vanguard Short-Term Corporate Bond ETF,not_determined,management_style_evidence_1.1,S000026862,index_passive_identified,high,sec_ncen_c3,SEC N-CEN C.3 identifies the series as an index fund,https://www.sec.gov/Archives/edgar/data/1021882/000102188225000227/0001021882-25-000227-index.html,2025q4_ncen.zip,0001021882-25-000227,S000026862,VANGUARD SHORT-TERM CORPORATE BOND INDEX FUND,Y,Y,series_id,0.9253731343283582,,True
VDC,Vanguard Consumer Staples ETF,not_determined,management_style_evidence_1.1,S000004447,index_passive_identified,high,sec_ncen_c3,SEC N-CEN C.3 identifies the series as an index fund,https://www.sec.gov/Archives/edgar/data/52848/000005284825000301/0000052848-25-000301-index.html,2025q4_ncen.zip,0000052848-25-000301,S000004447,VANGUARD CONSUMER STAPLES INDEX FUND,Y,Y,series_id,0.9056603773584906,,True
VDE,Vanguard Energy ETF,not_determined,management_style_evidence_1.1,S000004448,index_passive_identified,high,sec_ncen_c3,SEC N-CEN C.3 identifies the series as an index fund,https://www.sec.gov/Archives/edgar/data/52848/000005284825000301/0000052848-25-000301-index.html,2025q4_ncen.zip,0000052848-25-000301,S000004448,VANGUARD ENERGY INDEX FUND,Y,Y,series_id,0.8571428571428571,,True
VEA,Vanguard FTSE Developed Markets ETF,index_passive_identified,management_style_evidence_1.1,S000004386,index_passive_identified,high,sec_ncen_c3,SEC N-CEN C.3 identifies the series as an index fund,https://www.sec.gov/Archives/edgar/data/923202/000092320226000038/0000923202-26-000038-index.html,2026q1_ncen.zip,0000923202-26-000038,S000004386,VANGUARD DEVELOPED MARKETS INDEX FUND,Y,Y,series_id,0.847457627118644,,False
VEGA,AdvisorShares STAR Global Buy-Write ETF,active_identified,management_style_evidence_1.1,,active_identified,high,primary_source_override,Issuer includes VEGA in its official actively managed ETF lineup,https://insights.advisorshares.com/etf-fact-sheets,,,,,,,manual_ticker_override,,,False
VEGI,iShares MSCI Agriculture Producers ETF,index_passive_identified,management_style_evidence_1.1,S000035883,index_passive_identified,high,sec_ncen_c3,SEC N-CEN C.3 identifies the series as an index fund,https://www.sec.gov/Archives/edgar/data/930667/000141036825023226/0001410368-25-023226-index.html,2025q4_ncen.zip,0001410368-25-023226,S000035883,iShares MSCI Agriculture Producers ETF,Y,Y,series_id,1.0,,False
VEGN,US Vegan Climate ETF,not_determined,management_style_evidence_1.1,S000063769,index_passive_identified,high,sec_ncen_c3,SEC N-CEN C.3 identifies the series as an index fund,https://www.sec.gov/Archives/edgar/data/1540305/000114554924063838/0001145549-24-063838-index.html,2024q4_ncen.zip,0001145549-24-063838,S000063769,US Vegan Climate ETF,Y,Y,series_id,1.0,,True
VEU,Vanguard FTSE All World Ex US ETF,index_passive_identified,management_style_evidence_1.1,S000015871,index_passive_identified,high,sec_ncen_c3,SEC N-CEN C.3 identifies the series as an index fund,https://www.sec.gov/Archives/edgar/data/857489/000085748926000003/0000857489-26-000003-index.html,2026q1_ncen.zip,0000857489-26-000003,S000015871,VANGUARD FTSE ALL-WORLD EX-US INDEX FUND,Y,Y,series_id,0.9090909090909091,,False
VFH,Vanguard Financials ETF,not_determined,management_style_evidence_1.1,S000004449,index_passive_identified,high,sec_ncen_c3,SEC N-CEN C.3 identifies the series as an index fund,https://www.sec.gov/Archives/edgar/data/52848/000005284825000301/0000052848-25-000301-index.html,2025q4_ncen.zip,0000052848-25-000301,S000004449,VANGUARD FINANCIALS INDEX FUND,Y,Y,series_id,0.8837209302325582,,True
VFMF,Vanguard U.S. Multifactor ETF,systematic_or_rules_based,management_style_evidence_1.1,S000061310,active_identified,high,primary_source_override,Issuer identifies VFMF within its active factor ETF range,https://www.vanguard.com/pub/Pdf/p4419.pdf,,,,,,,manual_ticker_override,,Systematic implementation is a strategy attribute and does not negate the active management classification.,True
VFMO,Vanguard U.S. Momentum Factor ETF,systematic_or_rules_based,management_style_evidence_1.1,S000061302,active_identified,high,primary_source_override,Issuer explicitly labels VFMO active,https://advisors.vanguard.com/investments/products/new/vfmo/vanguard-us-momentum-factor-etf,,,,,,,manual_ticker_override,,Systematic implementation is a strategy attribute and does not negate the active management classification.,True
VFMV,Vanguard U.S. Minimum Volatility ETF,not_determined,management_style_evidence_1.1,S000061301,non_index_management_identified,high,sec_ncen_c3,SEC N-CEN C.3 does not identify the series as an index fund; the filing alone does not distinguish discretionary from rules-based management,https://www.sec.gov/Archives/edgar/data/105563/000010556326000071/0000105563-26-000071-index.html,2026q1_ncen.zip,0000105563-26-000071,S000061301,VANGUARD U.S. MINIMUM VOLATILITY ETF,Y,,series_id,1.0,,True
VFPAF,Vanguard Funds Public Limited Company - Vanguard FTSE Developed Asia Pacific ex Japan UCITS ETF,index_passive_identified,management_style_evidence_1.1,,index_passive_identified,high,primary_source_override,Issuer explicitly describes a passive indexing approach tracking the FTSE Developed Asia Pacific ex Japan Index,https://www.vanguard.co.uk/professional/product/etf/equity/9522/ftse-developed-asia-pacific-ex-japan-ucits-etf-distributing,,,,,,,manual_ticker_override,,Foreign OTC ticker for a UCITS share class; management classification follows the legal fund.,False
VFQY,Vanguard U.S. Quality Factor ETF,systematic_or_rules_based,management_style_evidence_1.1,S000061304,active_identified,high,primary_source_override,Issuer identifies VFQY within its active factor ETF range,https://www.vanguard.com/pub/Pdf/p4419.pdf,,,,,,,manual_ticker_override,,Systematic implementation is a strategy attribute and does not negate the active management classification.,True
VFVA,Vanguard U.S. Value Factor ETF,systematic_or_rules_based,management_style_evidence_1.1,S000061305,active_identified,high,primary_source_override,Issuer identifies VFVA within its active factor ETF range,https://www.vanguard.com/pub/Pdf/p4419.pdf,,,,,,,manual_ticker_override,,Systematic implementation is a strategy attribute and does not negate the active management classification.,True
VGIT,Vanguard Intermediate-Term Treasury ETF,not_determined,management_style_evidence_1.1,S000026860,index_passive_identified,high,sec_ncen_c3,SEC N-CEN C.3 identifies the series as an index fund,https://www.sec.gov/Archives/edgar/data/1021882/000102188225000227/0001021882-25-000227-index.html,2025q4_ncen.zip,0001021882-25-000227,S000026860,VANGUARD INTERMEDIATE-TERM TREASURY INDEX FUND,Y,Y,series_id,0.9295774647887324,,True
VGK,Vanguard FTSEEuropean ETF,not_determined,management_style_evidence_1.1,S000005787,index_passive_identified,high,sec_ncen_c3,SEC N-CEN C.3 identifies the series as an index fund,https://www.sec.gov/Archives/edgar/data/857489/000085748926000003/0000857489-26-000003-index.html,2026q1_ncen.zip,0000857489-26-000003,S000005787,VANGUARD EUROPEAN STOCK INDEX FUND,Y,Y,series_id,0.75,,True
VGLT,Vanguard Long-Term Treasury ETF,not_determined,management_style_evidence_1.1,S000026861,index_passive_identified,high,sec_ncen_c3,SEC N-CEN C.3 identifies the series as an index fund,https://www.sec.gov/Archives/edgar/data/1021882/000102188225000227/0001021882-25-000227-index.html,2025q4_ncen.zip,0001021882-25-000227,S000026861,VANGUARD LONG-TERM TREASURY INDEX FUND,Y,Y,series_id,0.9090909090909091,,True
VGSH,Vanguard Short-Term Treasury ETF,not_determined,management_style_evidence_1.1,S000026859,index_passive_identified,high,sec_ncen_c3,SEC N-CEN C.3 identifies the series as an index fund,https://www.sec.gov/Archives/edgar/data/1021882/000102188225000227/0001021882-25-000227-index.html,2025q4_ncen.zip,0001021882-25-000227,S000026859,VANGUARD SHORT-TERM TREASURY INDEX FUND,Y,Y,series_id,0.9122807017543859,,True
VGT,Vanguard Information Tech ETF,not_determined,management_style_evidence_1.1,S000004452,index_passive_identified,high,sec_ncen_c3,SEC N-CEN C.3 identifies the series as an index fund,https://www.sec.gov/Archives/edgar/data/52848/000005284825000301/0000052848-25-000301-index.html,2025q4_ncen.zip,0000052848-25-000301,S000004452,VANGUARD INFORMATION TECHNOLOGY INDEX FUND,Y,Y,series_id,0.8135593220338984,,True
VHT,Vanguard Health Care ETF,not_determined,management_style_evidence_1.1,S000004450,index_passive_identified,high,sec_ncen_c3,SEC N-CEN C.3 identifies the series as an index fund,https://www.sec.gov/Archives/edgar/data/52848/000005284825000301/0000052848-25-000301-index.html,2025q4_ncen.zip,0000052848-25-000301,S000004450,VANGUARD HEALTH CARE INDEX FUND,Y,Y,series_id,0.8837209302325582,,True
VICE,AdvisorShares Vice ETF,active_identified,management_style_evidence_1.1,,active_identified,high,primary_source_override,Issuer includes VICE in its official actively managed ETF lineup,https://insights.advisorshares.com/etf-fact-sheets,,,,,,,manual_ticker_override,,,False
VIDI,Vident International Equity Strategy ETF,not_determined,management_style_evidence_1.1,S000042078,index_passive_identified,high,sec_ncen_c3,SEC N-CEN C.3 identifies the series as an index fund,https://www.sec.gov/Archives/edgar/data/1540305/000089418926000095/0000894189-26-000095-index.html,2026q1_ncen.zip,0000894189-26-000095,S000042078,Vident International Equity Strategy ETF,Y,Y,series_id,1.0,,True
VIG,Vanguard Div Appreciation ETF,not_determined,management_style_evidence_1.1,S000011322,index_passive_identified,high,sec_ncen_c3,SEC N-CEN C.3 identifies the series as an index fund,https://www.sec.gov/Archives/edgar/data/734383/000073438326000090/0000734383-26-000090-index.html,2026q2_ncen.zip,0000734383-26-000090,S000011322,VANGUARD DIVIDEND APPRECIATION INDEX FUND,Y,Y,series_id,0.8275862068965517,,True
VIGI,Vanguard International Dividend Appreciation ETF,systematic_or_rules_based,management_style_evidence_1.1,S000051871,index_passive_identified,high,sec_ncen_c3,SEC N-CEN C.3 identifies the series as an index fund,https://www.sec.gov/Archives/edgar/data/1004655/000100465526000003/0001004655-26-000003-index.html,2026q1_ncen.zip,0001004655-26-000003,S000051871,VANGUARD INTERNATIONAL DIVIDEND APPRECIATION INDEX FUND,Y,Y,series_id,0.9438202247191011,,True
VIOG,Vanguard S&P Small-Cap 600 Growth ETF,systematic_or_rules_based,management_style_evidence_1.1,S000030018,index_passive_identified,high,sec_ncen_c3,SEC N-CEN C.3 identifies the series as an index fund,https://www.sec.gov/Archives/edgar/data/891190/000089119025000112/0000891190-25-000112-index.html,2025q4_ncen.zip,0000891190-25-000112,S000030018,VANGUARD S&P SMALL-CAP 600 GROWTH INDEX FUND,Y,Y,series_id,0.9180327868852459,,True
VIOO,Vanguard S&P Small-Cap 600 ETF,index_passive_identified,management_style_evidence_1.1,S000030017,index_passive_identified,high,sec_ncen_c3,SEC N-CEN C.3 identifies the series as an index fund,https://www.sec.gov/Archives/edgar/data/891190/000089119025000112/0000891190-25-000112-index.html,2025q4_ncen.zip,0000891190-25-000112,S000030017,VANGUARD S&P SMALL-CAP 600 INDEX FUND,Y,Y,series_id,0.8979591836734694,,False
VIOV,Vanguard S&P Small-Cap 600 Value ETF,systematic_or_rules_based,management_style_evidence_1.1,S000030019,index_passive_identified,high,sec_ncen_c3,SEC N-CEN C.3 identifies the series as an index fund,https://www.sec.gov/Archives/edgar/data/891190/000089119025000112/0000891190-25-000112-index.html,2025q4_ncen.zip,0000891190-25-000112,S000030019,VANGUARD S&P SMALL-CAP 600 VALUE INDEX FUND,Y,Y,series_id,0.9152542372881356,,True
VIS,Vanguard Industrials ETF,not_determined,management_style_evidence_1.1,S000004451,index_passive_identified,high,sec_ncen_c3,SEC N-CEN C.3 identifies the series as an index fund,https://www.sec.gov/Archives/edgar/data/52848/000005284825000301/0000052848-25-000301-index.html,2025q4_ncen.zip,0000052848-25-000301,S000004451,VANGUARD INDUSTRIALS INDEX FUND,Y,Y,series_id,0.8888888888888888,,True
VLU,State Street SPDR S&P 1500 Value Tilt ETF,systematic_or_rules_based,management_style_evidence_1.1,S000033831,index_passive_identified,high,sec_ncen_c3,SEC N-CEN C.3 identifies the series as an index fund,https://www.sec.gov/Archives/edgar/data/1064642/000141036826040180/0001410368-26-040180-index.html,2026q2_ncen.zip,0001410368-26-040180,S000033831,SPDR S&P 1500 Value Tilt ETF,Y,Y,series_id,0.6666666666666666,,True
VLUE,iShares MSCI USA Value Factor ETF,systematic_or_rules_based,management_style_evidence_1.1,S000040205,index_passive_identified,high,sec_ncen_c3,SEC N-CEN C.3 identifies the series as an index fund,https://www.sec.gov/Archives/edgar/data/1100663/000141036825014340/0001410368-25-014340-index.html,2025q4_ncen.zip,0001410368-25-014340,S000040205,iShares MSCI USA Value Factor ETF,Y,Y,series_id,1.0,,True
VMBS,Vanguard Mortgage-Backed Securities ETF,not_determined,management_style_evidence_1.1,S000026865,index_passive_identified,high,sec_ncen_c3,SEC N-CEN C.3 identifies the series as an index fund,https://www.sec.gov/Archives/edgar/data/1021882/000102188225000227/0001021882-25-000227-index.html,2025q4_ncen.zip,0001021882-25-000227,S000026865,VANGUARD MORTGAGE-BACKED SECURITIES INDEX FUND,Y,Y,series_id,0.9295774647887324,,True
VMOT,Alpha Architect Value Momentum Trend ETF,systematic_or_rules_based,management_style_evidence_1.1,S000057372,active_identified,high,primary_source_override,Issuer factsheet identifies VMOT as an active ETF with dynamic hedging,https://alphaarchitect.com/wp-content/uploads/compliance/etf/factsheets/VMOT_Factsheet.pdf,,,,,,,manual_ticker_override,,VMOT was renamed and retickered AAVM; the management framework remained active.,True
VNAM,Global X MSCI Vietnam ETF,index_passive_identified,management_style_evidence_1.1,S000074170,index_passive_identified,high,sec_ncen_c3,SEC N-CEN C.3 identifies the series as an index fund,https://www.sec.gov/Archives/edgar/data/1432353/000204825126001907/0002048251-26-001907-index.html,2026q1_ncen.zip,0002048251-26-001907,S000074170,Global X MSCI Vietnam ETF,Y,Y,series_id,1.0,,False
VNLA,Janus Henderson Short Duration Income ETF,not_determined,management_style_evidence_1.1,S000055281,non_index_management_identified,high,sec_ncen_c3,SEC N-CEN C.3 does not identify the series as an index fund; the filing alone does not distinguish discretionary from rules-based management,https://www.sec.gov/Archives/edgar/data/1500604/000207169126000114/0002071691-26-000114-index.html,2026q1_ncen.zip,0002071691-26-000114,S000055281,Janus Henderson Short Duration Income ETF,Y,,series_id,1.0,,True
VNM,VanEck Vietnam ETF,not_determined,management_style_evidence_1.1,S000022905,index_passive_identified,high,sec_ncen_c3,SEC N-CEN C.3 identifies the series as an index fund,https://www.sec.gov/Archives/edgar/data/1137360/000141036826024760/0001410368-26-024760-index.html,2026q1_ncen.zip,0001410368-26-024760,S000022905,VanEck Vietnam ETF,Y,Y,series_id,1.0,,True
VNQ,Vanguard Real Estate ETF,not_determined,management_style_evidence_1.1,S000002924,index_passive_identified,high,sec_ncen_c3,SEC N-CEN C.3 identifies the series as an index fund,https://www.sec.gov/Archives/edgar/data/734383/000073438326000090/0000734383-26-000090-index.html,2026q2_ncen.zip,0000734383-26-000090,S000002924,VANGUARD REAL ESTATE INDEX FUND,Y,Y,series_id,0.8837209302325582,,True
VNQI,Vanguard Global ex-U.S. Real Estate ETF,not_determined,management_style_evidence_1.1,S000030007,index_passive_identified,high,sec_ncen_c3,SEC N-CEN C.3 identifies the series as an index fund,https://www.sec.gov/Archives/edgar/data/857489/000085748926000003/0000857489-26-000003-index.html,2026q1_ncen.zip,0000857489-26-000003,S000030007,VANGUARD GLOBAL EX-U.S. REAL ESTATE INDEX FUND,Y,Y,series_id,0.9206349206349206,,True
VNSE,Natixis Vaughan Nelson Select ETF,not_determined,management_style_evidence_1.1,S000068960,non_index_management_identified,high,sec_ncen_c3,SEC N-CEN C.3 does not identify the series as an index fund; the filing alone does not distinguish discretionary from rules-based management,https://www.sec.gov/Archives/edgar/data/1728860/000141036826026197/0001410368-26-026197-index.html,2026q1_ncen.zip,0001410368-26-026197,S000068960,Natixis Vaughan Nelson Select ETF,Y,,series_id,1.0,,True
VO,Vanguard Morningstar Mid-Cap ETF,index_passive_identified,management_style_evidence_1.1,S000002844,index_passive_identified,high,sec_ncen_c3,SEC N-CEN C.3 identifies the series as an index fund,https://www.sec.gov/Archives/edgar/data/36405/000003640526000103/0000036405-26-000103-index.html,2026q1_ncen.zip,0000036405-26-000103,S000002844,VANGUARD MID-CAP INDEX FUND,Y,Y,series_id,0.6521739130434783,,False
VOE,Vanguard Morningstar Mid-Cap Value ETF,systematic_or_rules_based,management_style_evidence_1.1,S000012757,index_passive_identified,high,sec_ncen_c3,SEC N-CEN C.3 identifies the series as an index fund,https://www.sec.gov/Archives/edgar/data/36405/000003640526000103/0000036405-26-000103-index.html,2026q1_ncen.zip,0000036405-26-000103,S000012757,VANGUARD MID-CAP VALUE INDEX FUND,Y,Y,series_id,0.7142857142857143,,True
VONE,Vanguard Russell 1000 ETF,index_passive_identified,management_style_evidence_1.1,S000030000,index_passive_identified,high,sec_ncen_c3,SEC N-CEN C.3 identifies the series as an index fund,https://www.sec.gov/Archives/edgar/data/1021882/000102188225000227/0001021882-25-000227-index.html,2025q4_ncen.zip,0001021882-25-000227,S000030000,VANGUARD RUSSELL 1000 INDEX FUND,Y,Y,series_id,0.8888888888888888,,False
VONG,Vanguard Russell 1000 Growth ETF,systematic_or_rules_based,management_style_evidence_1.1,S000030002,index_passive_identified,high,sec_ncen_c3,SEC N-CEN C.3 identifies the series as an index fund,https://www.sec.gov/Archives/edgar/data/1021882/000102188225000227/0001021882-25-000227-index.html,2025q4_ncen.zip,0001021882-25-000227,S000030002,VANGUARD RUSSELL 1000 GROWTH INDEX FUND,Y,Y,series_id,0.9122807017543859,,True
VONV,Vanguard Russell 1000 Value ETF,systematic_or_rules_based,management_style_evidence_1.1,S000030001,index_passive_identified,high,sec_ncen_c3,SEC N-CEN C.3 identifies the series as an index fund,https://www.sec.gov/Archives/edgar/data/1021882/000102188225000227/0001021882-25-000227-index.html,2025q4_ncen.zip,0001021882-25-000227,S000030001,VANGUARD RUSSELL 1000 VALUE INDEX FUND,Y,Y,series_id,0.9090909090909091,,True
VOO,Vanguard S&P 500 ETF,index_passive_identified,management_style_evidence_1.1,S000002839,index_passive_identified,high,sec_ncen_c3,SEC N-CEN C.3 identifies the series as an index fund,https://www.sec.gov/Archives/edgar/data/36405/000003640526000103/0000036405-26-000103-index.html,2026q1_ncen.zip,0000036405-26-000103,S000002839,VANGUARD 500 INDEX FUND,Y,Y,series_id,0.7741935483870968,,False
VOOG,Vanguard S&P 500 Growth ETF,systematic_or_rules_based,management_style_evidence_1.1,S000030012,index_passive_identified,high,sec_ncen_c3,SEC N-CEN C.3 identifies the series as an index fund,https://www.sec.gov/Archives/edgar/data/891190/000089119025000112/0000891190-25-000112-index.html,2025q4_ncen.zip,0000891190-25-000112,S000030012,VANGUARD S&P 500 GROWTH INDEX FUND,Y,Y,series_id,0.8888888888888888,,True
VOOV,Vanguard S&P 500 Value ETF,systematic_or_rules_based,management_style_evidence_1.1,S000030013,index_passive_identified,high,sec_ncen_c3,SEC N-CEN C.3 identifies the series as an index fund,https://www.sec.gov/Archives/edgar/data/891190/000089119025000112/0000891190-25-000112-index.html,2025q4_ncen.zip,0000891190-25-000112,S000030013,VANGUARD S&P 500 VALUE INDEX FUND,Y,Y,series_id,0.8837209302325582,,True
VOT,Vanguard Morningstar Mid-Cap Growth ETF,systematic_or_rules_based,management_style_evidence_1.1,S000012756,index_passive_identified,high,sec_ncen_c3,SEC N-CEN C.3 identifies the series as an index fund,https://www.sec.gov/Archives/edgar/data/36405/000003640526000103/0000036405-26-000103-index.html,2026q1_ncen.zip,0000036405-26-000103,S000012756,VANGUARD MID-CAP GROWTH INDEX FUND,Y,Y,series_id,0.7241379310344828,,True
VOTE,TCW Transform 500 ETF,not_determined,management_style_evidence_1.1,S000070743,index_passive_identified,high,sec_ncen_c3,SEC N-CEN C.3 identifies the series as an index fund,https://www.sec.gov/Archives/edgar/data/1831313/000141036826000567/0001410368-26-000567-index.html,2026q1_ncen.zip,0001410368-26-000567,S000070743,TCW Transform 500 ETF,Y,Y,series_id,1.0,,True
VOX,Vanguard Communication Services  ETF,not_determined,management_style_evidence_1.1,S000004443,index_passive_identified,high,sec_ncen_c3,SEC N-CEN C.3 identifies the series as an index fund,https://www.sec.gov/Archives/edgar/data/52848/000005284825000301/0000052848-25-000301-index.html,2025q4_ncen.zip,0000052848-25-000301,S000004443,VANGUARD COMMUNICATION SERVICES INDEX FUND,Y,Y,series_id,0.9230769230769231,,True
VPC,Virtus Private Credit Strategy ETF,not_determined,management_style_evidence_1.1,S000064727,index_passive_identified,high,sec_ncen_c3,SEC N-CEN C.3 identifies the series as an index fund,https://www.sec.gov/Archives/edgar/data/1559109/000094040026000209/0000940400-26-000209-index.html,2026q1_ncen.zip,0000940400-26-000209,S000064727,Virtus Private Credit Strategy ETF,Y,Y,series_id,1.0,,True
VPL,Vanguard FTSE Pacific ETF,index_passive_identified,management_style_evidence_1.1,S000005788,index_passive_identified,high,sec_ncen_c3,SEC N-CEN C.3 identifies the series as an index fund,https://www.sec.gov/Archives/edgar/data/857489/000085748926000003/0000857489-26-000003-index.html,2026q1_ncen.zip,0000857489-26-000003,S000005788,VANGUARD PACIFIC STOCK INDEX FUND,Y,Y,series_id,0.7391304347826086,,False
VPN,Global X Data Center REITs & Digital Infrastructure ETF,not_determined,management_style_evidence_1.1,S000069709,index_passive_identified,high,sec_ncen_c3,SEC N-CEN C.3 identifies the series as an index fund,https://www.sec.gov/Archives/edgar/data/1432353/000204825126001908/0002048251-26-001908-index.html,2026q1_ncen.zip,0002048251-26-001908,S000069709,Global X Data Center & Digital Infrastructure ETF,Y,Y,series_id,0.9425287356321839,,True
VPU,Vanguard Utilities ETF,not_determined,management_style_evidence_1.1,S000004445,index_passive_identified,high,sec_ncen_c3,SEC N-CEN C.3 identifies the series as an index fund,https://www.sec.gov/Archives/edgar/data/52848/000005284825000301/0000052848-25-000301-index.html,2025q4_ncen.zip,0000052848-25-000301,S000004445,VANGUARD UTILITIES INDEX FUND,Y,Y,series_id,0.8780487804878049,,True
VRAI,Virtus Real Asset Income ETF,not_determined,management_style_evidence_1.1,S000064728,index_passive_identified,high,sec_ncen_c3,SEC N-CEN C.3 identifies the series as an index fund,https://www.sec.gov/Archives/edgar/data/1559109/000094040026000209/0000940400-26-000209-index.html,2026q1_ncen.zip,0000940400-26-000209,S000064728,Virtus Real Asset Income ETF,Y,Y,series_id,1.0,,True
VRIG,Invesco Variable Rate Investment Grade ETF,not_determined,management_style_evidence_1.1,S000051678,non_index_management_identified,high,sec_ncen_c3,SEC N-CEN C.3 does not identify the series as an index fund; the filing alone does not distinguish discretionary from rules-based management,https://www.sec.gov/Archives/edgar/data/1418144/000141814426000002/0001418144-26-000002-index.html,2026q1_ncen.zip,0001418144-26-000002,S000051678,Invesco Variable Rate Investment Grade ETF,Y,,series_id,1.0,,True
VRP,Invesco Variable Rate Preferred ETF,not_determined,management_style_evidence_1.1,S000045020,index_passive_identified,high,sec_ncen_c3,SEC N-CEN C.3 identifies the series as an index fund,https://www.sec.gov/Archives/edgar/data/1378872/000137887225000490/0001378872-25-000490-index.html,2025q4_ncen.zip,0001378872-25-000490,S000045020,Invesco Variable Rate Preferred ETF,Y,Y,series_id,1.0,,True
VSDA,VictoryShares Dividend Accelerator ETF,systematic_or_rules_based,management_style_evidence_1.1,S000056886,index_passive_identified,high,sec_ncen_c3,SEC N-CEN C.3 identifies the series as an index fund,https://www.sec.gov/Archives/edgar/data/1547580/000100472625001640/0001004726-25-001640-index.html,2025q4_ncen.zip,0001004726-25-001640,S000056886,VictoryShares Dividend Accelerator ETF,Y,Y,series_id,1.0,,True
VSGX,Vanguard ESG International Stock ETF,systematic_or_rules_based,management_style_evidence_1.1,S000063074,index_passive_identified,high,sec_ncen_c3,SEC N-CEN C.3 identifies the series as an index fund,https://www.sec.gov/Archives/edgar/data/52848/000005284825000301/0000052848-25-000301-index.html,2025q4_ncen.zip,0000052848-25-000301,S000063074,VANGUARD ESG INTERNATIONAL STOCK ETF,Y,Y,series_id,1.0,,True
VSHY,Virtus Newfleet Short Duration High Yield Bond ETF,not_determined,management_style_evidence_1.1,,non_index_management_identified,high,sec_ncen_c3,SEC N-CEN C.3 does not identify the series as an index fund; the filing alone does not distinguish discretionary from rules-based management,https://www.sec.gov/Archives/edgar/data/1648403/000094040025003130/0000940400-25-003130-index.html,2025q4_ncen.zip,0000940400-25-003130,S000051570,Virtus Newfleet Short Duration High Yield Bond ETF,Y,,ticker,1.0,,True
VSLU,Applied Finance Valuation Large Cap ETF,not_determined,management_style_evidence_1.1,S000071288,non_index_management_identified,high,sec_ncen_c3,SEC N-CEN C.3 does not identify the series as an index fund; the filing alone does not distinguish discretionary from rules-based management,https://www.sec.gov/Archives/edgar/data/1771146/000089418926007941/0000894189-26-007941-index.html,2026q1_ncen.zip,0000894189-26-007941,S000071288,Applied Finance Valuation Large Cap ETF,Y,,series_id,1.0,,True
VSMV,VictoryShares US Multi-Factor Minimum Volatility ETF,systematic_or_rules_based,management_style_evidence_1.1,S000056883,index_passive_identified,high,sec_ncen_c3,SEC N-CEN C.3 identifies the series as an index fund,https://www.sec.gov/Archives/edgar/data/1547580/000100472625001640/0001004726-25-001640-index.html,2025q4_ncen.zip,0001004726-25-001640,S000056883,VictoryShares US Multi-Factor Minimum Volatility ETF,Y,Y,series_id,1.0,,True
VSS,Vanguard FTSE All-Wld ex-US SmCp Idx ETF,index_passive_identified,management_style_evidence_1.1,S000025074,index_passive_identified,high,sec_ncen_c3,SEC N-CEN C.3 identifies the series as an index fund,https://www.sec.gov/Archives/edgar/data/857489/000085748926000003/0000857489-26-000003-index.html,2026q1_ncen.zip,0000857489-26-000003,S000025074,VANGUARD FTSE ALL-WORLD EX-US SMALL-CAP INDEX FUND,Y,Y,series_id,0.7941176470588235,,False
VT,Vanguard Total World Stock Index ETF,index_passive_identified,management_style_evidence_1.1,S000022482,index_passive_identified,high,sec_ncen_c3,SEC N-CEN C.3 identifies the series as an index fund,https://www.sec.gov/Archives/edgar/data/857489/000085748926000003/0000857489-26-000003-index.html,2026q1_ncen.zip,0000857489-26-000003,S000022482,VANGUARD TOTAL WORLD STOCK INDEX FUND,Y,Y,series_id,0.8620689655172413,,False
VTC,Vanguard Total Corporate Bond ETF,not_determined,management_style_evidence_1.1,S000059555,index_passive_identified,high,sec_ncen_c3,SEC N-CEN C.3 identifies the series as an index fund,https://www.sec.gov/Archives/edgar/data/1021882/000102188225000227/0001021882-25-000227-index.html,2025q4_ncen.zip,0001021882-25-000227,S000059555,VANGUARD TOTAL CORPORATE BOND ETF,Y,Y,series_id,1.0,,True
VTEB,Vanguard Tax-Exempt Bond ETF,not_determined,management_style_evidence_1.1,S000048568,index_passive_identified,high,sec_ncen_c3,SEC N-CEN C.3 identifies the series as an index fund,https://www.sec.gov/Archives/edgar/data/225997/000022599726000004/0000225997-26-000004-index.html,2026q1_ncen.zip,0000225997-26-000004,S000048568,VANGUARD TAX-EXEMPT BOND INDEX FUND,Y,Y,series_id,0.8979591836734694,,True
VTHR,Vanguard Russell 3000 ETF,index_passive_identified,management_style_evidence_1.1,S000030006,index_passive_identified,high,sec_ncen_c3,SEC N-CEN C.3 identifies the series as an index fund,https://www.sec.gov/Archives/edgar/data/1021882/000102188225000227/0001021882-25-000227-index.html,2025q4_ncen.zip,0001021882-25-000227,S000030006,VANGUARD RUSSELL 3000 INDEX FUND,Y,Y,series_id,0.8888888888888888,,False
VTI,Vanguard Morningstar Total Stock Market ETF,index_passive_identified,management_style_evidence_1.1,S000002848,index_passive_identified,high,sec_ncen_c3,SEC N-CEN C.3 identifies the series as an index fund,https://www.sec.gov/Archives/edgar/data/36405/000003640526000103/0000036405-26-000103-index.html,2026q1_ncen.zip,0000036405-26-000103,S000002848,VANGUARD TOTAL STOCK MARKET INDEX FUND,Y,Y,series_id,0.7575757575757576,,False
VTIP,Vanguard Short-Term Inflation-Protected Securities Index Fund ETF Shares,index_passive_identified,management_style_evidence_1.1,S000038501,index_passive_identified,high,sec_ncen_c3,SEC N-CEN C.3 identifies the series as an index fund,https://www.sec.gov/Archives/edgar/data/836906/000083690625000268/0000836906-25-000268-index.html,2025q4_ncen.zip,0000836906-25-000268,S000038501,VANGUARD SHORT-TERM INFLATION-PROTECTED SECURITIES INDEX FUND,Y,Y,series_id,0.9423076923076923,,False
VTV,Vanguard Morningstar Value ETF,systematic_or_rules_based,management_style_evidence_1.1,S000002840,index_passive_identified,high,sec_ncen_c3,SEC N-CEN C.3 identifies the series as an index fund,https://www.sec.gov/Archives/edgar/data/36405/000003640526000103/0000036405-26-000103-index.html,2026q1_ncen.zip,0000036405-26-000103,S000002840,VANGUARD VALUE INDEX FUND,Y,Y,series_id,0.6363636363636364,,True
VTWG,Vanguard Russell 2000 Growth ETF,systematic_or_rules_based,management_style_evidence_1.1,S000030005,index_passive_identified,high,sec_ncen_c3,SEC N-CEN C.3 identifies the series as an index fund,https://www.sec.gov/Archives/edgar/data/1021882/000102188225000227/0001021882-25-000227-index.html,2025q4_ncen.zip,0001021882-25-000227,S000030005,VANGUARD RUSSELL 2000 GROWTH INDEX FUND,Y,Y,series_id,0.9122807017543859,,True
VTWO,Vanguard Russell 2000 ETF,index_passive_identified,management_style_evidence_1.1,S000030003,index_passive_identified,high,sec_ncen_c3,SEC N-CEN C.3 identifies the series as an index fund,https://www.sec.gov/Archives/edgar/data/1021882/000102188225000227/0001021882-25-000227-index.html,2025q4_ncen.zip,0001021882-25-000227,S000030003,VANGUARD RUSSELL 2000 INDEX FUND,Y,Y,series_id,0.8888888888888888,,False
VTWV,Vanguard Russell 2000 Value ETF,systematic_or_rules_based,management_style_evidence_1.1,S000030004,index_passive_identified,high,sec_ncen_c3,SEC N-CEN C.3 identifies the series as an index fund,https://www.sec.gov/Archives/edgar/data/1021882/000102188225000227/0001021882-25-000227-index.html,2025q4_ncen.zip,0001021882-25-000227,S000030004,VANGUARD RUSSELL 2000 VALUE INDEX FUND,Y,Y,series_id,0.9090909090909091,,True
VUG,Vanguard Morningstar Growth ETF,systematic_or_rules_based,management_style_evidence_1.1,S000002842,index_passive_identified,high,sec_ncen_c3,SEC N-CEN C.3 identifies the series as an index fund,https://www.sec.gov/Archives/edgar/data/36405/000003640526000103/0000036405-26-000103-index.html,2026q1_ncen.zip,0000036405-26-000103,S000002842,VANGUARD GROWTH INDEX FUND,Y,Y,series_id,0.6521739130434783,,True
VUSB,Vanguard Ultra-Short Bond ETF,not_determined,management_style_evidence_1.1,S000071399,non_index_management_identified,high,sec_ncen_c3,SEC N-CEN C.3 does not identify the series as an index fund; the filing alone does not distinguish discretionary from rules-based management,https://www.sec.gov/Archives/edgar/data/794105/000079410526000062/0000794105-26-000062-index.html,2026q1_ncen.zip,0000794105-26-000062,S000071399,VANGUARD ULTRA-SHORT BOND ETF,Y,,series_id,1.0,,True
VUSE,Vident U.S. Equity Strategy ETF,not_determined,management_style_evidence_1.1,S000043147,index_passive_identified,high,sec_ncen_c3,SEC N-CEN C.3 identifies the series as an index fund,https://www.sec.gov/Archives/edgar/data/1540305/000089418926000095/0000894189-26-000095-index.html,2026q1_ncen.zip,0000894189-26-000095,S000043147,Vident U.S. Equity Strategy ETF,Y,Y,series_id,1.0,,True
VV,Vanguard Morningstar Large-Cap ETF,index_passive_identified,management_style_evidence_1.1,S000002843,index_passive_identified,high,sec_ncen_c3,SEC N-CEN C.3 identifies the series as an index fund,https://www.sec.gov/Archives/edgar/data/36405/000003640526000103/0000036405-26-000103-index.html,2026q1_ncen.zip,0000036405-26-000103,S000002843,VANGUARD LARGE-CAP INDEX FUND,Y,Y,series_id,0.68,,False
VWO,Vanguard FTSE Emerging Markets ETF,index_passive_identified,management_style_evidence_1.1,S000005786,index_passive_identified,high,sec_ncen_c3,SEC N-CEN C.3 identifies the series as an index fund,https://www.sec.gov/Archives/edgar/data/857489/000085748926000003/0000857489-26-000003-index.html,2026q1_ncen.zip,0000857489-26-000003,S000005786,VANGUARD EMERGING MARKETS STOCK INDEX FUND,Y,Y,series_id,0.8064516129032258,,False
VWOB,Vanguard Emerging Markets Government Bond ETF,not_determined,management_style_evidence_1.1,S000040750,index_passive_identified,high,sec_ncen_c3,SEC N-CEN C.3 identifies the series as an index fund,https://www.sec.gov/Archives/edgar/data/1004655/000100465526000003/0001004655-26-000003-index.html,2026q1_ncen.zip,0001004655-26-000003,S000040750,VANGUARD EMERGING MARKETS GOVERNMENT BOND INDEX FUND,Y,Y,series_id,0.9382716049382716,,True
VXF,Vanguard Extended Market ETF,not_determined,management_style_evidence_1.1,S000002841,index_passive_identified,high,sec_ncen_c3,SEC N-CEN C.3 identifies the series as an index fund,https://www.sec.gov/Archives/edgar/data/36405/000003640526000103/0000036405-26-000103-index.html,2026q1_ncen.zip,0000036405-26-000103,S000002841,VANGUARD EXTENDED MARKET INDEX FUND,Y,Y,series_id,0.9019607843137255,,True
VXUS,Vanguard Total International Stock ETF,not_determined,management_style_evidence_1.1,S000002932,index_passive_identified,high,sec_ncen_c3,SEC N-CEN C.3 identifies the series as an index fund,https://www.sec.gov/Archives/edgar/data/736054/000073605426000003/0000736054-26-000003-index.html,2026q1_ncen.zip,0000736054-26-000003,S000002932,VANGUARD TOTAL INTERNATIONAL STOCK INDEX FUND,Y,Y,series_id,0.927536231884058,,True
VYM,Vanguard High Dividend Yield ETF,systematic_or_rules_based,management_style_evidence_1.1,S000014011,index_passive_identified,high,sec_ncen_c3,SEC N-CEN C.3 identifies the series as an index fund,https://www.sec.gov/Archives/edgar/data/1004655/000100465526000003/0001004655-26-000003-index.html,2026q1_ncen.zip,0001004655-26-000003,S000014011,VANGUARD HIGH DIVIDEND YIELD INDEX FUND,Y,Y,series_id,0.9122807017543859,,True
VYMI,Vanguard International High Dividend Yield ETF,systematic_or_rules_based,management_style_evidence_1.1,S000051872,index_passive_identified,high,sec_ncen_c3,SEC N-CEN C.3 identifies the series as an index fund,https://www.sec.gov/Archives/edgar/data/1004655/000100465526000003/0001004655-26-000003-index.html,2026q1_ncen.zip,0001004655-26-000003,S000051872,VANGUARD INTERNATIONAL HIGH DIVIDEND YIELD INDEX FUND,Y,Y,series_id,0.9397590361445783,,True
WBIF,WBI BullBear Value 3000 ETF,systematic_or_rules_based,management_style_evidence_1.1,S000044181,active_identified,high,primary_source_override,Issuer regulatory brochure states that WBI provides day-to-day portfolio management for its primarily actively managed ETFs,https://www.wbiinvestments.com/_files/ugd/c0ed08_e2ddb2c4cc93486cbb561ec3e919e8d5.pdf,,,,,,,manual_ticker_override,,,True
WBIG,WBI BullBear Yield 3000 ETF,not_determined,management_style_evidence_1.1,S000044182,non_index_management_identified,high,sec_ncen_c3,SEC N-CEN C.3 does not identify the series as an index fund; the filing alone does not distinguish discretionary from rules-based management,https://www.sec.gov/Archives/edgar/data/1591939/000089418926013988/0000894189-26-013988-index.html,2026q2_ncen.zip,0000894189-26-013988,S000044182,WBI BullBear Yield 3000 ETF,Y,,series_id,1.0,,True
WBIL,WBI BullBear Quality 3000 ETF,systematic_or_rules_based,management_style_evidence_1.1,S000044183,active_identified,high,primary_source_override,Issuer regulatory brochure states that WBI provides day-to-day portfolio management for its primarily actively managed ETFs,https://www.wbiinvestments.com/_files/ugd/c0ed08_e2ddb2c4cc93486cbb561ec3e919e8d5.pdf,,,,,,,manual_ticker_override,,,True
WBIY,WBI Power Factor High Dividend ETF,systematic_or_rules_based,management_style_evidence_1.1,S000055583,index_passive_identified,high,sec_ncen_c3,SEC N-CEN C.3 identifies the series as an index fund,https://www.sec.gov/Archives/edgar/data/1591939/000089418926013988/0000894189-26-013988-index.html,2026q2_ncen.zip,0000894189-26-013988,S000055583,WBI Power Factor High Dividend ETF,Y,Y,series_id,1.0,,True
WCBR,WisdomTree Cybersecurity Fund,not_determined,management_style_evidence_1.1,S000070495,index_passive_identified,high,sec_ncen_c3,SEC N-CEN C.3 identifies the series as an index fund,https://www.sec.gov/Archives/edgar/data/1350487/000094040025000407/0000940400-25-000407-index.html,2025q3_ncen.zip,0000940400-25-000407,S000070495,WisdomTree Cybersecurity Fund,Y,Y,series_id,1.0,,True
WCLD,WisdomTree Cloud Computing Fund,not_determined,management_style_evidence_1.1,S000066390,index_passive_identified,high,sec_ncen_c3,SEC N-CEN C.3 identifies the series as an index fund,https://www.sec.gov/Archives/edgar/data/1350487/000094040025000407/0000940400-25-000407-index.html,2025q3_ncen.zip,0000940400-25-000407,S000066390,WisdomTree Cloud Computing Fund,Y,Y,series_id,1.0,,True
WDIV,State Street SPDR S&P Global Dividend ETF,systematic_or_rules_based,management_style_evidence_1.1,,index_passive_identified,high,sec_ncen_c3,SEC N-CEN C.3 identifies the series as an index fund,https://www.sec.gov/Archives/edgar/data/1168164/000141036825034454/0001410368-25-034454-index.html,2025q4_ncen.zip,0001410368-25-034454,S000040740,SPDR S&P Global Dividend ETF,Y,Y,ticker,0.6764705882352942,,True
WDNA,WisdomTree BioRevolution Fund,not_determined,management_style_evidence_1.1,S000071961,index_passive_identified,high,sec_ncen_c3,SEC N-CEN C.3 identifies the series as an index fund,https://www.sec.gov/Archives/edgar/data/1350487/000094040025000407/0000940400-25-000407-index.html,2025q3_ncen.zip,0000940400-25-000407,S000071961,WisdomTree BioRevolution Fund,Y,Y,series_id,1.0,,True
WEAT,Teucrium Wheat Fund ETV,not_determined,management_style_evidence_1.1,,systematic_or_rules_based,high,primary_source_override,Issuer describes benchmark commodity exposure implemented through wheat futures,https://teucrium.com/weat,,,,,,,manual_ticker_override,,,True
WGMI,CoinShares Bitcoin Mining and Digital Power ETF,not_determined,management_style_evidence_1.1,S000075052,non_index_management_identified,high,sec_ncen_c3,SEC N-CEN C.3 does not identify the series as an index fund; the filing alone does not distinguish discretionary from rules-based management,https://www.sec.gov/Archives/edgar/data/1877493/000114554924078706/0001145549-24-078706-index.html,2024q4_ncen.zip,0001145549-24-078706,S000075052,Valkyrie Bitcoin Miners ETF,Y,,series_id,0.5423728813559322,,True
WINN,Harbor Long-Term Growers ETF,not_determined,management_style_evidence_1.1,S000075162,non_index_management_identified,high,sec_ncen_c3,SEC N-CEN C.3 does not identify the series as an index fund; the filing alone does not distinguish discretionary from rules-based management,https://www.sec.gov/Archives/edgar/data/1860434/000141036826000527/0001410368-26-000527-index.html,2026q1_ncen.zip,0001410368-26-000527,S000075162,Harbor Long-Term Growers ETF,Y,,series_id,1.0,,True
WIP,State Street SPDR FTSE International Government Inflation-Protected Bond ETF,index_passive_identified,management_style_evidence_1.1,S000018783,index_passive_identified,high,sec_ncen_c3,SEC N-CEN C.3 identifies the series as an index fund,https://www.sec.gov/Archives/edgar/data/1064642/000141036826023902/0001410368-26-023902-index.html,2026q1_ncen.zip,0001410368-26-023902,S000018783,SPDR(R) FTSE International Government Inflation-Protected Bond ETF,Y,Y,series_id,0.9032258064516129,,False
WLDR,Simplify Affinity World Leaders Equity ETF,not_determined,management_style_evidence_1.1,S000060111,index_passive_identified,high,sec_ncen_c3,SEC N-CEN C.3 identifies the series as an index fund,https://www.sec.gov/Archives/edgar/data/1552947/000091047226000300/0000910472-26-000300-index.html,2026q1_ncen.zip,0000910472-26-000300,S000060111,Affinity World Leaders Equity ETF,Y,Y,series_id,0.7837837837837838,,True
WLTG,WealthTrust DBS Long Term Growth ETF,systematic_or_rules_based,management_style_evidence_1.1,S000074455,active_identified,high,primary_source_override,Issuer states that the WLTG portfolio is actively managed using tactical allocation and quantitative security selection,https://wealthtrustetf.com/,,,,,,,manual_ticker_override,,,True
WOMN,Impact Shares Women's Empowerment ETF,not_determined,management_style_evidence_1.1,S000061285,index_passive_identified,high,sec_ncen_c3,SEC N-CEN C.3 identifies the series as an index fund,https://www.sec.gov/Archives/edgar/data/1722388/000200032425003627/0002000324-25-003627-index.html,2025q3_ncen.zip,0002000324-25-003627,S000061285,Impact Shares Women's Empowerment ETF,Y,Y,series_id,1.0,,True
WOOD,iShares Global Timber & Forestry ETF,not_determined,management_style_evidence_1.1,S000022500,index_passive_identified,high,sec_ncen_c3,SEC N-CEN C.3 identifies the series as an index fund,https://www.sec.gov/Archives/edgar/data/1100663/000100472626004646/0001004726-26-004646-index.html,2026q2_ncen.zip,0001004726-26-004646,S000022500,iShares Global Timber & Forestry ETF,Y,Y,series_id,1.0,,True
WRND,NYLIM Global Equity R&D Leaders ETF,not_determined,management_style_evidence_1.1,S000074744,index_passive_identified,high,sec_ncen_c3,SEC N-CEN C.3 identifies the series as an index fund,https://www.sec.gov/Archives/edgar/data/1415995/000175272425165942/0001752724-25-165942-index.html,2025q3_ncen.zip,0001752724-25-165942,S000074744,NYLI Global Equity R&D Leaders ETF,Y,Y,series_id,0.9824561403508771,,True
WTAI,WisdomTree Artificial Intelligence and Innovation Fund,not_determined,management_style_evidence_1.1,S000074466,index_passive_identified,high,sec_ncen_c3,SEC N-CEN C.3 identifies the series as an index fund,https://www.sec.gov/Archives/edgar/data/1350487/000094040025000407/0000940400-25-000407-index.html,2025q3_ncen.zip,0000940400-25-000407,S000074466,WisdomTree Artificial Intelligence and Innovation Fund,Y,Y,series_id,1.0,,True
WTMF,WisdomTree Managed Futures Strategy Fund,active_identified,management_style_evidence_1.1,S000026387,mixed_or_changed_mandate,high,primary_source_override,Issuer states that WTMF tracked the WisdomTree Managed Futures Index before changing to an active strategy on June 4 2021,https://www.wisdomtree.com/us/insights/blog/when-markets-zigzag-trend-followers-can-shine,,,,,,,manual_ticker_override,,History spans an index mandate before June 4 2021 and an active mandate afterward; exclude from whole-history active attribution.,True
WTPI,WisdomTree Equity Premium Income Fund,not_determined,management_style_evidence_1.1,S000048315,index_passive_identified,high,sec_ncen_c3,SEC N-CEN C.3 identifies the series as an index fund,https://www.sec.gov/Archives/edgar/data/1350487/000094040025005898/0000940400-25-005898-index.html,2025q4_ncen.zip,0000940400-25-005898,S000048315,WisdomTree Equity Premium Income Fund,Y,Y,series_id,1.0,,True
WTRE,WisdomTree New Economy Real Estate Fund,not_determined,management_style_evidence_1.1,S000015502,index_passive_identified,high,sec_ncen_c3,SEC N-CEN C.3 identifies the series as an index fund,https://www.sec.gov/Archives/edgar/data/1350487/000094040026023461/0000940400-26-023461-index.html,2026q2_ncen.zip,0000940400-26-023461,S000015502,WisdomTree New Economy Real Estate Fund,Y,Y,series_id,1.0,,True
WTV,WisdomTree U.S. Value Fund,systematic_or_rules_based,management_style_evidence_1.1,S000015479,mixed_or_changed_mandate,high,primary_source_override,Issuer documents current active management after an index-tracking mandate that ended December 18 2017,https://www.wisdomtree.com/us/insights/blog/revisiting-value-a-style-built-for-uncertainty,,,,,,,manual_ticker_override,,History spans an index mandate before December 18 2017 and an active mandate afterward; exclude from whole-history active attribution.,True
WUGI,AXS Esoterica NextG Economy ETF,not_determined,management_style_evidence_1.1,S000079287,non_index_management_identified,high,sec_ncen_c3,SEC N-CEN C.3 does not identify the series as an index fund; the filing alone does not distinguish discretionary from rules-based management,https://www.sec.gov/Archives/edgar/data/1587982/000119312526268843/0001193125-26-268843-index.html,2026q2_ncen.zip,0001193125-26-268843,S000079287,AXS Esoterica NextG Economy ETF,Y,,series_id,1.0,,True
WWJD,Inspire International ETF,not_determined,management_style_evidence_1.1,S000066581,index_passive_identified,high,sec_ncen_c3,SEC N-CEN C.3 identifies the series as an index fund,https://www.sec.gov/Archives/edgar/data/1644419/000091047226001324/0000910472-26-001324-index.html,2026q1_ncen.zip,0000910472-26-001324,S000066581,Inspire International ETF,Y,Y,series_id,1.0,,True
XAR,State Street SPDR S&P Aerospace & Defense ETF,index_passive_identified,management_style_evidence_1.1,S000012318,index_passive_identified,high,sec_ncen_c3,SEC N-CEN C.3 identifies the series as an index fund,https://www.sec.gov/Archives/edgar/data/1064642/000141036826040180/0001410368-26-040180-index.html,2026q2_ncen.zip,0001410368-26-040180,S000012318,SPDR(R) S&P(R) Aerospace & Defense ETF,Y,Y,series_id,0.7936507936507936,,False
XBI,State Street SPDR S&P Biotech ETF,index_passive_identified,management_style_evidence_1.1,S000010018,index_passive_identified,high,sec_ncen_c3,SEC N-CEN C.3 identifies the series as an index fund,https://www.sec.gov/Archives/edgar/data/1064642/000141036826040180/0001410368-26-040180-index.html,2026q2_ncen.zip,0001410368-26-040180,S000010018,SPDR(R) S&P(R) Biotech ETF,Y,Y,series_id,0.7111111111111111,,False
XCEM,Columbia EM Core ex-China ETF,not_determined,management_style_evidence_1.1,S000050481,index_passive_identified,high,sec_ncen_c3,SEC N-CEN C.3 identifies the series as an index fund,https://www.sec.gov/Archives/edgar/data/1450501/000141036826060043/0001410368-26-060043-index.html,2026q2_ncen.zip,0001410368-26-060043,S000050481,Columbia EM Core ex-China ETF,Y,Y,series_id,1.0,,True
XCLR,Global X S&P 500 Collar 95-110 ETF,index_passive_identified,management_style_evidence_1.1,S000072542,index_passive_identified,high,sec_ncen_c3,SEC N-CEN C.3 identifies the series as an index fund,https://www.sec.gov/Archives/edgar/data/1432353/000204825126001907/0002048251-26-001907-index.html,2026q1_ncen.zip,0002048251-26-001907,S000072542,Global X S&P 500 Collar 95-110 ETF,Y,Y,series_id,1.0,,False
XDAT,Franklin Exponential Data ETF,not_determined,management_style_evidence_1.1,S000070439,non_index_management_identified,high,sec_ncen_c3,SEC N-CEN C.3 does not identify the series as an index fund; the filing alone does not distinguish discretionary from rules-based management,https://www.sec.gov/Archives/edgar/data/1655589/000094040026023418/0000940400-26-023418-index.html,2026q2_ncen.zip,0000940400-26-023418,S000070439,Franklin Exponential Data ETF,Y,,series_id,1.0,,True
XDQQ,Innovator Growth Accelerated ETF - Quarterly,systematic_or_rules_based,management_style_evidence_1.1,,systematic_or_rules_based,medium,sec_ncen_c3,SEC N-CEN C.3 does not identify the series as an index fund; classification refined by transparent product-name evidence (strategy_name_identifies_rules_or_overlay),https://www.sec.gov/Archives/edgar/data/1415726/000089418926000385/0000894189-26-000385-index.html,2026q1_ncen.zip,0000894189-26-000385,S000070878,Innovator Growth Accelerated ETF - Quarterly,Y,,ticker,1.0,,False
XDSQ,Innovator U.S. Equity Accelerated ETF - Quarterly,not_determined,management_style_evidence_1.1,,systematic_or_rules_based,medium,sec_ncen_c3,SEC N-CEN C.3 does not identify the series as an index fund; classification refined by transparent product-name evidence (strategy_name_identifies_rules_or_overlay),https://www.sec.gov/Archives/edgar/data/1415726/000089418926000385/0000894189-26-000385-index.html,2026q1_ncen.zip,0000894189-26-000385,S000070879,Innovator U.S. Equity Accelerated ETF - Quarterly,Y,,ticker,1.0,,True
XES,State Street SPDR S&P Oil & Gas Equipment & Services ETF,index_passive_identified,management_style_evidence_1.1,S000012334,index_passive_identified,high,sec_ncen_c3,SEC N-CEN C.3 identifies the series as an index fund,https://www.sec.gov/Archives/edgar/data/1064642/000141036826040180/0001410368-26-040180-index.html,2026q2_ncen.zip,0001410368-26-040180,S000012334,SPDR(R) S&P(R) Oil & Gas Equipment & Services ETF,Y,Y,series_id,0.8311688311688312,,False
XHB,State Street SPDR S&P Homebuilders ETF,index_passive_identified,management_style_evidence_1.1,S000010019,index_passive_identified,high,sec_ncen_c3,SEC N-CEN C.3 identifies the series as an index fund,https://www.sec.gov/Archives/edgar/data/1064642/000141036826040180/0001410368-26-040180-index.html,2026q2_ncen.zip,0001410368-26-040180,S000010019,SPDR(R) S&P(R) Homebuilders ETF,Y,Y,series_id,0.7636363636363637,,False
XHE,State Street SPDR S&P Health Care Equipment ETF,index_passive_identified,management_style_evidence_1.1,S000012330,index_passive_identified,high,sec_ncen_c3,SEC N-CEN C.3 identifies the series as an index fund,https://www.sec.gov/Archives/edgar/data/1064642/000141036826040180/0001410368-26-040180-index.html,2026q2_ncen.zip,0001410368-26-040180,S000012330,SPDR(R) S&P(R) Health Care Equipment ETF,Y,Y,series_id,0.8115942028985508,,False
XHS,State Street SPDR S&P Health Care Services ETF,index_passive_identified,management_style_evidence_1.1,S000012331,index_passive_identified,high,sec_ncen_c3,SEC N-CEN C.3 identifies the series as an index fund,https://www.sec.gov/Archives/edgar/data/1064642/000141036826040180/0001410368-26-040180-index.html,2026q2_ncen.zip,0001410368-26-040180,S000012331,SPDR(R) S&P(R) Health Care Services ETF,Y,Y,series_id,0.8059701492537313,,False
XITK,State Street SPDR FactSet Innovative Technology ETF,not_determined,management_style_evidence_1.1,S000051577,index_passive_identified,high,sec_ncen_c3,SEC N-CEN C.3 identifies the series as an index fund,https://www.sec.gov/Archives/edgar/data/1064642/000141036826040180/0001410368-26-040180-index.html,2026q2_ncen.zip,0001410368-26-040180,S000051577,SPDR FactSet Innovative Technology ETF,Y,Y,series_id,0.7555555555555555,,True
XJH,iShares ESG Select Screened S&P Mid-Cap ETF,systematic_or_rules_based,management_style_evidence_1.1,S000069533,index_passive_identified,high,sec_ncen_c3,SEC N-CEN C.3 identifies the series as an index fund,https://www.sec.gov/Archives/edgar/data/1100663/000100472626004646/0001004726-26-004646-index.html,2026q2_ncen.zip,0001004726-26-004646,S000069533,iShares ESG Select Screened S&P Mid-Cap ETF,Y,Y,series_id,1.0,,True
XJR,iShares ESG Select Screened S&P Small-Cap ETF,systematic_or_rules_based,management_style_evidence_1.1,S000069536,index_passive_identified,high,sec_ncen_c3,SEC N-CEN C.3 identifies the series as an index fund,https://www.sec.gov/Archives/edgar/data/1100663/000100472626004646/0001004726-26-004646-index.html,2026q2_ncen.zip,0001004726-26-004646,S000069536,iShares ESG Select Screened S&P Small-Cap ETF,Y,Y,series_id,1.0,,True
XKFS,SPDR Kensho Future Security ETF,not_determined,management_style_evidence_1.1,S000059702,index_passive_identified,high,sec_ncen_c3,SEC N-CEN C.3 identifies the series as an index fund,https://www.sec.gov/Archives/edgar/data/1064642/000141036826040180/0001410368-26-040180-index.html,2026q2_ncen.zip,0001410368-26-040180,S000059702,SPDR S&P Kensho Future Security ETF,Y,Y,series_id,0.9642857142857143,,True
XKII,SPDR Kensho Intelligent Structures ETF,not_determined,management_style_evidence_1.1,S000059700,index_passive_identified,high,sec_ncen_c3,SEC N-CEN C.3 identifies the series as an index fund,https://www.sec.gov/Archives/edgar/data/1064642/000141036826040180/0001410368-26-040180-index.html,2026q2_ncen.zip,0001410368-26-040180,S000059700,SPDR S&P Kensho Intelligent Structures ETF,Y,Y,series_id,0.9714285714285714,,True
XKST,SPDR Kensho Smart Mobility ETF,not_determined,management_style_evidence_1.1,S000059701,index_passive_identified,high,sec_ncen_c3,SEC N-CEN C.3 identifies the series as an index fund,https://www.sec.gov/Archives/edgar/data/1064642/000141036826040180/0001410368-26-040180-index.html,2026q2_ncen.zip,0001410368-26-040180,S000059701,SPDR S&P Kensho Smart Mobility ETF,Y,Y,series_id,0.9629629629629629,,True
XLB,State Street Materials Select Sector SPDR ETF,not_determined,management_style_evidence_1.1,S000006414,index_passive_identified,high,sec_ncen_c3,SEC N-CEN C.3 identifies the series as an index fund,https://www.sec.gov/Archives/edgar/data/1064641/000141036825034452/0001410368-25-034452-index.html,2025q4_ncen.zip,0001410368-25-034452,S000006414,The Materials Select Sector SPDR Fund,Y,Y,series_id,0.7647058823529411,,True
XLC,State Street Communication Services Select Sector SPDR ETF,not_determined,management_style_evidence_1.1,S000062095,index_passive_identified,high,sec_ncen_c3,SEC N-CEN C.3 identifies the series as an index fund,https://www.sec.gov/Archives/edgar/data/1064641/000141036825034452/0001410368-25-034452-index.html,2025q4_ncen.zip,0001410368-25-034452,S000062095,The Communication Services Select Sector SPDR Fund,Y,Y,series_id,0.8260869565217391,,True
XLE,State Street Energy Select Sector SPDR ETF,not_determined,management_style_evidence_1.1,S000006410,index_passive_identified,high,sec_ncen_c3,SEC N-CEN C.3 identifies the series as an index fund,https://www.sec.gov/Archives/edgar/data/1064641/000141036825034452/0001410368-25-034452-index.html,2025q4_ncen.zip,0001410368-25-034452,S000006410,The Energy Select Sector SPDR Fund,Y,Y,series_id,0.7419354838709677,,True
XLF,State Street Financial Select Sector SPDR ETF,not_determined,management_style_evidence_1.1,S000006411,index_passive_identified,high,sec_ncen_c3,SEC N-CEN C.3 identifies the series as an index fund,https://www.sec.gov/Archives/edgar/data/1064641/000141036825034452/0001410368-25-034452-index.html,2025q4_ncen.zip,0001410368-25-034452,S000006411,The Financial Select Sector SPDR Fund,Y,Y,series_id,0.7647058823529411,,True
XLG,Invesco S&P 500 Top 50 ETF,index_passive_identified,management_style_evidence_1.1,S000060793,index_passive_identified,high,sec_ncen_c3,SEC N-CEN C.3 identifies the series as an index fund,https://www.sec.gov/Archives/edgar/data/1209466/000175272425166789/0001752724-25-166789-index.html,2025q3_ncen.zip,0001752724-25-166789,S000060793,Invesco S&P 500 Top 50 ETF,Y,Y,series_id,1.0,,False
XLI,State Street Industrial Select Sector SPDR ETF,not_determined,management_style_evidence_1.1,S000006413,index_passive_identified,high,sec_ncen_c3,SEC N-CEN C.3 identifies the series as an index fund,https://www.sec.gov/Archives/edgar/data/1064641/000141036825034452/0001410368-25-034452-index.html,2025q4_ncen.zip,0001410368-25-034452,S000006413,The Industrial Select Sector SPDR Fund,Y,Y,series_id,0.7714285714285715,,True
XLK,State Street Technology Select Sector SPDR ETF,not_determined,management_style_evidence_1.1,S000006415,index_passive_identified,high,sec_ncen_c3,SEC N-CEN C.3 identifies the series as an index fund,https://www.sec.gov/Archives/edgar/data/1064641/000141036825034452/0001410368-25-034452-index.html,2025q4_ncen.zip,0001410368-25-034452,S000006415,The Technology Select Sector SPDR Fund,Y,Y,series_id,0.7714285714285715,,True
XLP,State Street Consumer Staples Select Sector SPDR ETF,not_determined,management_style_evidence_1.1,S000006409,index_passive_identified,high,sec_ncen_c3,SEC N-CEN C.3 identifies the series as an index fund,https://www.sec.gov/Archives/edgar/data/1064641/000141036825034452/0001410368-25-034452-index.html,2025q4_ncen.zip,0001410368-25-034452,S000006409,The Consumer Staples Select Sector SPDR Fund,Y,Y,series_id,0.8,,True
XLRE,State Street Real Estate Select Sector SPDR ETF,not_determined,management_style_evidence_1.1,S000051152,index_passive_identified,high,sec_ncen_c3,SEC N-CEN C.3 identifies the series as an index fund,https://www.sec.gov/Archives/edgar/data/1064641/000141036825034452/0001410368-25-034452-index.html,2025q4_ncen.zip,0001410368-25-034452,S000051152,The Real Estate Select Sector SPDR Fund,Y,Y,series_id,0.7714285714285715,,True
XLSR,State Street US Sector Rotation ETF,systematic_or_rules_based,management_style_evidence_1.1,S000054091,active_identified,high,primary_source_override,Issuer includes XLSR in its official active ETF roster,https://www.ssga.com/us/en/intermediary/capabilities/active-etfs,,,,,,,manual_ticker_override,,,True
XLU,State Street Utilities Select Sector SPDR ETF,not_determined,management_style_evidence_1.1,S000006416,index_passive_identified,high,sec_ncen_c3,SEC N-CEN C.3 identifies the series as an index fund,https://www.sec.gov/Archives/edgar/data/1064641/000141036825034452/0001410368-25-034452-index.html,2025q4_ncen.zip,0001410368-25-034452,S000006416,The Utilities Select Sector SPDR Fund,Y,Y,series_id,0.7647058823529411,,True
XLV,State Street Health Care Select Sector SPDR ETF,not_determined,management_style_evidence_1.1,S000006412,index_passive_identified,high,sec_ncen_c3,SEC N-CEN C.3 identifies the series as an index fund,https://www.sec.gov/Archives/edgar/data/1064641/000141036825034452/0001410368-25-034452-index.html,2025q4_ncen.zip,0001410368-25-034452,S000006412,The Health Care Select Sector SPDR Fund,Y,Y,series_id,0.7714285714285715,,True
XLY,State Street Consumer Discretionary Select Sector SPDR ETF,not_determined,management_style_evidence_1.1,S000006408,index_passive_identified,high,sec_ncen_c3,SEC N-CEN C.3 identifies the series as an index fund,https://www.sec.gov/Archives/edgar/data/1064641/000141036825034452/0001410368-25-034452-index.html,2025q4_ncen.zip,0001410368-25-034452,S000006408,The Consumer Discretionary Select Sector SPDR Fund,Y,Y,series_id,0.8260869565217391,,True
XME,State Street SPDR S&P Metals & Mining ETF,index_passive_identified,management_style_evidence_1.1,S000012333,index_passive_identified,high,sec_ncen_c3,SEC N-CEN C.3 identifies the series as an index fund,https://www.sec.gov/Archives/edgar/data/1064642/000141036826040180/0001410368-26-040180-index.html,2026q2_ncen.zip,0001410368-26-040180,S000012333,SPDR(R) S&P(R) Metals & Mining ETF,Y,Y,series_id,0.7636363636363637,,False
XMHQ,Invesco S&P MidCap Quality ETF,systematic_or_rules_based,management_style_evidence_1.1,,index_passive_identified,high,sec_ncen_c3,SEC N-CEN C.3 identifies the series as an index fund,https://www.sec.gov/Archives/edgar/data/1209466/000175272425166789/0001752724-25-166789-index.html,2025q3_ncen.zip,0001752724-25-166789,S000013108,Invesco S&P MidCap Quality ETF,Y,Y,ticker,1.0,,True
XMLV,Invesco S&P MidCap Low Volatility ETF,systematic_or_rules_based,management_style_evidence_1.1,S000030966,index_passive_identified,high,sec_ncen_c3,SEC N-CEN C.3 identifies the series as an index fund,https://www.sec.gov/Archives/edgar/data/1378872/000137887225000490/0001378872-25-000490-index.html,2025q4_ncen.zip,0001378872-25-000490,S000030966,Invesco S&P MidCap Low Volatility ETF,Y,Y,series_id,1.0,,True
XMMO,Invesco S&P MidCap Momentum ETF,systematic_or_rules_based,management_style_evidence_1.1,,index_passive_identified,high,sec_ncen_c3,SEC N-CEN C.3 identifies the series as an index fund,https://www.sec.gov/Archives/edgar/data/1209466/000175272425166789/0001752724-25-166789-index.html,2025q3_ncen.zip,0001752724-25-166789,S000003056,Invesco S&P MidCap Momentum ETF,Y,Y,ticker,1.0,,True
XMPT,VanEck CEF Muni Income ETF,not_determined,management_style_evidence_1.1,S000032925,index_passive_identified,high,sec_ncen_c3,SEC N-CEN C.3 identifies the series as an index fund,https://www.sec.gov/Archives/edgar/data/1137360/000175272425165267/0001752724-25-165267-index.html,2025q3_ncen.zip,0001752724-25-165267,S000032925,VanEck CEF Muni Income ETF,Y,Y,series_id,1.0,,True
XMVM,Invesco S&P MidCap Value with Momentum ETF,systematic_or_rules_based,management_style_evidence_1.1,,index_passive_identified,high,sec_ncen_c3,SEC N-CEN C.3 identifies the series as an index fund,https://www.sec.gov/Archives/edgar/data/1209466/000175272425166789/0001752724-25-166789-index.html,2025q3_ncen.zip,0001752724-25-166789,S000003057,Invesco S&P MidCap Value with Momentum ETF,Y,Y,ticker,1.0,,True
XNTK,State Street SPDR NYSE Technology ETF,not_determined,management_style_evidence_1.1,,index_passive_identified,high,sec_ncen_c3,SEC N-CEN C.3 identifies the series as an index fund,https://www.sec.gov/Archives/edgar/data/1064642/000141036826040180/0001410368-26-040180-index.html,2026q2_ncen.zip,0001410368-26-040180,S000006980,SPDR(R) NYSE Technology ETF,Y,Y,ticker,0.7777777777777778,,True
XOP,State Street SPDR S&P Oil & Gas Exploration & Production ETF,index_passive_identified,management_style_evidence_1.1,S000012319,index_passive_identified,high,sec_ncen_c3,SEC N-CEN C.3 identifies the series as an index fund,https://www.sec.gov/Archives/edgar/data/1064642/000141036826040180/0001410368-26-040180-index.html,2026q2_ncen.zip,0001410368-26-040180,S000012319,SPDR(R) S&P(R) Oil & Gas Exploration & Production ETF,Y,Y,series_id,0.8470588235294118,,False
XOVR,ERShares Private-Public Crossover ETF,not_determined,management_style_evidence_1.1,S000036938,index_passive_identified,high,sec_ncen_c3,SEC N-CEN C.3 identifies the series as an index fund,https://www.sec.gov/Archives/edgar/data/1064642/000141036826040180/0001410368-26-040180-index.html,2026q2_ncen.zip,0001410368-26-040180,S000036938,SPDR Portfolio High Yield Bond ETF,Y,Y,series_id,0.39285714285714285,,True
XPH,State Street SPDR S&P Pharmaceuticals ETF,index_passive_identified,management_style_evidence_1.1,S000012321,index_passive_identified,high,sec_ncen_c3,SEC N-CEN C.3 identifies the series as an index fund,https://www.sec.gov/Archives/edgar/data/1064642/000141036826040180/0001410368-26-040180-index.html,2026q2_ncen.zip,0001410368-26-040180,S000012321,SPDR(R) S&P(R) Pharmaceuticals ETF,Y,Y,series_id,0.7868852459016393,,False
XPND,First Trust Expanded Technology ETF,not_determined,management_style_evidence_1.1,S000071978,non_index_management_identified,high,sec_ncen_c3,SEC N-CEN C.3 does not identify the series as an index fund; the filing alone does not distinguish discretionary from rules-based management,https://www.sec.gov/Archives/edgar/data/1667919/000094040025005820/0000940400-25-005820-index.html,2025q4_ncen.zip,0000940400-25-005820,S000071978,First Trust Expanded Technology ETF,Y,,series_id,1.0,,True
XRMI,Global X S&P 500 Risk Managed Income ETF,index_passive_identified,management_style_evidence_1.1,S000072541,index_passive_identified,high,sec_ncen_c3,SEC N-CEN C.3 identifies the series as an index fund,https://www.sec.gov/Archives/edgar/data/1432353/000204825126001907/0002048251-26-001907-index.html,2026q1_ncen.zip,0002048251-26-001907,S000072541,Global X S&P 500 Risk Managed Income ETF,Y,Y,series_id,1.0,,False
XRT,State Street SPDR S&P Retail ETF,index_passive_identified,management_style_evidence_1.1,S000012322,index_passive_identified,high,sec_ncen_c3,SEC N-CEN C.3 identifies the series as an index fund,https://www.sec.gov/Archives/edgar/data/1064642/000141036826040180/0001410368-26-040180-index.html,2026q2_ncen.zip,0001410368-26-040180,S000012322,SPDR(R) S&P(R) Retail ETF,Y,Y,series_id,0.6976744186046512,,False
XSD,State Street SPDR S&P Semiconductor ETF,index_passive_identified,management_style_evidence_1.1,S000010020,index_passive_identified,high,sec_ncen_c3,SEC N-CEN C.3 identifies the series as an index fund,https://www.sec.gov/Archives/edgar/data/1064642/000141036826040180/0001410368-26-040180-index.html,2026q2_ncen.zip,0001410368-26-040180,S000010020,SPDR(R) S&P(R) Semiconductor ETF,Y,Y,series_id,0.7719298245614035,,False
XSHD,Invesco S&P SmallCap High Dividend Low Volatility ETF,systematic_or_rules_based,management_style_evidence_1.1,S000055539,index_passive_identified,high,sec_ncen_c3,SEC N-CEN C.3 identifies the series as an index fund,https://www.sec.gov/Archives/edgar/data/1378872/000137887225000490/0001378872-25-000490-index.html,2025q4_ncen.zip,0001378872-25-000490,S000055539,Invesco S&P SmallCap High Dividend Low Volatility ETF,Y,Y,series_id,1.0,,True
XSHQ,Invesco S&P SmallCap Quality ETF,systematic_or_rules_based,management_style_evidence_1.1,S000056849,index_passive_identified,high,sec_ncen_c3,SEC N-CEN C.3 identifies the series as an index fund,https://www.sec.gov/Archives/edgar/data/1378872/000137887225000490/0001378872-25-000490-index.html,2025q4_ncen.zip,0001378872-25-000490,S000056849,Invesco S&P SmallCap Quality ETF,Y,Y,series_id,1.0,,True
XSLV,Invesco S&P SmallCap Low Volatility ETF,systematic_or_rules_based,management_style_evidence_1.1,S000030965,index_passive_identified,high,sec_ncen_c3,SEC N-CEN C.3 identifies the series as an index fund,https://www.sec.gov/Archives/edgar/data/1378872/000137887225000490/0001378872-25-000490-index.html,2025q4_ncen.zip,0001378872-25-000490,S000030965,Invesco S&P SmallCap Low Volatility ETF,Y,Y,series_id,1.0,,True
XSMO,Invesco S&P SmallCap Momentum ETF,systematic_or_rules_based,management_style_evidence_1.1,,index_passive_identified,high,sec_ncen_c3,SEC N-CEN C.3 identifies the series as an index fund,https://www.sec.gov/Archives/edgar/data/1209466/000175272425166789/0001752724-25-166789-index.html,2025q3_ncen.zip,0001752724-25-166789,S000003024,Invesco S&P SmallCap Momentum ETF,Y,Y,ticker,1.0,,True
XSOE,WisdomTree Emerging Markets Ex-State Owned Enterprises Fund,not_determined,management_style_evidence_1.1,S000046464,index_passive_identified,high,sec_ncen_c3,SEC N-CEN C.3 identifies the series as an index fund,https://www.sec.gov/Archives/edgar/data/1350487/000094040026023461/0000940400-26-023461-index.html,2026q2_ncen.zip,0000940400-26-023461,S000046464,WisdomTree Emerging Markets ex-State-Owned Enterprises Fund,Y,Y,series_id,1.0,,True
XSVM,Invesco S&P SmallCap Value with Momentum ETF,systematic_or_rules_based,management_style_evidence_1.1,,index_passive_identified,high,sec_ncen_c3,SEC N-CEN C.3 identifies the series as an index fund,https://www.sec.gov/Archives/edgar/data/1209466/000175272425166789/0001752724-25-166789-index.html,2025q3_ncen.zip,0001752724-25-166789,S000003025,Invesco S&P SmallCap Value with Momentum ETF,Y,Y,ticker,1.0,,True
XSW,State Street SPDR S&P Software & Services ETF,index_passive_identified,management_style_evidence_1.1,S000012329,index_passive_identified,high,sec_ncen_c3,SEC N-CEN C.3 identifies the series as an index fund,https://www.sec.gov/Archives/edgar/data/1064642/000141036826040180/0001410368-26-040180-index.html,2026q2_ncen.zip,0001410368-26-040180,S000012329,SPDR(R) S&P(R) Software & Services ETF,Y,Y,series_id,0.7936507936507936,,False
XT,iShares Future Exponential Technologies ETF,not_determined,management_style_evidence_1.1,S000048311,index_passive_identified,high,sec_ncen_c3,SEC N-CEN C.3 identifies the series as an index fund,https://www.sec.gov/Archives/edgar/data/1100663/000141036825014340/0001410368-25-014340-index.html,2025q4_ncen.zip,0001410368-25-014340,S000048311,iShares Exponential Technologies ETF,Y,Y,series_id,0.9,,True
XTAP,Innovator U.S. Equity Accelerated Plus ETF - April,not_determined,management_style_evidence_1.1,,systematic_or_rules_based,medium,sec_ncen_c3,SEC N-CEN C.3 does not identify the series as an index fund; classification refined by transparent product-name evidence (strategy_name_identifies_rules_or_overlay),https://www.sec.gov/Archives/edgar/data/1415726/000089418926000385/0000894189-26-000385-index.html,2026q1_ncen.zip,0000894189-26-000385,S000070749,Innovator U.S. Equity Accelerated Plus ETF - April,Y,,ticker,1.0,,True
XTJA,Innovator U.S. Equity Accelerated Plus ETF - January,not_determined,management_style_evidence_1.1,,systematic_or_rules_based,medium,sec_ncen_c3,SEC N-CEN C.3 does not identify the series as an index fund; classification refined by transparent product-name evidence (strategy_name_identifies_rules_or_overlay),https://www.sec.gov/Archives/edgar/data/1415726/000089418926000385/0000894189-26-000385-index.html,2026q1_ncen.zip,0000894189-26-000385,S000074846,Innovator U.S. Equity Accelerated Plus ETF - January,Y,,ticker,1.0,,True
XTJL,Innovator U.S. Equity Accelerated Plus ETF - July,not_determined,management_style_evidence_1.1,,systematic_or_rules_based,medium,sec_ncen_c3,SEC N-CEN C.3 does not identify the series as an index fund; classification refined by transparent product-name evidence (strategy_name_identifies_rules_or_overlay),https://www.sec.gov/Archives/edgar/data/1415726/000089418926000385/0000894189-26-000385-index.html,2026q1_ncen.zip,0000894189-26-000385,S000072376,Innovator U.S. Equity Accelerated Plus ETF - July,Y,,ticker,1.0,,True
XTL,State Street SPDR S&P Telecom ETF,index_passive_identified,management_style_evidence_1.1,S000012323,index_passive_identified,high,sec_ncen_c3,SEC N-CEN C.3 identifies the series as an index fund,https://www.sec.gov/Archives/edgar/data/1064642/000141036826040180/0001410368-26-040180-index.html,2026q2_ncen.zip,0001410368-26-040180,S000012323,SPDR(R) S&P(R) Telecom ETF,Y,Y,series_id,0.7111111111111111,,False
XTN,State Street SPDR S&P Transportation ETF,index_passive_identified,management_style_evidence_1.1,S000012324,index_passive_identified,high,sec_ncen_c3,SEC N-CEN C.3 identifies the series as an index fund,https://www.sec.gov/Archives/edgar/data/1064642/000141036826040180/0001410368-26-040180-index.html,2026q2_ncen.zip,0001410368-26-040180,S000012324,SPDR(R) S&P(R) Transportation ETF,Y,Y,series_id,0.7796610169491526,,False
XTOC,Innovator U.S. Equity Accelerated Plus ETF - October,not_determined,management_style_evidence_1.1,,systematic_or_rules_based,medium,sec_ncen_c3,SEC N-CEN C.3 does not identify the series as an index fund; classification refined by transparent product-name evidence (strategy_name_identifies_rules_or_overlay),https://www.sec.gov/Archives/edgar/data/1415726/000089418926000385/0000894189-26-000385-index.html,2026q1_ncen.zip,0000894189-26-000385,S000073671,Innovator U.S. Equity Accelerated Plus ETF - October,Y,,ticker,1.0,,True
XVV,iShares ESG Select Screened S&P 500 ETF,systematic_or_rules_based,management_style_evidence_1.1,S000069532,index_passive_identified,high,sec_ncen_c3,SEC N-CEN C.3 identifies the series as an index fund,https://www.sec.gov/Archives/edgar/data/1100663/000100472626004646/0001004726-26-004646-index.html,2026q2_ncen.zip,0001004726-26-004646,S000069532,iShares ESG Select Screened S&P 500 ETF,Y,Y,series_id,1.0,,True
XYLD,Global X S&P 500 Covered Call ETF,index_passive_identified,management_style_evidence_1.1,,index_passive_identified,high,sec_ncen_c3,SEC N-CEN C.3 identifies the series as an index fund,https://www.sec.gov/Archives/edgar/data/1432353/000204825126001907/0002048251-26-001907-index.html,2026q1_ncen.zip,0002048251-26-001907,S000063353,Global X S&P 500 Covered Call ETF,Y,Y,ticker,1.0,,False
XYLG,Global X S&P 500 Covered Call & Growth ETF,systematic_or_rules_based,management_style_evidence_1.1,S000069248,index_passive_identified,high,sec_ncen_c3,SEC N-CEN C.3 identifies the series as an index fund,https://www.sec.gov/Archives/edgar/data/1432353/000204825126001907/0002048251-26-001907-index.html,2026q1_ncen.zip,0002048251-26-001907,S000069248,Global X S&P 500 Covered Call & Growth ETF,Y,Y,series_id,1.0,,True
YLD,Principal Active High Yield ETF,active_identified,management_style_evidence_1.1,S000049047,active_identified,medium,sec_ncen_c3,SEC N-CEN C.3 does not identify the series as an index fund; classification refined by transparent product-name evidence (strategy_name_identifies_active_management),https://www.sec.gov/Archives/edgar/data/1572661/000175272425214090/0001752724-25-214090-index.html,2025q3_ncen.zip,0001752724-25-214090,S000049047,Principal Active High Yield ETF,Y,,series_id,1.0,,False
YLDE,Franklin ClearBridge Enhanced Income ETF,not_determined,management_style_evidence_1.1,S000057702,non_index_management_identified,high,sec_ncen_c3,SEC N-CEN C.3 does not identify the series as an index fund; the filing alone does not distinguish discretionary from rules-based management,https://www.sec.gov/Archives/edgar/data/1645194/000094040026023423/0000940400-26-023423-index.html,2026q2_ncen.zip,0000940400-26-023423,S000057702,Franklin ClearBridge Enhanced Income ETF,Y,,series_id,1.0,,True
YMLP,VanEck Vectors High Income MLP ETF,not_determined,management_style_evidence_1.1,S000051241,index_passive_identified,high,sec_ncen_c3,SEC N-CEN C.3 identifies the series as an index fund,https://www.sec.gov/Archives/edgar/data/1137360/000141036825033784/0001410368-25-033784-index.html,2025q4_ncen.zip,0001410368-25-033784,S000051241,VanEck Energy Income ETF,Y,Y,series_id,0.72,,True
YOLO,AdvisorShares Pure Cannabis ETF,active_identified,management_style_evidence_1.1,S000065228,active_identified,high,primary_source_override,Issuer includes YOLO in its official actively managed ETF lineup,https://insights.advisorshares.com/etf-fact-sheets,,,,,,,manual_ticker_override,,,False
YYY,Amplify CEF High Income ETF,not_determined,management_style_evidence_1.1,S000065408,index_passive_identified,high,sec_ncen_c3,SEC N-CEN C.3 identifies the series as an index fund,https://www.sec.gov/Archives/edgar/data/1633061/000114554924078539/0001145549-24-078539-index.html,2024q4_ncen.zip,0001145549-24-078539,S000065408,Amplify High Income ETF,Y,Y,series_id,0.9302325581395349,,True
ZECP,Zacks Earnings Consistent Portfolio ETF,not_determined,management_style_evidence_1.1,S000066608,non_index_management_identified,high,sec_ncen_c3,SEC N-CEN C.3 does not identify the series as an index fund; the filing alone does not distinguish discretionary from rules-based management,https://www.sec.gov/Archives/edgar/data/1760588/000091047226001330/0000910472-26-001330-index.html,2026q1_ncen.zip,0000910472-26-001330,S000066608,Zacks Earnings Consistent Portfolio ETF,Y,,series_id,1.0,,True
ZHDG,ZEGA Buy and Hedge ETF,not_determined,management_style_evidence_1.1,S000072366,non_index_management_identified,high,sec_ncen_c3,SEC N-CEN C.3 does not identify the series as an index fund; the filing alone does not distinguish discretionary from rules-based management,https://www.sec.gov/Archives/edgar/data/1742912/000114554925045753/0001145549-25-045753-index.html,2025q3_ncen.zip,0001145549-25-045753,S000072366,ZEGA Buy and Hedge ETF,Y,,series_id,1.0,,True
ZIG,The Acquirers Fund,not_determined,management_style_evidence_1.1,S000065204,non_index_management_identified,high,sec_ncen_c3,SEC N-CEN C.3 does not identify the series as an index fund; the filing alone does not distinguish discretionary from rules-based management,https://www.sec.gov/Archives/edgar/data/1540305/000114554925046410/0001145549-25-046410-index.html,2025q3_ncen.zip,0001145549-25-046410,S000065204,The Acquirers Fund,Y,,series_id,1.0,,True
ZROZ,PIMCO 25  Year Zero Coupon U.S. Treasury Index Exchange-Traded Fund,index_passive_identified,management_style_evidence_1.1,S000026750,index_passive_identified,high,sec_ncen_c3,SEC N-CEN C.3 identifies the series as an index fund,https://www.sec.gov/Archives/edgar/data/1450011/000145001125000520/0001450011-25-000520-index.html,2025q3_ncen.zip,0001450011-25-000520,S000026750,PIMCO 25+ Year Zero Coupon U.S. Treasury Index Exchange-Traded Fund,Y,Y,series_id,1.0,,False
